{
"type": "FeatureCollection",
"name": "graticule_bonne_5x5km",
"features": [
{ "type": "Feature", "properties": { "id": 1, "left": -120000.0, "top": 235000.0, "right": -115000.0, "bottom": 240000.0, "row_index": 0, "col_index": 0 }, "geometry": { "type": "Point", "coordinates": [ 3.0707819, 53.5981811 ] } },
{ "type": "Feature", "properties": { "id": 2, "left": -120000.0, "top": 230000.0, "right": -115000.0, "bottom": 235000.0, "row_index": 1, "col_index": 0 }, "geometry": { "type": "Point", "coordinates": [ 3.0727009, 53.5532681 ] } },
{ "type": "Feature", "properties": { "id": 3, "left": -120000.0, "top": 225000.0, "right": -115000.0, "bottom": 230000.0, "row_index": 2, "col_index": 0 }, "geometry": { "type": "Point", "coordinates": [ 3.0746147, 53.5083547 ] } },
{ "type": "Feature", "properties": { "id": 4, "left": -120000.0, "top": 220000.0, "right": -115000.0, "bottom": 225000.0, "row_index": 3, "col_index": 0 }, "geometry": { "type": "Point", "coordinates": [ 3.0765233, 53.4634409 ] } },
{ "type": "Feature", "properties": { "id": 5, "left": -120000.0, "top": 215000.0, "right": -115000.0, "bottom": 220000.0, "row_index": 4, "col_index": 0 }, "geometry": { "type": "Point", "coordinates": [ 3.0784268, 53.4185267 ] } },
{ "type": "Feature", "properties": { "id": 6, "left": -120000.0, "top": 210000.0, "right": -115000.0, "bottom": 215000.0, "row_index": 5, "col_index": 0 }, "geometry": { "type": "Point", "coordinates": [ 3.0803252, 53.3736122 ] } },
{ "type": "Feature", "properties": { "id": 7, "left": -120000.0, "top": 205000.0, "right": -115000.0, "bottom": 210000.0, "row_index": 6, "col_index": 0 }, "geometry": { "type": "Point", "coordinates": [ 3.0822185, 53.3286973 ] } },
{ "type": "Feature", "properties": { "id": 8, "left": -120000.0, "top": 200000.0, "right": -115000.0, "bottom": 205000.0, "row_index": 7, "col_index": 0 }, "geometry": { "type": "Point", "coordinates": [ 3.0841068, 53.283782 ] } },
{ "type": "Feature", "properties": { "id": 9, "left": -120000.0, "top": 195000.0, "right": -115000.0, "bottom": 200000.0, "row_index": 8, "col_index": 0 }, "geometry": { "type": "Point", "coordinates": [ 3.0859899, 53.2388664 ] } },
{ "type": "Feature", "properties": { "id": 10, "left": -120000.0, "top": 190000.0, "right": -115000.0, "bottom": 195000.0, "row_index": 9, "col_index": 0 }, "geometry": { "type": "Point", "coordinates": [ 3.0878681, 53.1939504 ] } },
{ "type": "Feature", "properties": { "id": 11, "left": -120000.0, "top": 185000.0, "right": -115000.0, "bottom": 190000.0, "row_index": 10, "col_index": 0 }, "geometry": { "type": "Point", "coordinates": [ 3.0897412, 53.149034 ] } },
{ "type": "Feature", "properties": { "id": 12, "left": -120000.0, "top": 180000.0, "right": -115000.0, "bottom": 185000.0, "row_index": 11, "col_index": 0 }, "geometry": { "type": "Point", "coordinates": [ 3.0916093, 53.1041173 ] } },
{ "type": "Feature", "properties": { "id": 13, "left": -120000.0, "top": 175000.0, "right": -115000.0, "bottom": 180000.0, "row_index": 12, "col_index": 0 }, "geometry": { "type": "Point", "coordinates": [ 3.0934724, 53.0592002 ] } },
{ "type": "Feature", "properties": { "id": 14, "left": -120000.0, "top": 170000.0, "right": -115000.0, "bottom": 175000.0, "row_index": 13, "col_index": 0 }, "geometry": { "type": "Point", "coordinates": [ 3.0953306, 53.0142827 ] } },
{ "type": "Feature", "properties": { "id": 15, "left": -120000.0, "top": 165000.0, "right": -115000.0, "bottom": 170000.0, "row_index": 14, "col_index": 0 }, "geometry": { "type": "Point", "coordinates": [ 3.0971838, 52.9693649 ] } },
{ "type": "Feature", "properties": { "id": 16, "left": -120000.0, "top": 160000.0, "right": -115000.0, "bottom": 165000.0, "row_index": 15, "col_index": 0 }, "geometry": { "type": "Point", "coordinates": [ 3.099032, 52.9244467 ] } },
{ "type": "Feature", "properties": { "id": 17, "left": -120000.0, "top": 155000.0, "right": -115000.0, "bottom": 160000.0, "row_index": 16, "col_index": 0 }, "geometry": { "type": "Point", "coordinates": [ 3.1008754, 52.8795281 ] } },
{ "type": "Feature", "properties": { "id": 18, "left": -120000.0, "top": 150000.0, "right": -115000.0, "bottom": 155000.0, "row_index": 17, "col_index": 0 }, "geometry": { "type": "Point", "coordinates": [ 3.1027138, 52.8346092 ] } },
{ "type": "Feature", "properties": { "id": 19, "left": -120000.0, "top": 145000.0, "right": -115000.0, "bottom": 150000.0, "row_index": 18, "col_index": 0 }, "geometry": { "type": "Point", "coordinates": [ 3.1045474, 52.7896898 ] } },
{ "type": "Feature", "properties": { "id": 20, "left": -120000.0, "top": 140000.0, "right": -115000.0, "bottom": 145000.0, "row_index": 19, "col_index": 0 }, "geometry": { "type": "Point", "coordinates": [ 3.1063761, 52.7447702 ] } },
{ "type": "Feature", "properties": { "id": 21, "left": -120000.0, "top": 135000.0, "right": -115000.0, "bottom": 140000.0, "row_index": 20, "col_index": 0 }, "geometry": { "type": "Point", "coordinates": [ 3.1082, 52.6998501 ] } },
{ "type": "Feature", "properties": { "id": 22, "left": -120000.0, "top": 130000.0, "right": -115000.0, "bottom": 135000.0, "row_index": 21, "col_index": 0 }, "geometry": { "type": "Point", "coordinates": [ 3.110019, 52.6549297 ] } },
{ "type": "Feature", "properties": { "id": 23, "left": -120000.0, "top": 125000.0, "right": -115000.0, "bottom": 130000.0, "row_index": 22, "col_index": 0 }, "geometry": { "type": "Point", "coordinates": [ 3.1118333, 52.6100089 ] } },
{ "type": "Feature", "properties": { "id": 24, "left": -120000.0, "top": 120000.0, "right": -115000.0, "bottom": 125000.0, "row_index": 23, "col_index": 0 }, "geometry": { "type": "Point", "coordinates": [ 3.1136427, 52.5650878 ] } },
{ "type": "Feature", "properties": { "id": 25, "left": -120000.0, "top": 115000.0, "right": -115000.0, "bottom": 120000.0, "row_index": 24, "col_index": 0 }, "geometry": { "type": "Point", "coordinates": [ 3.1154474, 52.5201662 ] } },
{ "type": "Feature", "properties": { "id": 26, "left": -120000.0, "top": 110000.0, "right": -115000.0, "bottom": 115000.0, "row_index": 25, "col_index": 0 }, "geometry": { "type": "Point", "coordinates": [ 3.1172472, 52.4752444 ] } },
{ "type": "Feature", "properties": { "id": 27, "left": -120000.0, "top": 105000.0, "right": -115000.0, "bottom": 110000.0, "row_index": 26, "col_index": 0 }, "geometry": { "type": "Point", "coordinates": [ 3.1190424, 52.4303221 ] } },
{ "type": "Feature", "properties": { "id": 28, "left": -120000.0, "top": 100000.0, "right": -115000.0, "bottom": 105000.0, "row_index": 27, "col_index": 0 }, "geometry": { "type": "Point", "coordinates": [ 3.1208328, 52.3853995 ] } },
{ "type": "Feature", "properties": { "id": 29, "left": -120000.0, "top": 95000.0, "right": -115000.0, "bottom": 100000.0, "row_index": 28, "col_index": 0 }, "geometry": { "type": "Point", "coordinates": [ 3.1226185, 52.3404765 ] } },
{ "type": "Feature", "properties": { "id": 30, "left": -120000.0, "top": 90000.0, "right": -115000.0, "bottom": 95000.0, "row_index": 29, "col_index": 0 }, "geometry": { "type": "Point", "coordinates": [ 3.1243996, 52.2955531 ] } },
{ "type": "Feature", "properties": { "id": 31, "left": -120000.0, "top": 85000.0, "right": -115000.0, "bottom": 90000.0, "row_index": 30, "col_index": 0 }, "geometry": { "type": "Point", "coordinates": [ 3.1261759, 52.2506294 ] } },
{ "type": "Feature", "properties": { "id": 32, "left": -120000.0, "top": 80000.0, "right": -115000.0, "bottom": 85000.0, "row_index": 31, "col_index": 0 }, "geometry": { "type": "Point", "coordinates": [ 3.1279476, 52.2057053 ] } },
{ "type": "Feature", "properties": { "id": 33, "left": -120000.0, "top": 75000.0, "right": -115000.0, "bottom": 80000.0, "row_index": 32, "col_index": 0 }, "geometry": { "type": "Point", "coordinates": [ 3.1297146, 52.1607808 ] } },
{ "type": "Feature", "properties": { "id": 34, "left": -120000.0, "top": 70000.0, "right": -115000.0, "bottom": 75000.0, "row_index": 33, "col_index": 0 }, "geometry": { "type": "Point", "coordinates": [ 3.131477, 52.115856 ] } },
{ "type": "Feature", "properties": { "id": 35, "left": -120000.0, "top": 65000.0, "right": -115000.0, "bottom": 70000.0, "row_index": 34, "col_index": 0 }, "geometry": { "type": "Point", "coordinates": [ 3.1332348, 52.0709308 ] } },
{ "type": "Feature", "properties": { "id": 36, "left": -120000.0, "top": 60000.0, "right": -115000.0, "bottom": 65000.0, "row_index": 35, "col_index": 0 }, "geometry": { "type": "Point", "coordinates": [ 3.134988, 52.0260052 ] } },
{ "type": "Feature", "properties": { "id": 37, "left": -120000.0, "top": 55000.0, "right": -115000.0, "bottom": 60000.0, "row_index": 36, "col_index": 0 }, "geometry": { "type": "Point", "coordinates": [ 3.1367366, 51.9810792 ] } },
{ "type": "Feature", "properties": { "id": 38, "left": -120000.0, "top": 50000.0, "right": -115000.0, "bottom": 55000.0, "row_index": 37, "col_index": 0 }, "geometry": { "type": "Point", "coordinates": [ 3.1384807, 51.9361529 ] } },
{ "type": "Feature", "properties": { "id": 39, "left": -120000.0, "top": 45000.0, "right": -115000.0, "bottom": 50000.0, "row_index": 38, "col_index": 0 }, "geometry": { "type": "Point", "coordinates": [ 3.1402202, 51.8912262 ] } },
{ "type": "Feature", "properties": { "id": 40, "left": -120000.0, "top": 40000.0, "right": -115000.0, "bottom": 45000.0, "row_index": 39, "col_index": 0 }, "geometry": { "type": "Point", "coordinates": [ 3.1419551, 51.8462992 ] } },
{ "type": "Feature", "properties": { "id": 41, "left": -120000.0, "top": 35000.0, "right": -115000.0, "bottom": 40000.0, "row_index": 40, "col_index": 0 }, "geometry": { "type": "Point", "coordinates": [ 3.1436856, 51.8013717 ] } },
{ "type": "Feature", "properties": { "id": 42, "left": -120000.0, "top": 30000.0, "right": -115000.0, "bottom": 35000.0, "row_index": 41, "col_index": 0 }, "geometry": { "type": "Point", "coordinates": [ 3.1454115, 51.7564439 ] } },
{ "type": "Feature", "properties": { "id": 43, "left": -120000.0, "top": 25000.0, "right": -115000.0, "bottom": 30000.0, "row_index": 42, "col_index": 0 }, "geometry": { "type": "Point", "coordinates": [ 3.147133, 51.7115158 ] } },
{ "type": "Feature", "properties": { "id": 44, "left": -120000.0, "top": 20000.0, "right": -115000.0, "bottom": 25000.0, "row_index": 43, "col_index": 0 }, "geometry": { "type": "Point", "coordinates": [ 3.1488499, 51.6665872 ] } },
{ "type": "Feature", "properties": { "id": 45, "left": -120000.0, "top": 15000.0, "right": -115000.0, "bottom": 20000.0, "row_index": 44, "col_index": 0 }, "geometry": { "type": "Point", "coordinates": [ 3.1505625, 51.6216583 ] } },
{ "type": "Feature", "properties": { "id": 46, "left": -120000.0, "top": 10000.0, "right": -115000.0, "bottom": 15000.0, "row_index": 45, "col_index": 0 }, "geometry": { "type": "Point", "coordinates": [ 3.1522706, 51.576729 ] } },
{ "type": "Feature", "properties": { "id": 47, "left": -120000.0, "top": 5000.0, "right": -115000.0, "bottom": 10000.0, "row_index": 46, "col_index": 0 }, "geometry": { "type": "Point", "coordinates": [ 3.1539742, 51.5317994 ] } },
{ "type": "Feature", "properties": { "id": 48, "left": -120000.0, "top": 0.0, "right": -115000.0, "bottom": 5000.0, "row_index": 47, "col_index": 0 }, "geometry": { "type": "Point", "coordinates": [ 3.1556735, 51.4868694 ] } },
{ "type": "Feature", "properties": { "id": 49, "left": -120000.0, "top": -5000.0, "right": -115000.0, "bottom": 0.0, "row_index": 48, "col_index": 0 }, "geometry": { "type": "Point", "coordinates": [ 3.1573683, 51.441939 ] } },
{ "type": "Feature", "properties": { "id": 50, "left": -120000.0, "top": -10000.0, "right": -115000.0, "bottom": -5000.0, "row_index": 49, "col_index": 0 }, "geometry": { "type": "Point", "coordinates": [ 3.1590588, 51.3970082 ] } },
{ "type": "Feature", "properties": { "id": 51, "left": -120000.0, "top": -15000.0, "right": -115000.0, "bottom": -10000.0, "row_index": 50, "col_index": 0 }, "geometry": { "type": "Point", "coordinates": [ 3.1607449, 51.3520771 ] } },
{ "type": "Feature", "properties": { "id": 52, "left": -120000.0, "top": -20000.0, "right": -115000.0, "bottom": -15000.0, "row_index": 51, "col_index": 0 }, "geometry": { "type": "Point", "coordinates": [ 3.1624267, 51.3071456 ] } },
{ "type": "Feature", "properties": { "id": 53, "left": -120000.0, "top": -25000.0, "right": -115000.0, "bottom": -20000.0, "row_index": 52, "col_index": 0 }, "geometry": { "type": "Point", "coordinates": [ 3.1641041, 51.2622137 ] } },
{ "type": "Feature", "properties": { "id": 54, "left": -120000.0, "top": -30000.0, "right": -115000.0, "bottom": -25000.0, "row_index": 53, "col_index": 0 }, "geometry": { "type": "Point", "coordinates": [ 3.1657772, 51.2172815 ] } },
{ "type": "Feature", "properties": { "id": 55, "left": -120000.0, "top": -35000.0, "right": -115000.0, "bottom": -30000.0, "row_index": 54, "col_index": 0 }, "geometry": { "type": "Point", "coordinates": [ 3.167446, 51.1723489 ] } },
{ "type": "Feature", "properties": { "id": 56, "left": -120000.0, "top": -40000.0, "right": -115000.0, "bottom": -35000.0, "row_index": 55, "col_index": 0 }, "geometry": { "type": "Point", "coordinates": [ 3.1691105, 51.1274159 ] } },
{ "type": "Feature", "properties": { "id": 57, "left": -120000.0, "top": -45000.0, "right": -115000.0, "bottom": -40000.0, "row_index": 56, "col_index": 0 }, "geometry": { "type": "Point", "coordinates": [ 3.1707707, 51.0824825 ] } },
{ "type": "Feature", "properties": { "id": 58, "left": -120000.0, "top": -50000.0, "right": -115000.0, "bottom": -45000.0, "row_index": 57, "col_index": 0 }, "geometry": { "type": "Point", "coordinates": [ 3.1724267, 51.0375488 ] } },
{ "type": "Feature", "properties": { "id": 59, "left": -120000.0, "top": -55000.0, "right": -115000.0, "bottom": -50000.0, "row_index": 58, "col_index": 0 }, "geometry": { "type": "Point", "coordinates": [ 3.1740784, 50.9926147 ] } },
{ "type": "Feature", "properties": { "id": 60, "left": -120000.0, "top": -60000.0, "right": -115000.0, "bottom": -55000.0, "row_index": 59, "col_index": 0 }, "geometry": { "type": "Point", "coordinates": [ 3.1757259, 50.9476803 ] } },
{ "type": "Feature", "properties": { "id": 61, "left": -120000.0, "top": -65000.0, "right": -115000.0, "bottom": -60000.0, "row_index": 60, "col_index": 0 }, "geometry": { "type": "Point", "coordinates": [ 3.1773691, 50.9027454 ] } },
{ "type": "Feature", "properties": { "id": 62, "left": -120000.0, "top": -70000.0, "right": -115000.0, "bottom": -65000.0, "row_index": 61, "col_index": 0 }, "geometry": { "type": "Point", "coordinates": [ 3.1790082, 50.8578102 ] } },
{ "type": "Feature", "properties": { "id": 63, "left": -120000.0, "top": -75000.0, "right": -115000.0, "bottom": -70000.0, "row_index": 62, "col_index": 0 }, "geometry": { "type": "Point", "coordinates": [ 3.180643, 50.8128746 ] } },
{ "type": "Feature", "properties": { "id": 64, "left": -120000.0, "top": -80000.0, "right": -115000.0, "bottom": -75000.0, "row_index": 63, "col_index": 0 }, "geometry": { "type": "Point", "coordinates": [ 3.1822737, 50.7679387 ] } },
{ "type": "Feature", "properties": { "id": 65, "left": -120000.0, "top": -85000.0, "right": -115000.0, "bottom": -80000.0, "row_index": 64, "col_index": 0 }, "geometry": { "type": "Point", "coordinates": [ 3.1839002, 50.7230024 ] } },
{ "type": "Feature", "properties": { "id": 66, "left": -115000.0, "top": 235000.0, "right": -110000.0, "bottom": 240000.0, "row_index": 0, "col_index": 1 }, "geometry": { "type": "Point", "coordinates": [ 3.146285, 53.5992686 ] } },
{ "type": "Feature", "properties": { "id": 67, "left": -115000.0, "top": 230000.0, "right": -110000.0, "bottom": 235000.0, "row_index": 1, "col_index": 1 }, "geometry": { "type": "Point", "coordinates": [ 3.1481241, 53.5543544 ] } },
{ "type": "Feature", "properties": { "id": 68, "left": -115000.0, "top": 225000.0, "right": -110000.0, "bottom": 230000.0, "row_index": 2, "col_index": 1 }, "geometry": { "type": "Point", "coordinates": [ 3.1499582, 53.5094399 ] } },
{ "type": "Feature", "properties": { "id": 69, "left": -115000.0, "top": 220000.0, "right": -110000.0, "bottom": 225000.0, "row_index": 3, "col_index": 1 }, "geometry": { "type": "Point", "coordinates": [ 3.1517874, 53.464525 ] } },
{ "type": "Feature", "properties": { "id": 70, "left": -115000.0, "top": 215000.0, "right": -110000.0, "bottom": 220000.0, "row_index": 4, "col_index": 1 }, "geometry": { "type": "Point", "coordinates": [ 3.1536116, 53.4196097 ] } },
{ "type": "Feature", "properties": { "id": 71, "left": -115000.0, "top": 210000.0, "right": -110000.0, "bottom": 215000.0, "row_index": 5, "col_index": 1 }, "geometry": { "type": "Point", "coordinates": [ 3.155431, 53.3746941 ] } },
{ "type": "Feature", "properties": { "id": 72, "left": -115000.0, "top": 205000.0, "right": -110000.0, "bottom": 210000.0, "row_index": 6, "col_index": 1 }, "geometry": { "type": "Point", "coordinates": [ 3.1572455, 53.3297781 ] } },
{ "type": "Feature", "properties": { "id": 73, "left": -115000.0, "top": 200000.0, "right": -110000.0, "bottom": 205000.0, "row_index": 7, "col_index": 1 }, "geometry": { "type": "Point", "coordinates": [ 3.1590551, 53.2848617 ] } },
{ "type": "Feature", "properties": { "id": 74, "left": -115000.0, "top": 195000.0, "right": -110000.0, "bottom": 200000.0, "row_index": 8, "col_index": 1 }, "geometry": { "type": "Point", "coordinates": [ 3.1608598, 53.239945 ] } },
{ "type": "Feature", "properties": { "id": 75, "left": -115000.0, "top": 190000.0, "right": -110000.0, "bottom": 195000.0, "row_index": 9, "col_index": 1 }, "geometry": { "type": "Point", "coordinates": [ 3.1626597, 53.1950279 ] } },
{ "type": "Feature", "properties": { "id": 76, "left": -115000.0, "top": 185000.0, "right": -110000.0, "bottom": 190000.0, "row_index": 10, "col_index": 1 }, "geometry": { "type": "Point", "coordinates": [ 3.1644549, 53.1501105 ] } },
{ "type": "Feature", "properties": { "id": 77, "left": -115000.0, "top": 180000.0, "right": -110000.0, "bottom": 185000.0, "row_index": 11, "col_index": 1 }, "geometry": { "type": "Point", "coordinates": [ 3.1662452, 53.1051927 ] } },
{ "type": "Feature", "properties": { "id": 78, "left": -115000.0, "top": 175000.0, "right": -110000.0, "bottom": 180000.0, "row_index": 12, "col_index": 1 }, "geometry": { "type": "Point", "coordinates": [ 3.1680307, 53.0602745 ] } },
{ "type": "Feature", "properties": { "id": 79, "left": -115000.0, "top": 170000.0, "right": -110000.0, "bottom": 175000.0, "row_index": 13, "col_index": 1 }, "geometry": { "type": "Point", "coordinates": [ 3.1698115, 53.0153559 ] } },
{ "type": "Feature", "properties": { "id": 80, "left": -115000.0, "top": 165000.0, "right": -110000.0, "bottom": 170000.0, "row_index": 14, "col_index": 1 }, "geometry": { "type": "Point", "coordinates": [ 3.1715875, 52.970437 ] } },
{ "type": "Feature", "properties": { "id": 81, "left": -115000.0, "top": 160000.0, "right": -110000.0, "bottom": 165000.0, "row_index": 15, "col_index": 1 }, "geometry": { "type": "Point", "coordinates": [ 3.1733588, 52.9255177 ] } },
{ "type": "Feature", "properties": { "id": 82, "left": -115000.0, "top": 155000.0, "right": -110000.0, "bottom": 160000.0, "row_index": 16, "col_index": 1 }, "geometry": { "type": "Point", "coordinates": [ 3.1751254, 52.8805981 ] } },
{ "type": "Feature", "properties": { "id": 83, "left": -115000.0, "top": 150000.0, "right": -110000.0, "bottom": 155000.0, "row_index": 17, "col_index": 1 }, "geometry": { "type": "Point", "coordinates": [ 3.1768873, 52.835678 ] } },
{ "type": "Feature", "properties": { "id": 84, "left": -115000.0, "top": 145000.0, "right": -110000.0, "bottom": 150000.0, "row_index": 18, "col_index": 1 }, "geometry": { "type": "Point", "coordinates": [ 3.1786446, 52.7907577 ] } },
{ "type": "Feature", "properties": { "id": 85, "left": -115000.0, "top": 140000.0, "right": -110000.0, "bottom": 145000.0, "row_index": 19, "col_index": 1 }, "geometry": { "type": "Point", "coordinates": [ 3.1803971, 52.7458369 ] } },
{ "type": "Feature", "properties": { "id": 86, "left": -115000.0, "top": 135000.0, "right": -110000.0, "bottom": 140000.0, "row_index": 20, "col_index": 1 }, "geometry": { "type": "Point", "coordinates": [ 3.1821451, 52.7009158 ] } },
{ "type": "Feature", "properties": { "id": 87, "left": -115000.0, "top": 130000.0, "right": -110000.0, "bottom": 135000.0, "row_index": 21, "col_index": 1 }, "geometry": { "type": "Point", "coordinates": [ 3.1838883, 52.6559943 ] } },
{ "type": "Feature", "properties": { "id": 88, "left": -115000.0, "top": 125000.0, "right": -110000.0, "bottom": 130000.0, "row_index": 22, "col_index": 1 }, "geometry": { "type": "Point", "coordinates": [ 3.185627, 52.6110725 ] } },
{ "type": "Feature", "properties": { "id": 89, "left": -115000.0, "top": 120000.0, "right": -110000.0, "bottom": 125000.0, "row_index": 23, "col_index": 1 }, "geometry": { "type": "Point", "coordinates": [ 3.1873611, 52.5661502 ] } },
{ "type": "Feature", "properties": { "id": 90, "left": -115000.0, "top": 115000.0, "right": -110000.0, "bottom": 120000.0, "row_index": 24, "col_index": 1 }, "geometry": { "type": "Point", "coordinates": [ 3.1890906, 52.5212277 ] } },
{ "type": "Feature", "properties": { "id": 91, "left": -115000.0, "top": 110000.0, "right": -110000.0, "bottom": 115000.0, "row_index": 25, "col_index": 1 }, "geometry": { "type": "Point", "coordinates": [ 3.1908156, 52.4763047 ] } },
{ "type": "Feature", "properties": { "id": 92, "left": -115000.0, "top": 105000.0, "right": -110000.0, "bottom": 110000.0, "row_index": 26, "col_index": 1 }, "geometry": { "type": "Point", "coordinates": [ 3.192536, 52.4313814 ] } },
{ "type": "Feature", "properties": { "id": 93, "left": -115000.0, "top": 100000.0, "right": -110000.0, "bottom": 105000.0, "row_index": 27, "col_index": 1 }, "geometry": { "type": "Point", "coordinates": [ 3.1942518, 52.3864577 ] } },
{ "type": "Feature", "properties": { "id": 94, "left": -115000.0, "top": 95000.0, "right": -110000.0, "bottom": 100000.0, "row_index": 28, "col_index": 1 }, "geometry": { "type": "Point", "coordinates": [ 3.1959632, 52.3415337 ] } },
{ "type": "Feature", "properties": { "id": 95, "left": -115000.0, "top": 90000.0, "right": -110000.0, "bottom": 95000.0, "row_index": 29, "col_index": 1 }, "geometry": { "type": "Point", "coordinates": [ 3.19767, 52.2966093 ] } },
{ "type": "Feature", "properties": { "id": 96, "left": -115000.0, "top": 85000.0, "right": -110000.0, "bottom": 90000.0, "row_index": 30, "col_index": 1 }, "geometry": { "type": "Point", "coordinates": [ 3.1993724, 52.2516845 ] } },
{ "type": "Feature", "properties": { "id": 97, "left": -115000.0, "top": 80000.0, "right": -110000.0, "bottom": 85000.0, "row_index": 31, "col_index": 1 }, "geometry": { "type": "Point", "coordinates": [ 3.2010703, 52.2067593 ] } },
{ "type": "Feature", "properties": { "id": 98, "left": -115000.0, "top": 75000.0, "right": -110000.0, "bottom": 80000.0, "row_index": 32, "col_index": 1 }, "geometry": { "type": "Point", "coordinates": [ 3.2027638, 52.1618338 ] } },
{ "type": "Feature", "properties": { "id": 99, "left": -115000.0, "top": 70000.0, "right": -110000.0, "bottom": 75000.0, "row_index": 33, "col_index": 1 }, "geometry": { "type": "Point", "coordinates": [ 3.2044528, 52.1169079 ] } },
{ "type": "Feature", "properties": { "id": 100, "left": -115000.0, "top": 65000.0, "right": -110000.0, "bottom": 70000.0, "row_index": 34, "col_index": 1 }, "geometry": { "type": "Point", "coordinates": [ 3.2061374, 52.0719817 ] } },
{ "type": "Feature", "properties": { "id": 101, "left": -115000.0, "top": 60000.0, "right": -110000.0, "bottom": 65000.0, "row_index": 35, "col_index": 1 }, "geometry": { "type": "Point", "coordinates": [ 3.2078176, 52.0270551 ] } },
{ "type": "Feature", "properties": { "id": 102, "left": -115000.0, "top": 55000.0, "right": -110000.0, "bottom": 60000.0, "row_index": 36, "col_index": 1 }, "geometry": { "type": "Point", "coordinates": [ 3.2094933, 51.9821281 ] } },
{ "type": "Feature", "properties": { "id": 103, "left": -115000.0, "top": 50000.0, "right": -110000.0, "bottom": 55000.0, "row_index": 37, "col_index": 1 }, "geometry": { "type": "Point", "coordinates": [ 3.2111648, 51.9372007 ] } },
{ "type": "Feature", "properties": { "id": 104, "left": -115000.0, "top": 45000.0, "right": -110000.0, "bottom": 50000.0, "row_index": 38, "col_index": 1 }, "geometry": { "type": "Point", "coordinates": [ 3.2128318, 51.892273 ] } },
{ "type": "Feature", "properties": { "id": 105, "left": -115000.0, "top": 40000.0, "right": -110000.0, "bottom": 45000.0, "row_index": 39, "col_index": 1 }, "geometry": { "type": "Point", "coordinates": [ 3.2144945, 51.8473449 ] } },
{ "type": "Feature", "properties": { "id": 106, "left": -115000.0, "top": 35000.0, "right": -110000.0, "bottom": 40000.0, "row_index": 40, "col_index": 1 }, "geometry": { "type": "Point", "coordinates": [ 3.2161529, 51.8024165 ] } },
{ "type": "Feature", "properties": { "id": 107, "left": -115000.0, "top": 30000.0, "right": -110000.0, "bottom": 35000.0, "row_index": 41, "col_index": 1 }, "geometry": { "type": "Point", "coordinates": [ 3.217807, 51.7574876 ] } },
{ "type": "Feature", "properties": { "id": 108, "left": -115000.0, "top": 25000.0, "right": -110000.0, "bottom": 30000.0, "row_index": 42, "col_index": 1 }, "geometry": { "type": "Point", "coordinates": [ 3.2194568, 51.7125585 ] } },
{ "type": "Feature", "properties": { "id": 109, "left": -115000.0, "top": 20000.0, "right": -110000.0, "bottom": 25000.0, "row_index": 43, "col_index": 1 }, "geometry": { "type": "Point", "coordinates": [ 3.2211022, 51.6676289 ] } },
{ "type": "Feature", "properties": { "id": 110, "left": -115000.0, "top": 15000.0, "right": -110000.0, "bottom": 20000.0, "row_index": 44, "col_index": 1 }, "geometry": { "type": "Point", "coordinates": [ 3.2227435, 51.622699 ] } },
{ "type": "Feature", "properties": { "id": 111, "left": -115000.0, "top": 10000.0, "right": -110000.0, "bottom": 15000.0, "row_index": 45, "col_index": 1 }, "geometry": { "type": "Point", "coordinates": [ 3.2243804, 51.5777687 ] } },
{ "type": "Feature", "properties": { "id": 112, "left": -115000.0, "top": 5000.0, "right": -110000.0, "bottom": 10000.0, "row_index": 46, "col_index": 1 }, "geometry": { "type": "Point", "coordinates": [ 3.2260131, 51.532838 ] } },
{ "type": "Feature", "properties": { "id": 113, "left": -115000.0, "top": 0.0, "right": -110000.0, "bottom": 5000.0, "row_index": 47, "col_index": 1 }, "geometry": { "type": "Point", "coordinates": [ 3.2276416, 51.487907 ] } },
{ "type": "Feature", "properties": { "id": 114, "left": -115000.0, "top": -5000.0, "right": -110000.0, "bottom": 0.0, "row_index": 48, "col_index": 1 }, "geometry": { "type": "Point", "coordinates": [ 3.2292659, 51.4429756 ] } },
{ "type": "Feature", "properties": { "id": 115, "left": -115000.0, "top": -10000.0, "right": -110000.0, "bottom": -5000.0, "row_index": 49, "col_index": 1 }, "geometry": { "type": "Point", "coordinates": [ 3.230886, 51.3980438 ] } },
{ "type": "Feature", "properties": { "id": 116, "left": -115000.0, "top": -15000.0, "right": -110000.0, "bottom": -10000.0, "row_index": 50, "col_index": 1 }, "geometry": { "type": "Point", "coordinates": [ 3.2325019, 51.3531117 ] } },
{ "type": "Feature", "properties": { "id": 117, "left": -115000.0, "top": -20000.0, "right": -110000.0, "bottom": -15000.0, "row_index": 51, "col_index": 1 }, "geometry": { "type": "Point", "coordinates": [ 3.2341136, 51.3081792 ] } },
{ "type": "Feature", "properties": { "id": 118, "left": -115000.0, "top": -25000.0, "right": -110000.0, "bottom": -20000.0, "row_index": 52, "col_index": 1 }, "geometry": { "type": "Point", "coordinates": [ 3.2357211, 51.2632463 ] } },
{ "type": "Feature", "properties": { "id": 119, "left": -115000.0, "top": -30000.0, "right": -110000.0, "bottom": -25000.0, "row_index": 53, "col_index": 1 }, "geometry": { "type": "Point", "coordinates": [ 3.2373246, 51.2183131 ] } },
{ "type": "Feature", "properties": { "id": 120, "left": -115000.0, "top": -35000.0, "right": -110000.0, "bottom": -30000.0, "row_index": 54, "col_index": 1 }, "geometry": { "type": "Point", "coordinates": [ 3.2389239, 51.1733794 ] } },
{ "type": "Feature", "properties": { "id": 121, "left": -115000.0, "top": -40000.0, "right": -110000.0, "bottom": -35000.0, "row_index": 55, "col_index": 1 }, "geometry": { "type": "Point", "coordinates": [ 3.240519, 51.1284455 ] } },
{ "type": "Feature", "properties": { "id": 122, "left": -115000.0, "top": -45000.0, "right": -110000.0, "bottom": -40000.0, "row_index": 56, "col_index": 1 }, "geometry": { "type": "Point", "coordinates": [ 3.2421101, 51.0835111 ] } },
{ "type": "Feature", "properties": { "id": 123, "left": -115000.0, "top": -50000.0, "right": -110000.0, "bottom": -45000.0, "row_index": 57, "col_index": 1 }, "geometry": { "type": "Point", "coordinates": [ 3.2436971, 51.0385764 ] } },
{ "type": "Feature", "properties": { "id": 124, "left": -115000.0, "top": -55000.0, "right": -110000.0, "bottom": -50000.0, "row_index": 58, "col_index": 1 }, "geometry": { "type": "Point", "coordinates": [ 3.2452801, 50.9936413 ] } },
{ "type": "Feature", "properties": { "id": 125, "left": -115000.0, "top": -60000.0, "right": -110000.0, "bottom": -55000.0, "row_index": 59, "col_index": 1 }, "geometry": { "type": "Point", "coordinates": [ 3.2468589, 50.9487059 ] } },
{ "type": "Feature", "properties": { "id": 126, "left": -115000.0, "top": -65000.0, "right": -110000.0, "bottom": -60000.0, "row_index": 60, "col_index": 1 }, "geometry": { "type": "Point", "coordinates": [ 3.2484337, 50.90377 ] } },
{ "type": "Feature", "properties": { "id": 127, "left": -115000.0, "top": -70000.0, "right": -110000.0, "bottom": -65000.0, "row_index": 61, "col_index": 1 }, "geometry": { "type": "Point", "coordinates": [ 3.2500045, 50.8588338 ] } },
{ "type": "Feature", "properties": { "id": 128, "left": -115000.0, "top": -75000.0, "right": -110000.0, "bottom": -70000.0, "row_index": 62, "col_index": 1 }, "geometry": { "type": "Point", "coordinates": [ 3.2515713, 50.8138973 ] } },
{ "type": "Feature", "properties": { "id": 129, "left": -115000.0, "top": -80000.0, "right": -110000.0, "bottom": -75000.0, "row_index": 63, "col_index": 1 }, "geometry": { "type": "Point", "coordinates": [ 3.2531341, 50.7689604 ] } },
{ "type": "Feature", "properties": { "id": 130, "left": -115000.0, "top": -85000.0, "right": -110000.0, "bottom": -80000.0, "row_index": 64, "col_index": 1 }, "geometry": { "type": "Point", "coordinates": [ 3.2546929, 50.7240231 ] } },
{ "type": "Feature", "properties": { "id": 131, "left": -110000.0, "top": 235000.0, "right": -105000.0, "bottom": 240000.0, "row_index": 0, "col_index": 2 }, "geometry": { "type": "Point", "coordinates": [ 3.221792, 53.6003098 ] } },
{ "type": "Feature", "properties": { "id": 132, "left": -110000.0, "top": 230000.0, "right": -105000.0, "bottom": 235000.0, "row_index": 1, "col_index": 2 }, "geometry": { "type": "Point", "coordinates": [ 3.2235512, 53.5553946 ] } },
{ "type": "Feature", "properties": { "id": 133, "left": -110000.0, "top": 225000.0, "right": -105000.0, "bottom": 230000.0, "row_index": 2, "col_index": 2 }, "geometry": { "type": "Point", "coordinates": [ 3.2253056, 53.510479 ] } },
{ "type": "Feature", "properties": { "id": 134, "left": -110000.0, "top": 220000.0, "right": -105000.0, "bottom": 225000.0, "row_index": 3, "col_index": 2 }, "geometry": { "type": "Point", "coordinates": [ 3.2270552, 53.465563 ] } },
{ "type": "Feature", "properties": { "id": 135, "left": -110000.0, "top": 215000.0, "right": -105000.0, "bottom": 220000.0, "row_index": 4, "col_index": 2 }, "geometry": { "type": "Point", "coordinates": [ 3.2288002, 53.4206467 ] } },
{ "type": "Feature", "properties": { "id": 136, "left": -110000.0, "top": 210000.0, "right": -105000.0, "bottom": 215000.0, "row_index": 5, "col_index": 2 }, "geometry": { "type": "Point", "coordinates": [ 3.2305405, 53.37573 ] } },
{ "type": "Feature", "properties": { "id": 137, "left": -110000.0, "top": 205000.0, "right": -105000.0, "bottom": 210000.0, "row_index": 6, "col_index": 2 }, "geometry": { "type": "Point", "coordinates": [ 3.2322761, 53.3308129 ] } },
{ "type": "Feature", "properties": { "id": 138, "left": -110000.0, "top": 200000.0, "right": -105000.0, "bottom": 205000.0, "row_index": 7, "col_index": 2 }, "geometry": { "type": "Point", "coordinates": [ 3.2340071, 53.2858955 ] } },
{ "type": "Feature", "properties": { "id": 139, "left": -110000.0, "top": 195000.0, "right": -105000.0, "bottom": 200000.0, "row_index": 8, "col_index": 2 }, "geometry": { "type": "Point", "coordinates": [ 3.2357334, 53.2409778 ] } },
{ "type": "Feature", "properties": { "id": 140, "left": -110000.0, "top": 190000.0, "right": -105000.0, "bottom": 195000.0, "row_index": 9, "col_index": 2 }, "geometry": { "type": "Point", "coordinates": [ 3.2374551, 53.1960596 ] } },
{ "type": "Feature", "properties": { "id": 141, "left": -110000.0, "top": 185000.0, "right": -105000.0, "bottom": 190000.0, "row_index": 10, "col_index": 2 }, "geometry": { "type": "Point", "coordinates": [ 3.2391722, 53.1511411 ] } },
{ "type": "Feature", "properties": { "id": 142, "left": -110000.0, "top": 180000.0, "right": -105000.0, "bottom": 185000.0, "row_index": 11, "col_index": 2 }, "geometry": { "type": "Point", "coordinates": [ 3.2408848, 53.1062222 ] } },
{ "type": "Feature", "properties": { "id": 143, "left": -110000.0, "top": 175000.0, "right": -105000.0, "bottom": 180000.0, "row_index": 12, "col_index": 2 }, "geometry": { "type": "Point", "coordinates": [ 3.2425927, 53.061303 ] } },
{ "type": "Feature", "properties": { "id": 144, "left": -110000.0, "top": 170000.0, "right": -105000.0, "bottom": 175000.0, "row_index": 13, "col_index": 2 }, "geometry": { "type": "Point", "coordinates": [ 3.2442961, 53.0163834 ] } },
{ "type": "Feature", "properties": { "id": 145, "left": -110000.0, "top": 165000.0, "right": -105000.0, "bottom": 170000.0, "row_index": 14, "col_index": 2 }, "geometry": { "type": "Point", "coordinates": [ 3.2459949, 52.9714635 ] } },
{ "type": "Feature", "properties": { "id": 146, "left": -110000.0, "top": 160000.0, "right": -105000.0, "bottom": 165000.0, "row_index": 15, "col_index": 2 }, "geometry": { "type": "Point", "coordinates": [ 3.2476893, 52.9265432 ] } },
{ "type": "Feature", "properties": { "id": 147, "left": -110000.0, "top": 155000.0, "right": -105000.0, "bottom": 160000.0, "row_index": 16, "col_index": 2 }, "geometry": { "type": "Point", "coordinates": [ 3.2493791, 52.8816225 ] } },
{ "type": "Feature", "properties": { "id": 148, "left": -110000.0, "top": 150000.0, "right": -105000.0, "bottom": 155000.0, "row_index": 17, "col_index": 2 }, "geometry": { "type": "Point", "coordinates": [ 3.2510644, 52.8367014 ] } },
{ "type": "Feature", "properties": { "id": 149, "left": -110000.0, "top": 145000.0, "right": -105000.0, "bottom": 150000.0, "row_index": 18, "col_index": 2 }, "geometry": { "type": "Point", "coordinates": [ 3.2527453, 52.79178 ] } },
{ "type": "Feature", "properties": { "id": 150, "left": -110000.0, "top": 140000.0, "right": -105000.0, "bottom": 145000.0, "row_index": 19, "col_index": 2 }, "geometry": { "type": "Point", "coordinates": [ 3.2544217, 52.7468582 ] } },
{ "type": "Feature", "properties": { "id": 151, "left": -110000.0, "top": 135000.0, "right": -105000.0, "bottom": 140000.0, "row_index": 20, "col_index": 2 }, "geometry": { "type": "Point", "coordinates": [ 3.2560937, 52.7019361 ] } },
{ "type": "Feature", "properties": { "id": 152, "left": -110000.0, "top": 130000.0, "right": -105000.0, "bottom": 135000.0, "row_index": 21, "col_index": 2 }, "geometry": { "type": "Point", "coordinates": [ 3.2577612, 52.6570136 ] } },
{ "type": "Feature", "properties": { "id": 153, "left": -110000.0, "top": 125000.0, "right": -105000.0, "bottom": 130000.0, "row_index": 22, "col_index": 2 }, "geometry": { "type": "Point", "coordinates": [ 3.2594243, 52.6120907 ] } },
{ "type": "Feature", "properties": { "id": 154, "left": -110000.0, "top": 120000.0, "right": -105000.0, "bottom": 125000.0, "row_index": 23, "col_index": 2 }, "geometry": { "type": "Point", "coordinates": [ 3.261083, 52.5671675 ] } },
{ "type": "Feature", "properties": { "id": 155, "left": -110000.0, "top": 115000.0, "right": -105000.0, "bottom": 120000.0, "row_index": 24, "col_index": 2 }, "geometry": { "type": "Point", "coordinates": [ 3.2627374, 52.5222439 ] } },
{ "type": "Feature", "properties": { "id": 156, "left": -110000.0, "top": 110000.0, "right": -105000.0, "bottom": 115000.0, "row_index": 25, "col_index": 2 }, "geometry": { "type": "Point", "coordinates": [ 3.2643874, 52.4773199 ] } },
{ "type": "Feature", "properties": { "id": 157, "left": -110000.0, "top": 105000.0, "right": -105000.0, "bottom": 110000.0, "row_index": 26, "col_index": 2 }, "geometry": { "type": "Point", "coordinates": [ 3.266033, 52.4323956 ] } },
{ "type": "Feature", "properties": { "id": 158, "left": -110000.0, "top": 100000.0, "right": -105000.0, "bottom": 105000.0, "row_index": 27, "col_index": 2 }, "geometry": { "type": "Point", "coordinates": [ 3.2676743, 52.3874709 ] } },
{ "type": "Feature", "properties": { "id": 159, "left": -110000.0, "top": 95000.0, "right": -105000.0, "bottom": 100000.0, "row_index": 28, "col_index": 2 }, "geometry": { "type": "Point", "coordinates": [ 3.2693113, 52.3425459 ] } },
{ "type": "Feature", "properties": { "id": 160, "left": -110000.0, "top": 90000.0, "right": -105000.0, "bottom": 95000.0, "row_index": 29, "col_index": 2 }, "geometry": { "type": "Point", "coordinates": [ 3.270944, 52.2976205 ] } },
{ "type": "Feature", "properties": { "id": 161, "left": -110000.0, "top": 85000.0, "right": -105000.0, "bottom": 90000.0, "row_index": 30, "col_index": 2 }, "geometry": { "type": "Point", "coordinates": [ 3.2725723, 52.2526947 ] } },
{ "type": "Feature", "properties": { "id": 162, "left": -110000.0, "top": 80000.0, "right": -105000.0, "bottom": 85000.0, "row_index": 31, "col_index": 2 }, "geometry": { "type": "Point", "coordinates": [ 3.2741965, 52.2077685 ] } },
{ "type": "Feature", "properties": { "id": 163, "left": -110000.0, "top": 75000.0, "right": -105000.0, "bottom": 80000.0, "row_index": 32, "col_index": 2 }, "geometry": { "type": "Point", "coordinates": [ 3.2758163, 52.162842 ] } },
{ "type": "Feature", "properties": { "id": 164, "left": -110000.0, "top": 70000.0, "right": -105000.0, "bottom": 75000.0, "row_index": 33, "col_index": 2 }, "geometry": { "type": "Point", "coordinates": [ 3.2774319, 52.1179151 ] } },
{ "type": "Feature", "properties": { "id": 165, "left": -110000.0, "top": 65000.0, "right": -105000.0, "bottom": 70000.0, "row_index": 34, "col_index": 2 }, "geometry": { "type": "Point", "coordinates": [ 3.2790433, 52.0729879 ] } },
{ "type": "Feature", "properties": { "id": 166, "left": -110000.0, "top": 60000.0, "right": -105000.0, "bottom": 65000.0, "row_index": 35, "col_index": 2 }, "geometry": { "type": "Point", "coordinates": [ 3.2806505, 52.0280603 ] } },
{ "type": "Feature", "properties": { "id": 167, "left": -110000.0, "top": 55000.0, "right": -105000.0, "bottom": 60000.0, "row_index": 36, "col_index": 2 }, "geometry": { "type": "Point", "coordinates": [ 3.2822534, 51.9831323 ] } },
{ "type": "Feature", "properties": { "id": 168, "left": -110000.0, "top": 50000.0, "right": -105000.0, "bottom": 55000.0, "row_index": 37, "col_index": 2 }, "geometry": { "type": "Point", "coordinates": [ 3.2838522, 51.938204 ] } },
{ "type": "Feature", "properties": { "id": 169, "left": -110000.0, "top": 45000.0, "right": -105000.0, "bottom": 50000.0, "row_index": 38, "col_index": 2 }, "geometry": { "type": "Point", "coordinates": [ 3.2854468, 51.8932752 ] } },
{ "type": "Feature", "properties": { "id": 170, "left": -110000.0, "top": 40000.0, "right": -105000.0, "bottom": 45000.0, "row_index": 39, "col_index": 2 }, "geometry": { "type": "Point", "coordinates": [ 3.2870373, 51.8483462 ] } },
{ "type": "Feature", "properties": { "id": 171, "left": -110000.0, "top": 35000.0, "right": -105000.0, "bottom": 40000.0, "row_index": 40, "col_index": 2 }, "geometry": { "type": "Point", "coordinates": [ 3.2886236, 51.8034167 ] } },
{ "type": "Feature", "properties": { "id": 172, "left": -110000.0, "top": 30000.0, "right": -105000.0, "bottom": 35000.0, "row_index": 41, "col_index": 2 }, "geometry": { "type": "Point", "coordinates": [ 3.2902058, 51.7584869 ] } },
{ "type": "Feature", "properties": { "id": 173, "left": -110000.0, "top": 25000.0, "right": -105000.0, "bottom": 30000.0, "row_index": 42, "col_index": 2 }, "geometry": { "type": "Point", "coordinates": [ 3.2917838, 51.7135568 ] } },
{ "type": "Feature", "properties": { "id": 174, "left": -110000.0, "top": 20000.0, "right": -105000.0, "bottom": 25000.0, "row_index": 43, "col_index": 2 }, "geometry": { "type": "Point", "coordinates": [ 3.2933578, 51.6686262 ] } },
{ "type": "Feature", "properties": { "id": 175, "left": -110000.0, "top": 15000.0, "right": -105000.0, "bottom": 20000.0, "row_index": 44, "col_index": 2 }, "geometry": { "type": "Point", "coordinates": [ 3.2949277, 51.6236953 ] } },
{ "type": "Feature", "properties": { "id": 176, "left": -110000.0, "top": 10000.0, "right": -105000.0, "bottom": 15000.0, "row_index": 45, "col_index": 2 }, "geometry": { "type": "Point", "coordinates": [ 3.2964935, 51.5787641 ] } },
{ "type": "Feature", "properties": { "id": 177, "left": -110000.0, "top": 5000.0, "right": -105000.0, "bottom": 10000.0, "row_index": 46, "col_index": 2 }, "geometry": { "type": "Point", "coordinates": [ 3.2980552, 51.5338324 ] } },
{ "type": "Feature", "properties": { "id": 178, "left": -110000.0, "top": 0.0, "right": -105000.0, "bottom": 5000.0, "row_index": 47, "col_index": 2 }, "geometry": { "type": "Point", "coordinates": [ 3.299613, 51.4889004 ] } },
{ "type": "Feature", "properties": { "id": 179, "left": -110000.0, "top": -5000.0, "right": -105000.0, "bottom": 0.0, "row_index": 48, "col_index": 2 }, "geometry": { "type": "Point", "coordinates": [ 3.3011666, 51.4439681 ] } },
{ "type": "Feature", "properties": { "id": 180, "left": -110000.0, "top": -10000.0, "right": -105000.0, "bottom": -5000.0, "row_index": 49, "col_index": 2 }, "geometry": { "type": "Point", "coordinates": [ 3.3027163, 51.3990353 ] } },
{ "type": "Feature", "properties": { "id": 181, "left": -110000.0, "top": -15000.0, "right": -105000.0, "bottom": -10000.0, "row_index": 50, "col_index": 2 }, "geometry": { "type": "Point", "coordinates": [ 3.304262, 51.3541022 ] } },
{ "type": "Feature", "properties": { "id": 182, "left": -110000.0, "top": -20000.0, "right": -105000.0, "bottom": -15000.0, "row_index": 51, "col_index": 2 }, "geometry": { "type": "Point", "coordinates": [ 3.3058036, 51.3091688 ] } },
{ "type": "Feature", "properties": { "id": 183, "left": -110000.0, "top": -25000.0, "right": -105000.0, "bottom": -20000.0, "row_index": 52, "col_index": 2 }, "geometry": { "type": "Point", "coordinates": [ 3.3073413, 51.2642349 ] } },
{ "type": "Feature", "properties": { "id": 184, "left": -110000.0, "top": -30000.0, "right": -105000.0, "bottom": -25000.0, "row_index": 53, "col_index": 2 }, "geometry": { "type": "Point", "coordinates": [ 3.3088751, 51.2193007 ] } },
{ "type": "Feature", "properties": { "id": 185, "left": -110000.0, "top": -35000.0, "right": -105000.0, "bottom": -30000.0, "row_index": 54, "col_index": 2 }, "geometry": { "type": "Point", "coordinates": [ 3.3104049, 51.1743662 ] } },
{ "type": "Feature", "properties": { "id": 186, "left": -110000.0, "top": -40000.0, "right": -105000.0, "bottom": -35000.0, "row_index": 55, "col_index": 2 }, "geometry": { "type": "Point", "coordinates": [ 3.3119307, 51.1294312 ] } },
{ "type": "Feature", "properties": { "id": 187, "left": -110000.0, "top": -45000.0, "right": -105000.0, "bottom": -40000.0, "row_index": 56, "col_index": 2 }, "geometry": { "type": "Point", "coordinates": [ 3.3134526, 51.0844959 ] } },
{ "type": "Feature", "properties": { "id": 188, "left": -110000.0, "top": -50000.0, "right": -105000.0, "bottom": -45000.0, "row_index": 57, "col_index": 2 }, "geometry": { "type": "Point", "coordinates": [ 3.3149707, 51.0395602 ] } },
{ "type": "Feature", "properties": { "id": 189, "left": -110000.0, "top": -55000.0, "right": -105000.0, "bottom": -50000.0, "row_index": 58, "col_index": 2 }, "geometry": { "type": "Point", "coordinates": [ 3.3164848, 50.9946242 ] } },
{ "type": "Feature", "properties": { "id": 190, "left": -110000.0, "top": -60000.0, "right": -105000.0, "bottom": -55000.0, "row_index": 59, "col_index": 2 }, "geometry": { "type": "Point", "coordinates": [ 3.317995, 50.9496878 ] } },
{ "type": "Feature", "properties": { "id": 191, "left": -110000.0, "top": -65000.0, "right": -105000.0, "bottom": -60000.0, "row_index": 60, "col_index": 2 }, "geometry": { "type": "Point", "coordinates": [ 3.3195014, 50.904751 ] } },
{ "type": "Feature", "properties": { "id": 192, "left": -110000.0, "top": -70000.0, "right": -105000.0, "bottom": -65000.0, "row_index": 61, "col_index": 2 }, "geometry": { "type": "Point", "coordinates": [ 3.3210039, 50.8598139 ] } },
{ "type": "Feature", "properties": { "id": 193, "left": -110000.0, "top": -75000.0, "right": -105000.0, "bottom": -70000.0, "row_index": 62, "col_index": 2 }, "geometry": { "type": "Point", "coordinates": [ 3.3225026, 50.8148764 ] } },
{ "type": "Feature", "properties": { "id": 194, "left": -110000.0, "top": -80000.0, "right": -105000.0, "bottom": -75000.0, "row_index": 63, "col_index": 2 }, "geometry": { "type": "Point", "coordinates": [ 3.3239974, 50.7699385 ] } },
{ "type": "Feature", "properties": { "id": 195, "left": -110000.0, "top": -85000.0, "right": -105000.0, "bottom": -80000.0, "row_index": 64, "col_index": 2 }, "geometry": { "type": "Point", "coordinates": [ 3.3254885, 50.7250003 ] } },
{ "type": "Feature", "properties": { "id": 196, "left": -105000.0, "top": 235000.0, "right": -100000.0, "bottom": 240000.0, "row_index": 0, "col_index": 3 }, "geometry": { "type": "Point", "coordinates": [ 3.2973027, 53.6013047 ] } },
{ "type": "Feature", "properties": { "id": 197, "left": -105000.0, "top": 230000.0, "right": -100000.0, "bottom": 235000.0, "row_index": 1, "col_index": 3 }, "geometry": { "type": "Point", "coordinates": [ 3.2989819, 53.5563884 ] } },
{ "type": "Feature", "properties": { "id": 198, "left": -105000.0, "top": 225000.0, "right": -100000.0, "bottom": 230000.0, "row_index": 2, "col_index": 3 }, "geometry": { "type": "Point", "coordinates": [ 3.3006566, 53.5114718 ] } },
{ "type": "Feature", "properties": { "id": 199, "left": -105000.0, "top": 220000.0, "right": -100000.0, "bottom": 225000.0, "row_index": 3, "col_index": 3 }, "geometry": { "type": "Point", "coordinates": [ 3.3023267, 53.4665548 ] } },
{ "type": "Feature", "properties": { "id": 200, "left": -105000.0, "top": 215000.0, "right": -100000.0, "bottom": 220000.0, "row_index": 4, "col_index": 3 }, "geometry": { "type": "Point", "coordinates": [ 3.3039924, 53.4216375 ] } },
{ "type": "Feature", "properties": { "id": 201, "left": -105000.0, "top": 210000.0, "right": -100000.0, "bottom": 215000.0, "row_index": 5, "col_index": 3 }, "geometry": { "type": "Point", "coordinates": [ 3.3056536, 53.3767198 ] } },
{ "type": "Feature", "properties": { "id": 202, "left": -105000.0, "top": 205000.0, "right": -100000.0, "bottom": 210000.0, "row_index": 6, "col_index": 3 }, "geometry": { "type": "Point", "coordinates": [ 3.3073104, 53.3318018 ] } },
{ "type": "Feature", "properties": { "id": 203, "left": -105000.0, "top": 200000.0, "right": -100000.0, "bottom": 205000.0, "row_index": 7, "col_index": 3 }, "geometry": { "type": "Point", "coordinates": [ 3.3089627, 53.2868833 ] } },
{ "type": "Feature", "properties": { "id": 204, "left": -105000.0, "top": 195000.0, "right": -100000.0, "bottom": 200000.0, "row_index": 8, "col_index": 3 }, "geometry": { "type": "Point", "coordinates": [ 3.3106106, 53.2419646 ] } },
{ "type": "Feature", "properties": { "id": 205, "left": -105000.0, "top": 190000.0, "right": -100000.0, "bottom": 195000.0, "row_index": 9, "col_index": 3 }, "geometry": { "type": "Point", "coordinates": [ 3.3122541, 53.1970454 ] } },
{ "type": "Feature", "properties": { "id": 206, "left": -105000.0, "top": 185000.0, "right": -100000.0, "bottom": 190000.0, "row_index": 10, "col_index": 3 }, "geometry": { "type": "Point", "coordinates": [ 3.3138932, 53.1521259 ] } },
{ "type": "Feature", "properties": { "id": 207, "left": -105000.0, "top": 180000.0, "right": -100000.0, "bottom": 185000.0, "row_index": 11, "col_index": 3 }, "geometry": { "type": "Point", "coordinates": [ 3.3155279, 53.1072061 ] } },
{ "type": "Feature", "properties": { "id": 208, "left": -105000.0, "top": 175000.0, "right": -100000.0, "bottom": 180000.0, "row_index": 12, "col_index": 3 }, "geometry": { "type": "Point", "coordinates": [ 3.3171582, 53.0622858 ] } },
{ "type": "Feature", "properties": { "id": 209, "left": -105000.0, "top": 170000.0, "right": -100000.0, "bottom": 175000.0, "row_index": 13, "col_index": 3 }, "geometry": { "type": "Point", "coordinates": [ 3.3187842, 53.0173653 ] } },
{ "type": "Feature", "properties": { "id": 210, "left": -105000.0, "top": 165000.0, "right": -100000.0, "bottom": 170000.0, "row_index": 14, "col_index": 3 }, "geometry": { "type": "Point", "coordinates": [ 3.3204058, 52.9724443 ] } },
{ "type": "Feature", "properties": { "id": 211, "left": -105000.0, "top": 160000.0, "right": -100000.0, "bottom": 165000.0, "row_index": 15, "col_index": 3 }, "geometry": { "type": "Point", "coordinates": [ 3.3220232, 52.927523 ] } },
{ "type": "Feature", "properties": { "id": 212, "left": -105000.0, "top": 155000.0, "right": -100000.0, "bottom": 160000.0, "row_index": 16, "col_index": 3 }, "geometry": { "type": "Point", "coordinates": [ 3.3236362, 52.8826013 ] } },
{ "type": "Feature", "properties": { "id": 213, "left": -105000.0, "top": 150000.0, "right": -100000.0, "bottom": 155000.0, "row_index": 17, "col_index": 3 }, "geometry": { "type": "Point", "coordinates": [ 3.325245, 52.8376793 ] } },
{ "type": "Feature", "properties": { "id": 214, "left": -105000.0, "top": 145000.0, "right": -100000.0, "bottom": 150000.0, "row_index": 18, "col_index": 3 }, "geometry": { "type": "Point", "coordinates": [ 3.3268495, 52.7927569 ] } },
{ "type": "Feature", "properties": { "id": 215, "left": -105000.0, "top": 140000.0, "right": -100000.0, "bottom": 145000.0, "row_index": 19, "col_index": 3 }, "geometry": { "type": "Point", "coordinates": [ 3.3284497, 52.7478342 ] } },
{ "type": "Feature", "properties": { "id": 216, "left": -105000.0, "top": 135000.0, "right": -100000.0, "bottom": 140000.0, "row_index": 20, "col_index": 3 }, "geometry": { "type": "Point", "coordinates": [ 3.3300457, 52.702911 ] } },
{ "type": "Feature", "properties": { "id": 217, "left": -105000.0, "top": 130000.0, "right": -100000.0, "bottom": 135000.0, "row_index": 21, "col_index": 3 }, "geometry": { "type": "Point", "coordinates": [ 3.3316374, 52.6579876 ] } },
{ "type": "Feature", "properties": { "id": 218, "left": -105000.0, "top": 125000.0, "right": -100000.0, "bottom": 130000.0, "row_index": 22, "col_index": 3 }, "geometry": { "type": "Point", "coordinates": [ 3.333225, 52.6130637 ] } },
{ "type": "Feature", "properties": { "id": 219, "left": -105000.0, "top": 120000.0, "right": -100000.0, "bottom": 125000.0, "row_index": 23, "col_index": 3 }, "geometry": { "type": "Point", "coordinates": [ 3.3348083, 52.5681395 ] } },
{ "type": "Feature", "properties": { "id": 220, "left": -105000.0, "top": 115000.0, "right": -100000.0, "bottom": 120000.0, "row_index": 24, "col_index": 3 }, "geometry": { "type": "Point", "coordinates": [ 3.3363875, 52.523215 ] } },
{ "type": "Feature", "properties": { "id": 221, "left": -105000.0, "top": 110000.0, "right": -100000.0, "bottom": 115000.0, "row_index": 25, "col_index": 3 }, "geometry": { "type": "Point", "coordinates": [ 3.3379625, 52.47829 ] } },
{ "type": "Feature", "properties": { "id": 222, "left": -105000.0, "top": 105000.0, "right": -100000.0, "bottom": 110000.0, "row_index": 26, "col_index": 3 }, "geometry": { "type": "Point", "coordinates": [ 3.3395334, 52.4333647 ] } },
{ "type": "Feature", "properties": { "id": 223, "left": -105000.0, "top": 100000.0, "right": -100000.0, "bottom": 105000.0, "row_index": 27, "col_index": 3 }, "geometry": { "type": "Point", "coordinates": [ 3.3411001, 52.3884391 ] } },
{ "type": "Feature", "properties": { "id": 224, "left": -105000.0, "top": 95000.0, "right": -100000.0, "bottom": 100000.0, "row_index": 28, "col_index": 3 }, "geometry": { "type": "Point", "coordinates": [ 3.3426627, 52.3435131 ] } },
{ "type": "Feature", "properties": { "id": 225, "left": -105000.0, "top": 90000.0, "right": -100000.0, "bottom": 95000.0, "row_index": 29, "col_index": 3 }, "geometry": { "type": "Point", "coordinates": [ 3.3442211, 52.2985867 ] } },
{ "type": "Feature", "properties": { "id": 226, "left": -105000.0, "top": 85000.0, "right": -100000.0, "bottom": 90000.0, "row_index": 30, "col_index": 3 }, "geometry": { "type": "Point", "coordinates": [ 3.3457755, 52.2536599 ] } },
{ "type": "Feature", "properties": { "id": 227, "left": -105000.0, "top": 80000.0, "right": -100000.0, "bottom": 85000.0, "row_index": 31, "col_index": 3 }, "geometry": { "type": "Point", "coordinates": [ 3.3473258, 52.2087328 ] } },
{ "type": "Feature", "properties": { "id": 228, "left": -105000.0, "top": 75000.0, "right": -100000.0, "bottom": 80000.0, "row_index": 32, "col_index": 3 }, "geometry": { "type": "Point", "coordinates": [ 3.3488721, 52.1638054 ] } },
{ "type": "Feature", "properties": { "id": 229, "left": -105000.0, "top": 70000.0, "right": -100000.0, "bottom": 75000.0, "row_index": 33, "col_index": 3 }, "geometry": { "type": "Point", "coordinates": [ 3.3504143, 52.1188775 ] } },
{ "type": "Feature", "properties": { "id": 230, "left": -105000.0, "top": 65000.0, "right": -100000.0, "bottom": 70000.0, "row_index": 34, "col_index": 3 }, "geometry": { "type": "Point", "coordinates": [ 3.3519524, 52.0739493 ] } },
{ "type": "Feature", "properties": { "id": 231, "left": -105000.0, "top": 60000.0, "right": -100000.0, "bottom": 65000.0, "row_index": 35, "col_index": 3 }, "geometry": { "type": "Point", "coordinates": [ 3.3534866, 52.0290208 ] } },
{ "type": "Feature", "properties": { "id": 232, "left": -105000.0, "top": 55000.0, "right": -100000.0, "bottom": 60000.0, "row_index": 36, "col_index": 3 }, "geometry": { "type": "Point", "coordinates": [ 3.3550167, 51.9840919 ] } },
{ "type": "Feature", "properties": { "id": 233, "left": -105000.0, "top": 50000.0, "right": -100000.0, "bottom": 55000.0, "row_index": 37, "col_index": 3 }, "geometry": { "type": "Point", "coordinates": [ 3.3565428, 51.9391626 ] } },
{ "type": "Feature", "properties": { "id": 234, "left": -105000.0, "top": 45000.0, "right": -100000.0, "bottom": 50000.0, "row_index": 38, "col_index": 3 }, "geometry": { "type": "Point", "coordinates": [ 3.358065, 51.8942329 ] } },
{ "type": "Feature", "properties": { "id": 235, "left": -105000.0, "top": 40000.0, "right": -100000.0, "bottom": 45000.0, "row_index": 39, "col_index": 3 }, "geometry": { "type": "Point", "coordinates": [ 3.3595831, 51.8493029 ] } },
{ "type": "Feature", "properties": { "id": 236, "left": -105000.0, "top": 35000.0, "right": -100000.0, "bottom": 40000.0, "row_index": 40, "col_index": 3 }, "geometry": { "type": "Point", "coordinates": [ 3.3610974, 51.8043725 ] } },
{ "type": "Feature", "properties": { "id": 237, "left": -105000.0, "top": 30000.0, "right": -100000.0, "bottom": 35000.0, "row_index": 41, "col_index": 3 }, "geometry": { "type": "Point", "coordinates": [ 3.3626076, 51.7594418 ] } },
{ "type": "Feature", "properties": { "id": 238, "left": -105000.0, "top": 25000.0, "right": -100000.0, "bottom": 30000.0, "row_index": 42, "col_index": 3 }, "geometry": { "type": "Point", "coordinates": [ 3.364114, 51.7145107 ] } },
{ "type": "Feature", "properties": { "id": 239, "left": -105000.0, "top": 20000.0, "right": -100000.0, "bottom": 25000.0, "row_index": 43, "col_index": 3 }, "geometry": { "type": "Point", "coordinates": [ 3.3656164, 51.6695792 ] } },
{ "type": "Feature", "properties": { "id": 240, "left": -105000.0, "top": 15000.0, "right": -100000.0, "bottom": 20000.0, "row_index": 44, "col_index": 3 }, "geometry": { "type": "Point", "coordinates": [ 3.367115, 51.6246474 ] } },
{ "type": "Feature", "properties": { "id": 241, "left": -105000.0, "top": 10000.0, "right": -100000.0, "bottom": 15000.0, "row_index": 45, "col_index": 3 }, "geometry": { "type": "Point", "coordinates": [ 3.3686096, 51.5797152 ] } },
{ "type": "Feature", "properties": { "id": 242, "left": -105000.0, "top": 5000.0, "right": -100000.0, "bottom": 10000.0, "row_index": 46, "col_index": 3 }, "geometry": { "type": "Point", "coordinates": [ 3.3701004, 51.5347826 ] } },
{ "type": "Feature", "properties": { "id": 243, "left": -105000.0, "top": 0.0, "right": -100000.0, "bottom": 5000.0, "row_index": 47, "col_index": 3 }, "geometry": { "type": "Point", "coordinates": [ 3.3715873, 51.4898497 ] } },
{ "type": "Feature", "properties": { "id": 244, "left": -105000.0, "top": -5000.0, "right": -100000.0, "bottom": 0.0, "row_index": 48, "col_index": 3 }, "geometry": { "type": "Point", "coordinates": [ 3.3730704, 51.4449164 ] } },
{ "type": "Feature", "properties": { "id": 245, "left": -105000.0, "top": -10000.0, "right": -100000.0, "bottom": -5000.0, "row_index": 49, "col_index": 3 }, "geometry": { "type": "Point", "coordinates": [ 3.3745497, 51.3999827 ] } },
{ "type": "Feature", "properties": { "id": 246, "left": -105000.0, "top": -15000.0, "right": -100000.0, "bottom": -10000.0, "row_index": 50, "col_index": 3 }, "geometry": { "type": "Point", "coordinates": [ 3.3760251, 51.3550487 ] } },
{ "type": "Feature", "properties": { "id": 247, "left": -105000.0, "top": -20000.0, "right": -100000.0, "bottom": -15000.0, "row_index": 51, "col_index": 3 }, "geometry": { "type": "Point", "coordinates": [ 3.3774967, 51.3101143 ] } },
{ "type": "Feature", "properties": { "id": 248, "left": -105000.0, "top": -25000.0, "right": -100000.0, "bottom": -20000.0, "row_index": 52, "col_index": 3 }, "geometry": { "type": "Point", "coordinates": [ 3.3789645, 51.2651796 ] } },
{ "type": "Feature", "properties": { "id": 249, "left": -105000.0, "top": -30000.0, "right": -100000.0, "bottom": -25000.0, "row_index": 53, "col_index": 3 }, "geometry": { "type": "Point", "coordinates": [ 3.3804285, 51.2202445 ] } },
{ "type": "Feature", "properties": { "id": 250, "left": -105000.0, "top": -35000.0, "right": -100000.0, "bottom": -30000.0, "row_index": 54, "col_index": 3 }, "geometry": { "type": "Point", "coordinates": [ 3.3818888, 51.175309 ] } },
{ "type": "Feature", "properties": { "id": 251, "left": -105000.0, "top": -40000.0, "right": -100000.0, "bottom": -35000.0, "row_index": 55, "col_index": 3 }, "geometry": { "type": "Point", "coordinates": [ 3.3833453, 51.1303731 ] } },
{ "type": "Feature", "properties": { "id": 252, "left": -105000.0, "top": -45000.0, "right": -100000.0, "bottom": -40000.0, "row_index": 56, "col_index": 3 }, "geometry": { "type": "Point", "coordinates": [ 3.3847981, 51.0854369 ] } },
{ "type": "Feature", "properties": { "id": 253, "left": -105000.0, "top": -50000.0, "right": -100000.0, "bottom": -45000.0, "row_index": 57, "col_index": 3 }, "geometry": { "type": "Point", "coordinates": [ 3.3862471, 51.0405003 ] } },
{ "type": "Feature", "properties": { "id": 254, "left": -105000.0, "top": -55000.0, "right": -100000.0, "bottom": -50000.0, "row_index": 58, "col_index": 3 }, "geometry": { "type": "Point", "coordinates": [ 3.3876924, 50.9955634 ] } },
{ "type": "Feature", "properties": { "id": 255, "left": -105000.0, "top": -60000.0, "right": -100000.0, "bottom": -55000.0, "row_index": 59, "col_index": 3 }, "geometry": { "type": "Point", "coordinates": [ 3.389134, 50.9506261 ] } },
{ "type": "Feature", "properties": { "id": 256, "left": -105000.0, "top": -65000.0, "right": -100000.0, "bottom": -60000.0, "row_index": 60, "col_index": 3 }, "geometry": { "type": "Point", "coordinates": [ 3.390572, 50.9056884 ] } },
{ "type": "Feature", "properties": { "id": 257, "left": -105000.0, "top": -70000.0, "right": -100000.0, "bottom": -65000.0, "row_index": 61, "col_index": 3 }, "geometry": { "type": "Point", "coordinates": [ 3.3920062, 50.8607504 ] } },
{ "type": "Feature", "properties": { "id": 258, "left": -105000.0, "top": -75000.0, "right": -100000.0, "bottom": -70000.0, "row_index": 62, "col_index": 3 }, "geometry": { "type": "Point", "coordinates": [ 3.3934368, 50.815812 ] } },
{ "type": "Feature", "properties": { "id": 259, "left": -105000.0, "top": -80000.0, "right": -100000.0, "bottom": -75000.0, "row_index": 63, "col_index": 3 }, "geometry": { "type": "Point", "coordinates": [ 3.3948637, 50.7708732 ] } },
{ "type": "Feature", "properties": { "id": 260, "left": -105000.0, "top": -85000.0, "right": -100000.0, "bottom": -80000.0, "row_index": 64, "col_index": 3 }, "geometry": { "type": "Point", "coordinates": [ 3.3962869, 50.7259341 ] } },
{ "type": "Feature", "properties": { "id": 261, "left": -100000.0, "top": 235000.0, "right": -95000.0, "bottom": 240000.0, "row_index": 0, "col_index": 4 }, "geometry": { "type": "Point", "coordinates": [ 3.3728168, 53.6022533 ] } },
{ "type": "Feature", "properties": { "id": 262, "left": -100000.0, "top": 230000.0, "right": -95000.0, "bottom": 235000.0, "row_index": 1, "col_index": 4 }, "geometry": { "type": "Point", "coordinates": [ 3.3744161, 53.557336 ] } },
{ "type": "Feature", "properties": { "id": 263, "left": -100000.0, "top": 225000.0, "right": -95000.0, "bottom": 230000.0, "row_index": 2, "col_index": 4 }, "geometry": { "type": "Point", "coordinates": [ 3.376011, 53.5124185 ] } },
{ "type": "Feature", "properties": { "id": 264, "left": -100000.0, "top": 220000.0, "right": -95000.0, "bottom": 225000.0, "row_index": 3, "col_index": 4 }, "geometry": { "type": "Point", "coordinates": [ 3.3776017, 53.4675005 ] } },
{ "type": "Feature", "properties": { "id": 265, "left": -100000.0, "top": 215000.0, "right": -95000.0, "bottom": 220000.0, "row_index": 4, "col_index": 4 }, "geometry": { "type": "Point", "coordinates": [ 3.3791881, 53.4225822 ] } },
{ "type": "Feature", "properties": { "id": 266, "left": -100000.0, "top": 210000.0, "right": -95000.0, "bottom": 215000.0, "row_index": 5, "col_index": 4 }, "geometry": { "type": "Point", "coordinates": [ 3.3807702, 53.3776636 ] } },
{ "type": "Feature", "properties": { "id": 267, "left": -100000.0, "top": 205000.0, "right": -95000.0, "bottom": 210000.0, "row_index": 6, "col_index": 4 }, "geometry": { "type": "Point", "coordinates": [ 3.3823481, 53.3327446 ] } },
{ "type": "Feature", "properties": { "id": 268, "left": -100000.0, "top": 200000.0, "right": -95000.0, "bottom": 205000.0, "row_index": 7, "col_index": 4 }, "geometry": { "type": "Point", "coordinates": [ 3.3839217, 53.2878252 ] } },
{ "type": "Feature", "properties": { "id": 269, "left": -100000.0, "top": 195000.0, "right": -95000.0, "bottom": 200000.0, "row_index": 8, "col_index": 4 }, "geometry": { "type": "Point", "coordinates": [ 3.3854912, 53.2429055 ] } },
{ "type": "Feature", "properties": { "id": 270, "left": -100000.0, "top": 190000.0, "right": -95000.0, "bottom": 195000.0, "row_index": 9, "col_index": 4 }, "geometry": { "type": "Point", "coordinates": [ 3.3870564, 53.1979854 ] } },
{ "type": "Feature", "properties": { "id": 271, "left": -100000.0, "top": 185000.0, "right": -95000.0, "bottom": 190000.0, "row_index": 10, "col_index": 4 }, "geometry": { "type": "Point", "coordinates": [ 3.3886174, 53.1530649 ] } },
{ "type": "Feature", "properties": { "id": 272, "left": -100000.0, "top": 180000.0, "right": -95000.0, "bottom": 185000.0, "row_index": 11, "col_index": 4 }, "geometry": { "type": "Point", "coordinates": [ 3.3901743, 53.1081441 ] } },
{ "type": "Feature", "properties": { "id": 273, "left": -100000.0, "top": 175000.0, "right": -95000.0, "bottom": 180000.0, "row_index": 12, "col_index": 4 }, "geometry": { "type": "Point", "coordinates": [ 3.391727, 53.0632229 ] } },
{ "type": "Feature", "properties": { "id": 274, "left": -100000.0, "top": 170000.0, "right": -95000.0, "bottom": 175000.0, "row_index": 13, "col_index": 4 }, "geometry": { "type": "Point", "coordinates": [ 3.3932756, 53.0183014 ] } },
{ "type": "Feature", "properties": { "id": 275, "left": -100000.0, "top": 165000.0, "right": -95000.0, "bottom": 170000.0, "row_index": 14, "col_index": 4 }, "geometry": { "type": "Point", "coordinates": [ 3.3948201, 52.9733795 ] } },
{ "type": "Feature", "properties": { "id": 276, "left": -100000.0, "top": 160000.0, "right": -95000.0, "bottom": 165000.0, "row_index": 15, "col_index": 4 }, "geometry": { "type": "Point", "coordinates": [ 3.3963604, 52.9284573 ] } },
{ "type": "Feature", "properties": { "id": 277, "left": -100000.0, "top": 155000.0, "right": -95000.0, "bottom": 160000.0, "row_index": 16, "col_index": 4 }, "geometry": { "type": "Point", "coordinates": [ 3.3978966, 52.8835347 ] } },
{ "type": "Feature", "properties": { "id": 278, "left": -100000.0, "top": 150000.0, "right": -95000.0, "bottom": 155000.0, "row_index": 17, "col_index": 4 }, "geometry": { "type": "Point", "coordinates": [ 3.3994288, 52.8386117 ] } },
{ "type": "Feature", "properties": { "id": 279, "left": -100000.0, "top": 145000.0, "right": -95000.0, "bottom": 150000.0, "row_index": 18, "col_index": 4 }, "geometry": { "type": "Point", "coordinates": [ 3.4009569, 52.7936884 ] } },
{ "type": "Feature", "properties": { "id": 280, "left": -100000.0, "top": 140000.0, "right": -95000.0, "bottom": 145000.0, "row_index": 19, "col_index": 4 }, "geometry": { "type": "Point", "coordinates": [ 3.4024809, 52.7487647 ] } },
{ "type": "Feature", "properties": { "id": 281, "left": -100000.0, "top": 135000.0, "right": -95000.0, "bottom": 140000.0, "row_index": 20, "col_index": 4 }, "geometry": { "type": "Point", "coordinates": [ 3.4040009, 52.7038406 ] } },
{ "type": "Feature", "properties": { "id": 282, "left": -100000.0, "top": 130000.0, "right": -95000.0, "bottom": 135000.0, "row_index": 21, "col_index": 4 }, "geometry": { "type": "Point", "coordinates": [ 3.4055169, 52.6589162 ] } },
{ "type": "Feature", "properties": { "id": 283, "left": -100000.0, "top": 125000.0, "right": -95000.0, "bottom": 130000.0, "row_index": 22, "col_index": 4 }, "geometry": { "type": "Point", "coordinates": [ 3.4070289, 52.6139914 ] } },
{ "type": "Feature", "properties": { "id": 284, "left": -100000.0, "top": 120000.0, "right": -95000.0, "bottom": 125000.0, "row_index": 23, "col_index": 4 }, "geometry": { "type": "Point", "coordinates": [ 3.4085368, 52.5690663 ] } },
{ "type": "Feature", "properties": { "id": 285, "left": -100000.0, "top": 115000.0, "right": -95000.0, "bottom": 120000.0, "row_index": 24, "col_index": 4 }, "geometry": { "type": "Point", "coordinates": [ 3.4100408, 52.5241408 ] } },
{ "type": "Feature", "properties": { "id": 286, "left": -100000.0, "top": 110000.0, "right": -95000.0, "bottom": 115000.0, "row_index": 25, "col_index": 4 }, "geometry": { "type": "Point", "coordinates": [ 3.4115408, 52.479215 ] } },
{ "type": "Feature", "properties": { "id": 287, "left": -100000.0, "top": 105000.0, "right": -95000.0, "bottom": 110000.0, "row_index": 26, "col_index": 4 }, "geometry": { "type": "Point", "coordinates": [ 3.4130369, 52.4342888 ] } },
{ "type": "Feature", "properties": { "id": 288, "left": -100000.0, "top": 100000.0, "right": -95000.0, "bottom": 105000.0, "row_index": 27, "col_index": 4 }, "geometry": { "type": "Point", "coordinates": [ 3.414529, 52.3893622 ] } },
{ "type": "Feature", "properties": { "id": 289, "left": -100000.0, "top": 95000.0, "right": -95000.0, "bottom": 100000.0, "row_index": 28, "col_index": 4 }, "geometry": { "type": "Point", "coordinates": [ 3.4160172, 52.3444352 ] } },
{ "type": "Feature", "properties": { "id": 290, "left": -100000.0, "top": 90000.0, "right": -95000.0, "bottom": 95000.0, "row_index": 29, "col_index": 4 }, "geometry": { "type": "Point", "coordinates": [ 3.4175015, 52.299508 ] } },
{ "type": "Feature", "properties": { "id": 291, "left": -100000.0, "top": 85000.0, "right": -95000.0, "bottom": 90000.0, "row_index": 30, "col_index": 4 }, "geometry": { "type": "Point", "coordinates": [ 3.4189819, 52.2545803 ] } },
{ "type": "Feature", "properties": { "id": 292, "left": -100000.0, "top": 80000.0, "right": -95000.0, "bottom": 85000.0, "row_index": 31, "col_index": 4 }, "geometry": { "type": "Point", "coordinates": [ 3.4204583, 52.2096523 ] } },
{ "type": "Feature", "properties": { "id": 293, "left": -100000.0, "top": 75000.0, "right": -95000.0, "bottom": 80000.0, "row_index": 32, "col_index": 4 }, "geometry": { "type": "Point", "coordinates": [ 3.421931, 52.1647239 ] } },
{ "type": "Feature", "properties": { "id": 294, "left": -100000.0, "top": 70000.0, "right": -95000.0, "bottom": 75000.0, "row_index": 33, "col_index": 4 }, "geometry": { "type": "Point", "coordinates": [ 3.4233997, 52.1197952 ] } },
{ "type": "Feature", "properties": { "id": 295, "left": -100000.0, "top": 65000.0, "right": -95000.0, "bottom": 70000.0, "row_index": 34, "col_index": 4 }, "geometry": { "type": "Point", "coordinates": [ 3.4248647, 52.0748661 ] } },
{ "type": "Feature", "properties": { "id": 296, "left": -100000.0, "top": 60000.0, "right": -95000.0, "bottom": 65000.0, "row_index": 35, "col_index": 4 }, "geometry": { "type": "Point", "coordinates": [ 3.4263257, 52.0299366 ] } },
{ "type": "Feature", "properties": { "id": 297, "left": -100000.0, "top": 55000.0, "right": -95000.0, "bottom": 60000.0, "row_index": 36, "col_index": 4 }, "geometry": { "type": "Point", "coordinates": [ 3.427783, 51.9850068 ] } },
{ "type": "Feature", "properties": { "id": 298, "left": -100000.0, "top": 50000.0, "right": -95000.0, "bottom": 55000.0, "row_index": 37, "col_index": 4 }, "geometry": { "type": "Point", "coordinates": [ 3.4292365, 51.9400766 ] } },
{ "type": "Feature", "properties": { "id": 299, "left": -100000.0, "top": 45000.0, "right": -95000.0, "bottom": 50000.0, "row_index": 38, "col_index": 4 }, "geometry": { "type": "Point", "coordinates": [ 3.4306861, 51.895146 ] } },
{ "type": "Feature", "properties": { "id": 300, "left": -100000.0, "top": 40000.0, "right": -95000.0, "bottom": 45000.0, "row_index": 39, "col_index": 4 }, "geometry": { "type": "Point", "coordinates": [ 3.432132, 51.8502151 ] } },
{ "type": "Feature", "properties": { "id": 301, "left": -100000.0, "top": 35000.0, "right": -95000.0, "bottom": 40000.0, "row_index": 40, "col_index": 4 }, "geometry": { "type": "Point", "coordinates": [ 3.4335742, 51.8052838 ] } },
{ "type": "Feature", "properties": { "id": 302, "left": -100000.0, "top": 30000.0, "right": -95000.0, "bottom": 35000.0, "row_index": 41, "col_index": 4 }, "geometry": { "type": "Point", "coordinates": [ 3.4350125, 51.7603522 ] } },
{ "type": "Feature", "properties": { "id": 303, "left": -100000.0, "top": 25000.0, "right": -95000.0, "bottom": 30000.0, "row_index": 42, "col_index": 4 }, "geometry": { "type": "Point", "coordinates": [ 3.4364472, 51.7154202 ] } },
{ "type": "Feature", "properties": { "id": 304, "left": -100000.0, "top": 20000.0, "right": -95000.0, "bottom": 25000.0, "row_index": 43, "col_index": 4 }, "geometry": { "type": "Point", "coordinates": [ 3.4378781, 51.6704878 ] } },
{ "type": "Feature", "properties": { "id": 305, "left": -100000.0, "top": 15000.0, "right": -95000.0, "bottom": 20000.0, "row_index": 44, "col_index": 4 }, "geometry": { "type": "Point", "coordinates": [ 3.4393052, 51.6255551 ] } },
{ "type": "Feature", "properties": { "id": 306, "left": -100000.0, "top": 10000.0, "right": -95000.0, "bottom": 15000.0, "row_index": 45, "col_index": 4 }, "geometry": { "type": "Point", "coordinates": [ 3.4407287, 51.580622 ] } },
{ "type": "Feature", "properties": { "id": 307, "left": -100000.0, "top": 5000.0, "right": -95000.0, "bottom": 10000.0, "row_index": 46, "col_index": 4 }, "geometry": { "type": "Point", "coordinates": [ 3.4421485, 51.5356886 ] } },
{ "type": "Feature", "properties": { "id": 308, "left": -100000.0, "top": 0.0, "right": -95000.0, "bottom": 5000.0, "row_index": 47, "col_index": 4 }, "geometry": { "type": "Point", "coordinates": [ 3.4435647, 51.4907548 ] } },
{ "type": "Feature", "properties": { "id": 309, "left": -100000.0, "top": -5000.0, "right": -95000.0, "bottom": 0.0, "row_index": 48, "col_index": 4 }, "geometry": { "type": "Point", "coordinates": [ 3.4449771, 51.4458206 ] } },
{ "type": "Feature", "properties": { "id": 310, "left": -100000.0, "top": -10000.0, "right": -95000.0, "bottom": -5000.0, "row_index": 49, "col_index": 4 }, "geometry": { "type": "Point", "coordinates": [ 3.4463859, 51.4008861 ] } },
{ "type": "Feature", "properties": { "id": 311, "left": -100000.0, "top": -15000.0, "right": -95000.0, "bottom": -10000.0, "row_index": 50, "col_index": 4 }, "geometry": { "type": "Point", "coordinates": [ 3.4477911, 51.3559512 ] } },
{ "type": "Feature", "properties": { "id": 312, "left": -100000.0, "top": -20000.0, "right": -95000.0, "bottom": -15000.0, "row_index": 51, "col_index": 4 }, "geometry": { "type": "Point", "coordinates": [ 3.4491926, 51.3110159 ] } },
{ "type": "Feature", "properties": { "id": 313, "left": -100000.0, "top": -25000.0, "right": -95000.0, "bottom": -20000.0, "row_index": 52, "col_index": 4 }, "geometry": { "type": "Point", "coordinates": [ 3.4505906, 51.2660803 ] } },
{ "type": "Feature", "properties": { "id": 314, "left": -100000.0, "top": -30000.0, "right": -95000.0, "bottom": -25000.0, "row_index": 53, "col_index": 4 }, "geometry": { "type": "Point", "coordinates": [ 3.4519849, 51.2211443 ] } },
{ "type": "Feature", "properties": { "id": 315, "left": -100000.0, "top": -35000.0, "right": -95000.0, "bottom": -30000.0, "row_index": 54, "col_index": 4 }, "geometry": { "type": "Point", "coordinates": [ 3.4533756, 51.1762079 ] } },
{ "type": "Feature", "properties": { "id": 316, "left": -100000.0, "top": -40000.0, "right": -95000.0, "bottom": -35000.0, "row_index": 55, "col_index": 4 }, "geometry": { "type": "Point", "coordinates": [ 3.4547628, 51.1312712 ] } },
{ "type": "Feature", "properties": { "id": 317, "left": -100000.0, "top": -45000.0, "right": -95000.0, "bottom": -40000.0, "row_index": 56, "col_index": 4 }, "geometry": { "type": "Point", "coordinates": [ 3.4561464, 51.0863341 ] } },
{ "type": "Feature", "properties": { "id": 318, "left": -100000.0, "top": -50000.0, "right": -95000.0, "bottom": -45000.0, "row_index": 57, "col_index": 4 }, "geometry": { "type": "Point", "coordinates": [ 3.4575264, 51.0413967 ] } },
{ "type": "Feature", "properties": { "id": 319, "left": -100000.0, "top": -55000.0, "right": -95000.0, "bottom": -50000.0, "row_index": 58, "col_index": 4 }, "geometry": { "type": "Point", "coordinates": [ 3.4589029, 50.9964589 ] } },
{ "type": "Feature", "properties": { "id": 320, "left": -100000.0, "top": -60000.0, "right": -95000.0, "bottom": -55000.0, "row_index": 59, "col_index": 4 }, "geometry": { "type": "Point", "coordinates": [ 3.4602759, 50.9515207 ] } },
{ "type": "Feature", "properties": { "id": 321, "left": -100000.0, "top": -65000.0, "right": -95000.0, "bottom": -60000.0, "row_index": 60, "col_index": 4 }, "geometry": { "type": "Point", "coordinates": [ 3.4616453, 50.9065822 ] } },
{ "type": "Feature", "properties": { "id": 322, "left": -100000.0, "top": -70000.0, "right": -95000.0, "bottom": -65000.0, "row_index": 61, "col_index": 4 }, "geometry": { "type": "Point", "coordinates": [ 3.4630112, 50.8616433 ] } },
{ "type": "Feature", "properties": { "id": 323, "left": -100000.0, "top": -75000.0, "right": -95000.0, "bottom": -70000.0, "row_index": 62, "col_index": 4 }, "geometry": { "type": "Point", "coordinates": [ 3.4643737, 50.816704 ] } },
{ "type": "Feature", "properties": { "id": 324, "left": -100000.0, "top": -80000.0, "right": -95000.0, "bottom": -75000.0, "row_index": 63, "col_index": 4 }, "geometry": { "type": "Point", "coordinates": [ 3.4657327, 50.7717644 ] } },
{ "type": "Feature", "properties": { "id": 325, "left": -100000.0, "top": -85000.0, "right": -95000.0, "bottom": -80000.0, "row_index": 64, "col_index": 4 }, "geometry": { "type": "Point", "coordinates": [ 3.4670882, 50.7268244 ] } },
{ "type": "Feature", "properties": { "id": 326, "left": -95000.0, "top": 235000.0, "right": -90000.0, "bottom": 240000.0, "row_index": 0, "col_index": 5 }, "geometry": { "type": "Point", "coordinates": [ 3.4483343, 53.6031556 ] } },
{ "type": "Feature", "properties": { "id": 327, "left": -95000.0, "top": 230000.0, "right": -90000.0, "bottom": 235000.0, "row_index": 1, "col_index": 5 }, "geometry": { "type": "Point", "coordinates": [ 3.4498536, 53.5582374 ] } },
{ "type": "Feature", "properties": { "id": 328, "left": -95000.0, "top": 225000.0, "right": -90000.0, "bottom": 230000.0, "row_index": 2, "col_index": 5 }, "geometry": { "type": "Point", "coordinates": [ 3.4513688, 53.5133189 ] } },
{ "type": "Feature", "properties": { "id": 329, "left": -95000.0, "top": 220000.0, "right": -90000.0, "bottom": 225000.0, "row_index": 3, "col_index": 5 }, "geometry": { "type": "Point", "coordinates": [ 3.45288, 53.4684001 ] } },
{ "type": "Feature", "properties": { "id": 330, "left": -95000.0, "top": 215000.0, "right": -90000.0, "bottom": 220000.0, "row_index": 4, "col_index": 5 }, "geometry": { "type": "Point", "coordinates": [ 3.4543871, 53.4234808 ] } },
{ "type": "Feature", "properties": { "id": 331, "left": -95000.0, "top": 210000.0, "right": -90000.0, "bottom": 215000.0, "row_index": 5, "col_index": 5 }, "geometry": { "type": "Point", "coordinates": [ 3.4558901, 53.3785613 ] } },
{ "type": "Feature", "properties": { "id": 332, "left": -95000.0, "top": 205000.0, "right": -90000.0, "bottom": 210000.0, "row_index": 6, "col_index": 5 }, "geometry": { "type": "Point", "coordinates": [ 3.4573891, 53.3336413 ] } },
{ "type": "Feature", "properties": { "id": 333, "left": -95000.0, "top": 200000.0, "right": -90000.0, "bottom": 205000.0, "row_index": 7, "col_index": 5 }, "geometry": { "type": "Point", "coordinates": [ 3.458884, 53.2887211 ] } },
{ "type": "Feature", "properties": { "id": 334, "left": -95000.0, "top": 195000.0, "right": -90000.0, "bottom": 200000.0, "row_index": 8, "col_index": 5 }, "geometry": { "type": "Point", "coordinates": [ 3.460375, 53.2438004 ] } },
{ "type": "Feature", "properties": { "id": 335, "left": -95000.0, "top": 190000.0, "right": -90000.0, "bottom": 195000.0, "row_index": 9, "col_index": 5 }, "geometry": { "type": "Point", "coordinates": [ 3.461862, 53.1988794 ] } },
{ "type": "Feature", "properties": { "id": 336, "left": -95000.0, "top": 185000.0, "right": -90000.0, "bottom": 190000.0, "row_index": 10, "col_index": 5 }, "geometry": { "type": "Point", "coordinates": [ 3.463345, 53.1539581 ] } },
{ "type": "Feature", "properties": { "id": 337, "left": -95000.0, "top": 180000.0, "right": -90000.0, "bottom": 185000.0, "row_index": 11, "col_index": 5 }, "geometry": { "type": "Point", "coordinates": [ 3.464824, 53.1090364 ] } },
{ "type": "Feature", "properties": { "id": 338, "left": -95000.0, "top": 175000.0, "right": -90000.0, "bottom": 180000.0, "row_index": 12, "col_index": 5 }, "geometry": { "type": "Point", "coordinates": [ 3.4662991, 53.0641143 ] } },
{ "type": "Feature", "properties": { "id": 339, "left": -95000.0, "top": 170000.0, "right": -90000.0, "bottom": 175000.0, "row_index": 13, "col_index": 5 }, "geometry": { "type": "Point", "coordinates": [ 3.4677702, 53.0191919 ] } },
{ "type": "Feature", "properties": { "id": 340, "left": -95000.0, "top": 165000.0, "right": -90000.0, "bottom": 170000.0, "row_index": 14, "col_index": 5 }, "geometry": { "type": "Point", "coordinates": [ 3.4692374, 52.9742691 ] } },
{ "type": "Feature", "properties": { "id": 341, "left": -95000.0, "top": 160000.0, "right": -90000.0, "bottom": 165000.0, "row_index": 15, "col_index": 5 }, "geometry": { "type": "Point", "coordinates": [ 3.4707008, 52.9293459 ] } },
{ "type": "Feature", "properties": { "id": 342, "left": -95000.0, "top": 155000.0, "right": -90000.0, "bottom": 160000.0, "row_index": 16, "col_index": 5 }, "geometry": { "type": "Point", "coordinates": [ 3.4721602, 52.8844224 ] } },
{ "type": "Feature", "properties": { "id": 343, "left": -95000.0, "top": 150000.0, "right": -90000.0, "bottom": 155000.0, "row_index": 17, "col_index": 5 }, "geometry": { "type": "Point", "coordinates": [ 3.4736157, 52.8394986 ] } },
{ "type": "Feature", "properties": { "id": 344, "left": -95000.0, "top": 145000.0, "right": -90000.0, "bottom": 150000.0, "row_index": 18, "col_index": 5 }, "geometry": { "type": "Point", "coordinates": [ 3.4750674, 52.7945743 ] } },
{ "type": "Feature", "properties": { "id": 345, "left": -95000.0, "top": 140000.0, "right": -90000.0, "bottom": 145000.0, "row_index": 19, "col_index": 5 }, "geometry": { "type": "Point", "coordinates": [ 3.4765153, 52.7496498 ] } },
{ "type": "Feature", "properties": { "id": 346, "left": -95000.0, "top": 135000.0, "right": -90000.0, "bottom": 140000.0, "row_index": 20, "col_index": 5 }, "geometry": { "type": "Point", "coordinates": [ 3.4779593, 52.7047248 ] } },
{ "type": "Feature", "properties": { "id": 347, "left": -95000.0, "top": 130000.0, "right": -90000.0, "bottom": 135000.0, "row_index": 21, "col_index": 5 }, "geometry": { "type": "Point", "coordinates": [ 3.4793994, 52.6597995 ] } },
{ "type": "Feature", "properties": { "id": 348, "left": -95000.0, "top": 125000.0, "right": -90000.0, "bottom": 130000.0, "row_index": 22, "col_index": 5 }, "geometry": { "type": "Point", "coordinates": [ 3.4808358, 52.6148739 ] } },
{ "type": "Feature", "properties": { "id": 349, "left": -95000.0, "top": 120000.0, "right": -90000.0, "bottom": 125000.0, "row_index": 23, "col_index": 5 }, "geometry": { "type": "Point", "coordinates": [ 3.4822684, 52.5699479 ] } },
{ "type": "Feature", "properties": { "id": 350, "left": -95000.0, "top": 115000.0, "right": -90000.0, "bottom": 120000.0, "row_index": 24, "col_index": 5 }, "geometry": { "type": "Point", "coordinates": [ 3.4836972, 52.5250215 ] } },
{ "type": "Feature", "properties": { "id": 351, "left": -95000.0, "top": 110000.0, "right": -90000.0, "bottom": 115000.0, "row_index": 25, "col_index": 5 }, "geometry": { "type": "Point", "coordinates": [ 3.4851222, 52.4800948 ] } },
{ "type": "Feature", "properties": { "id": 352, "left": -95000.0, "top": 105000.0, "right": -90000.0, "bottom": 110000.0, "row_index": 26, "col_index": 5 }, "geometry": { "type": "Point", "coordinates": [ 3.4865434, 52.4351677 ] } },
{ "type": "Feature", "properties": { "id": 353, "left": -95000.0, "top": 100000.0, "right": -90000.0, "bottom": 105000.0, "row_index": 27, "col_index": 5 }, "geometry": { "type": "Point", "coordinates": [ 3.4879609, 52.3902402 ] } },
{ "type": "Feature", "properties": { "id": 354, "left": -95000.0, "top": 95000.0, "right": -90000.0, "bottom": 100000.0, "row_index": 28, "col_index": 5 }, "geometry": { "type": "Point", "coordinates": [ 3.4893747, 52.3453124 ] } },
{ "type": "Feature", "properties": { "id": 355, "left": -95000.0, "top": 90000.0, "right": -90000.0, "bottom": 95000.0, "row_index": 29, "col_index": 5 }, "geometry": { "type": "Point", "coordinates": [ 3.4907848, 52.3003843 ] } },
{ "type": "Feature", "properties": { "id": 356, "left": -95000.0, "top": 85000.0, "right": -90000.0, "bottom": 90000.0, "row_index": 30, "col_index": 5 }, "geometry": { "type": "Point", "coordinates": [ 3.4921911, 52.2554557 ] } },
{ "type": "Feature", "properties": { "id": 357, "left": -95000.0, "top": 80000.0, "right": -90000.0, "bottom": 85000.0, "row_index": 31, "col_index": 5 }, "geometry": { "type": "Point", "coordinates": [ 3.4935938, 52.2105268 ] } },
{ "type": "Feature", "properties": { "id": 358, "left": -95000.0, "top": 75000.0, "right": -90000.0, "bottom": 80000.0, "row_index": 32, "col_index": 5 }, "geometry": { "type": "Point", "coordinates": [ 3.4949928, 52.1655976 ] } },
{ "type": "Feature", "properties": { "id": 359, "left": -95000.0, "top": 70000.0, "right": -90000.0, "bottom": 75000.0, "row_index": 33, "col_index": 5 }, "geometry": { "type": "Point", "coordinates": [ 3.4963881, 52.120668 ] } },
{ "type": "Feature", "properties": { "id": 360, "left": -95000.0, "top": 65000.0, "right": -90000.0, "bottom": 70000.0, "row_index": 34, "col_index": 5 }, "geometry": { "type": "Point", "coordinates": [ 3.4977798, 52.075738 ] } },
{ "type": "Feature", "properties": { "id": 361, "left": -95000.0, "top": 60000.0, "right": -90000.0, "bottom": 65000.0, "row_index": 35, "col_index": 5 }, "geometry": { "type": "Point", "coordinates": [ 3.4991678, 52.0308077 ] } },
{ "type": "Feature", "properties": { "id": 362, "left": -95000.0, "top": 55000.0, "right": -90000.0, "bottom": 60000.0, "row_index": 36, "col_index": 5 }, "geometry": { "type": "Point", "coordinates": [ 3.5005522, 51.985877 ] } },
{ "type": "Feature", "properties": { "id": 363, "left": -95000.0, "top": 50000.0, "right": -90000.0, "bottom": 55000.0, "row_index": 37, "col_index": 5 }, "geometry": { "type": "Point", "coordinates": [ 3.501933, 51.940946 ] } },
{ "type": "Feature", "properties": { "id": 364, "left": -95000.0, "top": 45000.0, "right": -90000.0, "bottom": 50000.0, "row_index": 38, "col_index": 5 }, "geometry": { "type": "Point", "coordinates": [ 3.5033102, 51.8960146 ] } },
{ "type": "Feature", "properties": { "id": 365, "left": -95000.0, "top": 40000.0, "right": -90000.0, "bottom": 45000.0, "row_index": 39, "col_index": 5 }, "geometry": { "type": "Point", "coordinates": [ 3.5046838, 51.8510828 ] } },
{ "type": "Feature", "properties": { "id": 366, "left": -95000.0, "top": 35000.0, "right": -90000.0, "bottom": 40000.0, "row_index": 40, "col_index": 5 }, "geometry": { "type": "Point", "coordinates": [ 3.5060538, 51.8061507 ] } },
{ "type": "Feature", "properties": { "id": 367, "left": -95000.0, "top": 30000.0, "right": -90000.0, "bottom": 35000.0, "row_index": 41, "col_index": 5 }, "geometry": { "type": "Point", "coordinates": [ 3.5074202, 51.7612182 ] } },
{ "type": "Feature", "properties": { "id": 368, "left": -95000.0, "top": 25000.0, "right": -90000.0, "bottom": 30000.0, "row_index": 42, "col_index": 5 }, "geometry": { "type": "Point", "coordinates": [ 3.5087831, 51.7162853 ] } },
{ "type": "Feature", "properties": { "id": 369, "left": -95000.0, "top": 20000.0, "right": -90000.0, "bottom": 25000.0, "row_index": 43, "col_index": 5 }, "geometry": { "type": "Point", "coordinates": [ 3.5101425, 51.6713521 ] } },
{ "type": "Feature", "properties": { "id": 370, "left": -95000.0, "top": 15000.0, "right": -90000.0, "bottom": 20000.0, "row_index": 44, "col_index": 5 }, "geometry": { "type": "Point", "coordinates": [ 3.5114983, 51.6264186 ] } },
{ "type": "Feature", "properties": { "id": 371, "left": -95000.0, "top": 10000.0, "right": -90000.0, "bottom": 15000.0, "row_index": 45, "col_index": 5 }, "geometry": { "type": "Point", "coordinates": [ 3.5128506, 51.5814846 ] } },
{ "type": "Feature", "properties": { "id": 372, "left": -95000.0, "top": 5000.0, "right": -90000.0, "bottom": 10000.0, "row_index": 46, "col_index": 5 }, "geometry": { "type": "Point", "coordinates": [ 3.5141994, 51.5365503 ] } },
{ "type": "Feature", "properties": { "id": 373, "left": -95000.0, "top": 0.0, "right": -90000.0, "bottom": 5000.0, "row_index": 47, "col_index": 5 }, "geometry": { "type": "Point", "coordinates": [ 3.5155447, 51.4916157 ] } },
{ "type": "Feature", "properties": { "id": 374, "left": -95000.0, "top": -5000.0, "right": -90000.0, "bottom": 0.0, "row_index": 48, "col_index": 5 }, "geometry": { "type": "Point", "coordinates": [ 3.5168866, 51.4466807 ] } },
{ "type": "Feature", "properties": { "id": 375, "left": -95000.0, "top": -10000.0, "right": -90000.0, "bottom": -5000.0, "row_index": 49, "col_index": 5 }, "geometry": { "type": "Point", "coordinates": [ 3.5182249, 51.4017453 ] } },
{ "type": "Feature", "properties": { "id": 376, "left": -95000.0, "top": -15000.0, "right": -90000.0, "bottom": -10000.0, "row_index": 50, "col_index": 5 }, "geometry": { "type": "Point", "coordinates": [ 3.5195598, 51.3568096 ] } },
{ "type": "Feature", "properties": { "id": 377, "left": -95000.0, "top": -20000.0, "right": -90000.0, "bottom": -15000.0, "row_index": 51, "col_index": 5 }, "geometry": { "type": "Point", "coordinates": [ 3.5208913, 51.3118735 ] } },
{ "type": "Feature", "properties": { "id": 378, "left": -95000.0, "top": -25000.0, "right": -90000.0, "bottom": -20000.0, "row_index": 52, "col_index": 5 }, "geometry": { "type": "Point", "coordinates": [ 3.5222193, 51.266937 ] } },
{ "type": "Feature", "properties": { "id": 379, "left": -95000.0, "top": -30000.0, "right": -90000.0, "bottom": -25000.0, "row_index": 53, "col_index": 5 }, "geometry": { "type": "Point", "coordinates": [ 3.5235439, 51.2220002 ] } },
{ "type": "Feature", "properties": { "id": 380, "left": -95000.0, "top": -35000.0, "right": -90000.0, "bottom": -30000.0, "row_index": 54, "col_index": 5 }, "geometry": { "type": "Point", "coordinates": [ 3.5248651, 51.177063 ] } },
{ "type": "Feature", "properties": { "id": 381, "left": -95000.0, "top": -40000.0, "right": -90000.0, "bottom": -35000.0, "row_index": 55, "col_index": 5 }, "geometry": { "type": "Point", "coordinates": [ 3.5261829, 51.1321255 ] } },
{ "type": "Feature", "properties": { "id": 382, "left": -95000.0, "top": -45000.0, "right": -90000.0, "bottom": -40000.0, "row_index": 56, "col_index": 5 }, "geometry": { "type": "Point", "coordinates": [ 3.5274973, 51.0871876 ] } },
{ "type": "Feature", "properties": { "id": 383, "left": -95000.0, "top": -50000.0, "right": -90000.0, "bottom": -45000.0, "row_index": 57, "col_index": 5 }, "geometry": { "type": "Point", "coordinates": [ 3.5288083, 51.0422493 ] } },
{ "type": "Feature", "properties": { "id": 384, "left": -95000.0, "top": -55000.0, "right": -90000.0, "bottom": -50000.0, "row_index": 58, "col_index": 5 }, "geometry": { "type": "Point", "coordinates": [ 3.530116, 50.9973107 ] } },
{ "type": "Feature", "properties": { "id": 385, "left": -95000.0, "top": -60000.0, "right": -90000.0, "bottom": -55000.0, "row_index": 59, "col_index": 5 }, "geometry": { "type": "Point", "coordinates": [ 3.5314203, 50.9523717 ] } },
{ "type": "Feature", "properties": { "id": 386, "left": -95000.0, "top": -65000.0, "right": -90000.0, "bottom": -60000.0, "row_index": 60, "col_index": 5 }, "geometry": { "type": "Point", "coordinates": [ 3.5327213, 50.9074323 ] } },
{ "type": "Feature", "properties": { "id": 387, "left": -95000.0, "top": -70000.0, "right": -90000.0, "bottom": -65000.0, "row_index": 61, "col_index": 5 }, "geometry": { "type": "Point", "coordinates": [ 3.5340189, 50.8624926 ] } },
{ "type": "Feature", "properties": { "id": 388, "left": -95000.0, "top": -75000.0, "right": -90000.0, "bottom": -70000.0, "row_index": 62, "col_index": 5 }, "geometry": { "type": "Point", "coordinates": [ 3.5353132, 50.8175525 ] } },
{ "type": "Feature", "properties": { "id": 389, "left": -95000.0, "top": -80000.0, "right": -90000.0, "bottom": -75000.0, "row_index": 63, "col_index": 5 }, "geometry": { "type": "Point", "coordinates": [ 3.5366043, 50.7726121 ] } },
{ "type": "Feature", "properties": { "id": 390, "left": -95000.0, "top": -85000.0, "right": -90000.0, "bottom": -80000.0, "row_index": 64, "col_index": 5 }, "geometry": { "type": "Point", "coordinates": [ 3.537892, 50.7276713 ] } },
{ "type": "Feature", "properties": { "id": 391, "left": -90000.0, "top": 235000.0, "right": -85000.0, "bottom": 240000.0, "row_index": 0, "col_index": 6 }, "geometry": { "type": "Point", "coordinates": [ 3.523855, 53.6040116 ] } },
{ "type": "Feature", "properties": { "id": 392, "left": -90000.0, "top": 230000.0, "right": -85000.0, "bottom": 235000.0, "row_index": 1, "col_index": 6 }, "geometry": { "type": "Point", "coordinates": [ 3.5252944, 53.5590925 ] } },
{ "type": "Feature", "properties": { "id": 393, "left": -90000.0, "top": 225000.0, "right": -85000.0, "bottom": 230000.0, "row_index": 2, "col_index": 6 }, "geometry": { "type": "Point", "coordinates": [ 3.5267298, 53.5141732 ] } },
{ "type": "Feature", "properties": { "id": 394, "left": -90000.0, "top": 220000.0, "right": -85000.0, "bottom": 225000.0, "row_index": 3, "col_index": 6 }, "geometry": { "type": "Point", "coordinates": [ 3.5281614, 53.4692534 ] } },
{ "type": "Feature", "properties": { "id": 395, "left": -90000.0, "top": 215000.0, "right": -85000.0, "bottom": 220000.0, "row_index": 4, "col_index": 6 }, "geometry": { "type": "Point", "coordinates": [ 3.5295891, 53.4243333 ] } },
{ "type": "Feature", "properties": { "id": 396, "left": -90000.0, "top": 210000.0, "right": -85000.0, "bottom": 215000.0, "row_index": 5, "col_index": 6 }, "geometry": { "type": "Point", "coordinates": [ 3.531013, 53.3794129 ] } },
{ "type": "Feature", "properties": { "id": 397, "left": -90000.0, "top": 205000.0, "right": -85000.0, "bottom": 210000.0, "row_index": 6, "col_index": 6 }, "geometry": { "type": "Point", "coordinates": [ 3.5324331, 53.3344921 ] } },
{ "type": "Feature", "properties": { "id": 398, "left": -90000.0, "top": 200000.0, "right": -85000.0, "bottom": 205000.0, "row_index": 7, "col_index": 6 }, "geometry": { "type": "Point", "coordinates": [ 3.5338494, 53.289571 ] } },
{ "type": "Feature", "properties": { "id": 399, "left": -90000.0, "top": 195000.0, "right": -85000.0, "bottom": 200000.0, "row_index": 8, "col_index": 6 }, "geometry": { "type": "Point", "coordinates": [ 3.5352619, 53.2446495 ] } },
{ "type": "Feature", "properties": { "id": 400, "left": -90000.0, "top": 190000.0, "right": -85000.0, "bottom": 195000.0, "row_index": 9, "col_index": 6 }, "geometry": { "type": "Point", "coordinates": [ 3.5366706, 53.1997276 ] } },
{ "type": "Feature", "properties": { "id": 401, "left": -90000.0, "top": 185000.0, "right": -85000.0, "bottom": 190000.0, "row_index": 10, "col_index": 6 }, "geometry": { "type": "Point", "coordinates": [ 3.5380755, 53.1548054 ] } },
{ "type": "Feature", "properties": { "id": 402, "left": -90000.0, "top": 180000.0, "right": -85000.0, "bottom": 185000.0, "row_index": 11, "col_index": 6 }, "geometry": { "type": "Point", "coordinates": [ 3.5394767, 53.1098828 ] } },
{ "type": "Feature", "properties": { "id": 403, "left": -90000.0, "top": 175000.0, "right": -85000.0, "bottom": 180000.0, "row_index": 12, "col_index": 6 }, "geometry": { "type": "Point", "coordinates": [ 3.5408741, 53.0649599 ] } },
{ "type": "Feature", "properties": { "id": 404, "left": -90000.0, "top": 170000.0, "right": -85000.0, "bottom": 175000.0, "row_index": 13, "col_index": 6 }, "geometry": { "type": "Point", "coordinates": [ 3.5422678, 53.0200366 ] } },
{ "type": "Feature", "properties": { "id": 405, "left": -90000.0, "top": 165000.0, "right": -85000.0, "bottom": 170000.0, "row_index": 14, "col_index": 6 }, "geometry": { "type": "Point", "coordinates": [ 3.5436578, 52.975113 ] } },
{ "type": "Feature", "properties": { "id": 406, "left": -90000.0, "top": 160000.0, "right": -85000.0, "bottom": 165000.0, "row_index": 15, "col_index": 6 }, "geometry": { "type": "Point", "coordinates": [ 3.5450441, 52.930189 ] } },
{ "type": "Feature", "properties": { "id": 407, "left": -90000.0, "top": 155000.0, "right": -85000.0, "bottom": 160000.0, "row_index": 16, "col_index": 6 }, "geometry": { "type": "Point", "coordinates": [ 3.5464267, 52.8852646 ] } },
{ "type": "Feature", "properties": { "id": 408, "left": -90000.0, "top": 150000.0, "right": -85000.0, "bottom": 155000.0, "row_index": 17, "col_index": 6 }, "geometry": { "type": "Point", "coordinates": [ 3.5478057, 52.8403399 ] } },
{ "type": "Feature", "properties": { "id": 409, "left": -90000.0, "top": 145000.0, "right": -85000.0, "bottom": 150000.0, "row_index": 18, "col_index": 6 }, "geometry": { "type": "Point", "coordinates": [ 3.5491809, 52.7954148 ] } },
{ "type": "Feature", "properties": { "id": 410, "left": -90000.0, "top": 140000.0, "right": -85000.0, "bottom": 145000.0, "row_index": 19, "col_index": 6 }, "geometry": { "type": "Point", "coordinates": [ 3.5505526, 52.7504894 ] } },
{ "type": "Feature", "properties": { "id": 411, "left": -90000.0, "top": 135000.0, "right": -85000.0, "bottom": 140000.0, "row_index": 20, "col_index": 6 }, "geometry": { "type": "Point", "coordinates": [ 3.5519206, 52.7055637 ] } },
{ "type": "Feature", "properties": { "id": 412, "left": -90000.0, "top": 130000.0, "right": -85000.0, "bottom": 135000.0, "row_index": 21, "col_index": 6 }, "geometry": { "type": "Point", "coordinates": [ 3.5532849, 52.6606375 ] } },
{ "type": "Feature", "properties": { "id": 413, "left": -90000.0, "top": 125000.0, "right": -85000.0, "bottom": 130000.0, "row_index": 22, "col_index": 6 }, "geometry": { "type": "Point", "coordinates": [ 3.5546457, 52.615711 ] } },
{ "type": "Feature", "properties": { "id": 414, "left": -90000.0, "top": 120000.0, "right": -85000.0, "bottom": 125000.0, "row_index": 23, "col_index": 6 }, "geometry": { "type": "Point", "coordinates": [ 3.5560028, 52.5707842 ] } },
{ "type": "Feature", "properties": { "id": 415, "left": -90000.0, "top": 115000.0, "right": -85000.0, "bottom": 120000.0, "row_index": 24, "col_index": 6 }, "geometry": { "type": "Point", "coordinates": [ 3.5573564, 52.525857 ] } },
{ "type": "Feature", "properties": { "id": 416, "left": -90000.0, "top": 110000.0, "right": -85000.0, "bottom": 115000.0, "row_index": 25, "col_index": 6 }, "geometry": { "type": "Point", "coordinates": [ 3.5587064, 52.4809294 ] } },
{ "type": "Feature", "properties": { "id": 417, "left": -90000.0, "top": 105000.0, "right": -85000.0, "bottom": 110000.0, "row_index": 26, "col_index": 6 }, "geometry": { "type": "Point", "coordinates": [ 3.5600528, 52.4360015 ] } },
{ "type": "Feature", "properties": { "id": 418, "left": -90000.0, "top": 100000.0, "right": -85000.0, "bottom": 105000.0, "row_index": 27, "col_index": 6 }, "geometry": { "type": "Point", "coordinates": [ 3.5613957, 52.3910732 ] } },
{ "type": "Feature", "properties": { "id": 419, "left": -90000.0, "top": 95000.0, "right": -85000.0, "bottom": 100000.0, "row_index": 28, "col_index": 6 }, "geometry": { "type": "Point", "coordinates": [ 3.5627351, 52.3461446 ] } },
{ "type": "Feature", "properties": { "id": 420, "left": -90000.0, "top": 90000.0, "right": -85000.0, "bottom": 95000.0, "row_index": 29, "col_index": 6 }, "geometry": { "type": "Point", "coordinates": [ 3.5640709, 52.3012156 ] } },
{ "type": "Feature", "properties": { "id": 421, "left": -90000.0, "top": 85000.0, "right": -85000.0, "bottom": 90000.0, "row_index": 30, "col_index": 6 }, "geometry": { "type": "Point", "coordinates": [ 3.5654033, 52.2562862 ] } },
{ "type": "Feature", "properties": { "id": 422, "left": -90000.0, "top": 80000.0, "right": -85000.0, "bottom": 85000.0, "row_index": 31, "col_index": 6 }, "geometry": { "type": "Point", "coordinates": [ 3.5667321, 52.2113565 ] } },
{ "type": "Feature", "properties": { "id": 423, "left": -90000.0, "top": 75000.0, "right": -85000.0, "bottom": 80000.0, "row_index": 32, "col_index": 6 }, "geometry": { "type": "Point", "coordinates": [ 3.5680574, 52.1664265 ] } },
{ "type": "Feature", "properties": { "id": 424, "left": -90000.0, "top": 70000.0, "right": -85000.0, "bottom": 75000.0, "row_index": 33, "col_index": 6 }, "geometry": { "type": "Point", "coordinates": [ 3.5693793, 52.121496 ] } },
{ "type": "Feature", "properties": { "id": 425, "left": -90000.0, "top": 65000.0, "right": -85000.0, "bottom": 70000.0, "row_index": 34, "col_index": 6 }, "geometry": { "type": "Point", "coordinates": [ 3.5706977, 52.0765652 ] } },
{ "type": "Feature", "properties": { "id": 426, "left": -90000.0, "top": 60000.0, "right": -85000.0, "bottom": 65000.0, "row_index": 35, "col_index": 6 }, "geometry": { "type": "Point", "coordinates": [ 3.5720127, 52.0316341 ] } },
{ "type": "Feature", "properties": { "id": 427, "left": -90000.0, "top": 55000.0, "right": -85000.0, "bottom": 60000.0, "row_index": 36, "col_index": 6 }, "geometry": { "type": "Point", "coordinates": [ 3.5733242, 51.9867026 ] } },
{ "type": "Feature", "properties": { "id": 428, "left": -90000.0, "top": 50000.0, "right": -85000.0, "bottom": 55000.0, "row_index": 37, "col_index": 6 }, "geometry": { "type": "Point", "coordinates": [ 3.5746323, 51.9417707 ] } },
{ "type": "Feature", "properties": { "id": 429, "left": -90000.0, "top": 45000.0, "right": -85000.0, "bottom": 50000.0, "row_index": 38, "col_index": 6 }, "geometry": { "type": "Point", "coordinates": [ 3.575937, 51.8968385 ] } },
{ "type": "Feature", "properties": { "id": 430, "left": -90000.0, "top": 40000.0, "right": -85000.0, "bottom": 45000.0, "row_index": 39, "col_index": 6 }, "geometry": { "type": "Point", "coordinates": [ 3.5772383, 51.851906 ] } },
{ "type": "Feature", "properties": { "id": 431, "left": -90000.0, "top": 35000.0, "right": -85000.0, "bottom": 40000.0, "row_index": 40, "col_index": 6 }, "geometry": { "type": "Point", "coordinates": [ 3.5785362, 51.806973 ] } },
{ "type": "Feature", "properties": { "id": 432, "left": -90000.0, "top": 30000.0, "right": -85000.0, "bottom": 35000.0, "row_index": 41, "col_index": 6 }, "geometry": { "type": "Point", "coordinates": [ 3.5798307, 51.7620397 ] } },
{ "type": "Feature", "properties": { "id": 433, "left": -90000.0, "top": 25000.0, "right": -85000.0, "bottom": 30000.0, "row_index": 42, "col_index": 6 }, "geometry": { "type": "Point", "coordinates": [ 3.5811218, 51.7171061 ] } },
{ "type": "Feature", "properties": { "id": 434, "left": -90000.0, "top": 20000.0, "right": -85000.0, "bottom": 25000.0, "row_index": 43, "col_index": 6 }, "geometry": { "type": "Point", "coordinates": [ 3.5824096, 51.6721721 ] } },
{ "type": "Feature", "properties": { "id": 435, "left": -90000.0, "top": 15000.0, "right": -85000.0, "bottom": 20000.0, "row_index": 44, "col_index": 6 }, "geometry": { "type": "Point", "coordinates": [ 3.5836941, 51.6272377 ] } },
{ "type": "Feature", "properties": { "id": 436, "left": -90000.0, "top": 10000.0, "right": -85000.0, "bottom": 15000.0, "row_index": 45, "col_index": 6 }, "geometry": { "type": "Point", "coordinates": [ 3.5849752, 51.582303 ] } },
{ "type": "Feature", "properties": { "id": 437, "left": -90000.0, "top": 5000.0, "right": -85000.0, "bottom": 10000.0, "row_index": 46, "col_index": 6 }, "geometry": { "type": "Point", "coordinates": [ 3.586253, 51.5373679 ] } },
{ "type": "Feature", "properties": { "id": 438, "left": -90000.0, "top": 0.0, "right": -85000.0, "bottom": 5000.0, "row_index": 47, "col_index": 6 }, "geometry": { "type": "Point", "coordinates": [ 3.5875275, 51.4924324 ] } },
{ "type": "Feature", "properties": { "id": 439, "left": -90000.0, "top": -5000.0, "right": -85000.0, "bottom": 0.0, "row_index": 48, "col_index": 6 }, "geometry": { "type": "Point", "coordinates": [ 3.5887987, 51.4474966 ] } },
{ "type": "Feature", "properties": { "id": 440, "left": -90000.0, "top": -10000.0, "right": -85000.0, "bottom": -5000.0, "row_index": 49, "col_index": 6 }, "geometry": { "type": "Point", "coordinates": [ 3.5900666, 51.4025604 ] } },
{ "type": "Feature", "properties": { "id": 441, "left": -90000.0, "top": -15000.0, "right": -85000.0, "bottom": -10000.0, "row_index": 50, "col_index": 6 }, "geometry": { "type": "Point", "coordinates": [ 3.5913312, 51.3576239 ] } },
{ "type": "Feature", "properties": { "id": 442, "left": -90000.0, "top": -20000.0, "right": -85000.0, "bottom": -15000.0, "row_index": 51, "col_index": 6 }, "geometry": { "type": "Point", "coordinates": [ 3.5925926, 51.312687 ] } },
{ "type": "Feature", "properties": { "id": 443, "left": -90000.0, "top": -25000.0, "right": -85000.0, "bottom": -20000.0, "row_index": 52, "col_index": 6 }, "geometry": { "type": "Point", "coordinates": [ 3.5938507, 51.2677498 ] } },
{ "type": "Feature", "properties": { "id": 444, "left": -90000.0, "top": -30000.0, "right": -85000.0, "bottom": -25000.0, "row_index": 53, "col_index": 6 }, "geometry": { "type": "Point", "coordinates": [ 3.5951056, 51.2228122 ] } },
{ "type": "Feature", "properties": { "id": 445, "left": -90000.0, "top": -35000.0, "right": -85000.0, "bottom": -30000.0, "row_index": 54, "col_index": 6 }, "geometry": { "type": "Point", "coordinates": [ 3.5963572, 51.1778742 ] } },
{ "type": "Feature", "properties": { "id": 446, "left": -90000.0, "top": -40000.0, "right": -85000.0, "bottom": -35000.0, "row_index": 55, "col_index": 6 }, "geometry": { "type": "Point", "coordinates": [ 3.5976056, 51.1329359 ] } },
{ "type": "Feature", "properties": { "id": 447, "left": -90000.0, "top": -45000.0, "right": -85000.0, "bottom": -40000.0, "row_index": 56, "col_index": 6 }, "geometry": { "type": "Point", "coordinates": [ 3.5988508, 51.0879972 ] } },
{ "type": "Feature", "properties": { "id": 448, "left": -90000.0, "top": -50000.0, "right": -85000.0, "bottom": -45000.0, "row_index": 57, "col_index": 6 }, "geometry": { "type": "Point", "coordinates": [ 3.6000928, 51.0430581 ] } },
{ "type": "Feature", "properties": { "id": 449, "left": -90000.0, "top": -55000.0, "right": -85000.0, "bottom": -50000.0, "row_index": 58, "col_index": 6 }, "geometry": { "type": "Point", "coordinates": [ 3.6013317, 50.9981187 ] } },
{ "type": "Feature", "properties": { "id": 450, "left": -90000.0, "top": -60000.0, "right": -85000.0, "bottom": -55000.0, "row_index": 59, "col_index": 6 }, "geometry": { "type": "Point", "coordinates": [ 3.6025673, 50.953179 ] } },
{ "type": "Feature", "properties": { "id": 451, "left": -90000.0, "top": -65000.0, "right": -85000.0, "bottom": -60000.0, "row_index": 60, "col_index": 6 }, "geometry": { "type": "Point", "coordinates": [ 3.6037998, 50.9082388 ] } },
{ "type": "Feature", "properties": { "id": 452, "left": -90000.0, "top": -70000.0, "right": -85000.0, "bottom": -65000.0, "row_index": 61, "col_index": 6 }, "geometry": { "type": "Point", "coordinates": [ 3.6050291, 50.8632983 ] } },
{ "type": "Feature", "properties": { "id": 453, "left": -90000.0, "top": -75000.0, "right": -85000.0, "bottom": -70000.0, "row_index": 62, "col_index": 6 }, "geometry": { "type": "Point", "coordinates": [ 3.6062553, 50.8183575 ] } },
{ "type": "Feature", "properties": { "id": 454, "left": -90000.0, "top": -80000.0, "right": -85000.0, "bottom": -75000.0, "row_index": 63, "col_index": 6 }, "geometry": { "type": "Point", "coordinates": [ 3.6074783, 50.7734163 ] } },
{ "type": "Feature", "properties": { "id": 455, "left": -90000.0, "top": -85000.0, "right": -85000.0, "bottom": -80000.0, "row_index": 64, "col_index": 6 }, "geometry": { "type": "Point", "coordinates": [ 3.6086983, 50.7284747 ] } },
{ "type": "Feature", "properties": { "id": 456, "left": -85000.0, "top": 235000.0, "right": -80000.0, "bottom": 240000.0, "row_index": 0, "col_index": 7 }, "geometry": { "type": "Point", "coordinates": [ 3.5993787, 53.6048212 ] } },
{ "type": "Feature", "properties": { "id": 457, "left": -85000.0, "top": 230000.0, "right": -80000.0, "bottom": 235000.0, "row_index": 1, "col_index": 7 }, "geometry": { "type": "Point", "coordinates": [ 3.6007381, 53.5599014 ] } },
{ "type": "Feature", "properties": { "id": 458, "left": -85000.0, "top": 225000.0, "right": -80000.0, "bottom": 230000.0, "row_index": 2, "col_index": 7 }, "geometry": { "type": "Point", "coordinates": [ 3.6020938, 53.5149812 ] } },
{ "type": "Feature", "properties": { "id": 459, "left": -85000.0, "top": 220000.0, "right": -80000.0, "bottom": 225000.0, "row_index": 3, "col_index": 7 }, "geometry": { "type": "Point", "coordinates": [ 3.6034458, 53.4700606 ] } },
{ "type": "Feature", "properties": { "id": 460, "left": -85000.0, "top": 215000.0, "right": -80000.0, "bottom": 220000.0, "row_index": 4, "col_index": 7 }, "geometry": { "type": "Point", "coordinates": [ 3.6047942, 53.4251397 ] } },
{ "type": "Feature", "properties": { "id": 461, "left": -85000.0, "top": 210000.0, "right": -80000.0, "bottom": 215000.0, "row_index": 5, "col_index": 7 }, "geometry": { "type": "Point", "coordinates": [ 3.606139, 53.3802185 ] } },
{ "type": "Feature", "properties": { "id": 462, "left": -85000.0, "top": 205000.0, "right": -80000.0, "bottom": 210000.0, "row_index": 6, "col_index": 7 }, "geometry": { "type": "Point", "coordinates": [ 3.6074801, 53.3352969 ] } },
{ "type": "Feature", "properties": { "id": 463, "left": -85000.0, "top": 200000.0, "right": -80000.0, "bottom": 205000.0, "row_index": 7, "col_index": 7 }, "geometry": { "type": "Point", "coordinates": [ 3.6088177, 53.2903749 ] } },
{ "type": "Feature", "properties": { "id": 464, "left": -85000.0, "top": 195000.0, "right": -80000.0, "bottom": 200000.0, "row_index": 8, "col_index": 7 }, "geometry": { "type": "Point", "coordinates": [ 3.6101517, 53.2454526 ] } },
{ "type": "Feature", "properties": { "id": 465, "left": -85000.0, "top": 190000.0, "right": -80000.0, "bottom": 195000.0, "row_index": 9, "col_index": 7 }, "geometry": { "type": "Point", "coordinates": [ 3.6114821, 53.2005299 ] } },
{ "type": "Feature", "properties": { "id": 466, "left": -85000.0, "top": 185000.0, "right": -80000.0, "bottom": 190000.0, "row_index": 10, "col_index": 7 }, "geometry": { "type": "Point", "coordinates": [ 3.612809, 53.1556069 ] } },
{ "type": "Feature", "properties": { "id": 467, "left": -85000.0, "top": 180000.0, "right": -80000.0, "bottom": 185000.0, "row_index": 11, "col_index": 7 }, "geometry": { "type": "Point", "coordinates": [ 3.6141323, 53.1106835 ] } },
{ "type": "Feature", "properties": { "id": 468, "left": -85000.0, "top": 175000.0, "right": -80000.0, "bottom": 180000.0, "row_index": 12, "col_index": 7 }, "geometry": { "type": "Point", "coordinates": [ 3.6154521, 53.0657598 ] } },
{ "type": "Feature", "properties": { "id": 469, "left": -85000.0, "top": 170000.0, "right": -80000.0, "bottom": 175000.0, "row_index": 13, "col_index": 7 }, "geometry": { "type": "Point", "coordinates": [ 3.6167683, 53.0208357 ] } },
{ "type": "Feature", "properties": { "id": 470, "left": -85000.0, "top": 165000.0, "right": -80000.0, "bottom": 170000.0, "row_index": 14, "col_index": 7 }, "geometry": { "type": "Point", "coordinates": [ 3.6180811, 52.9759112 ] } },
{ "type": "Feature", "properties": { "id": 471, "left": -85000.0, "top": 160000.0, "right": -80000.0, "bottom": 165000.0, "row_index": 15, "col_index": 7 }, "geometry": { "type": "Point", "coordinates": [ 3.6193903, 52.9309864 ] } },
{ "type": "Feature", "properties": { "id": 472, "left": -85000.0, "top": 155000.0, "right": -80000.0, "bottom": 160000.0, "row_index": 16, "col_index": 7 }, "geometry": { "type": "Point", "coordinates": [ 3.6206961, 52.8860613 ] } },
{ "type": "Feature", "properties": { "id": 473, "left": -85000.0, "top": 150000.0, "right": -80000.0, "bottom": 155000.0, "row_index": 17, "col_index": 7 }, "geometry": { "type": "Point", "coordinates": [ 3.6219984, 52.8411358 ] } },
{ "type": "Feature", "properties": { "id": 474, "left": -85000.0, "top": 145000.0, "right": -80000.0, "bottom": 150000.0, "row_index": 18, "col_index": 7 }, "geometry": { "type": "Point", "coordinates": [ 3.6232973, 52.7962099 ] } },
{ "type": "Feature", "properties": { "id": 475, "left": -85000.0, "top": 140000.0, "right": -80000.0, "bottom": 145000.0, "row_index": 19, "col_index": 7 }, "geometry": { "type": "Point", "coordinates": [ 3.6245927, 52.7512837 ] } },
{ "type": "Feature", "properties": { "id": 476, "left": -85000.0, "top": 135000.0, "right": -80000.0, "bottom": 140000.0, "row_index": 20, "col_index": 7 }, "geometry": { "type": "Point", "coordinates": [ 3.6258846, 52.7063571 ] } },
{ "type": "Feature", "properties": { "id": 477, "left": -85000.0, "top": 130000.0, "right": -80000.0, "bottom": 135000.0, "row_index": 21, "col_index": 7 }, "geometry": { "type": "Point", "coordinates": [ 3.6271732, 52.6614302 ] } },
{ "type": "Feature", "properties": { "id": 478, "left": -85000.0, "top": 125000.0, "right": -80000.0, "bottom": 130000.0, "row_index": 22, "col_index": 7 }, "geometry": { "type": "Point", "coordinates": [ 3.6284583, 52.6165029 ] } },
{ "type": "Feature", "properties": { "id": 479, "left": -85000.0, "top": 120000.0, "right": -80000.0, "bottom": 125000.0, "row_index": 23, "col_index": 7 }, "geometry": { "type": "Point", "coordinates": [ 3.62974, 52.5715752 ] } },
{ "type": "Feature", "properties": { "id": 480, "left": -85000.0, "top": 115000.0, "right": -80000.0, "bottom": 120000.0, "row_index": 24, "col_index": 7 }, "geometry": { "type": "Point", "coordinates": [ 3.6310184, 52.5266473 ] } },
{ "type": "Feature", "properties": { "id": 481, "left": -85000.0, "top": 110000.0, "right": -80000.0, "bottom": 115000.0, "row_index": 25, "col_index": 7 }, "geometry": { "type": "Point", "coordinates": [ 3.6322934, 52.4817189 ] } },
{ "type": "Feature", "properties": { "id": 482, "left": -85000.0, "top": 105000.0, "right": -80000.0, "bottom": 110000.0, "row_index": 26, "col_index": 7 }, "geometry": { "type": "Point", "coordinates": [ 3.633565, 52.4367902 ] } },
{ "type": "Feature", "properties": { "id": 483, "left": -85000.0, "top": 100000.0, "right": -80000.0, "bottom": 105000.0, "row_index": 27, "col_index": 7 }, "geometry": { "type": "Point", "coordinates": [ 3.6348332, 52.3918611 ] } },
{ "type": "Feature", "properties": { "id": 484, "left": -85000.0, "top": 95000.0, "right": -80000.0, "bottom": 100000.0, "row_index": 28, "col_index": 7 }, "geometry": { "type": "Point", "coordinates": [ 3.6360982, 52.3469317 ] } },
{ "type": "Feature", "properties": { "id": 485, "left": -85000.0, "top": 90000.0, "right": -80000.0, "bottom": 95000.0, "row_index": 29, "col_index": 7 }, "geometry": { "type": "Point", "coordinates": [ 3.6373598, 52.3020019 ] } },
{ "type": "Feature", "properties": { "id": 486, "left": -85000.0, "top": 85000.0, "right": -80000.0, "bottom": 90000.0, "row_index": 30, "col_index": 7 }, "geometry": { "type": "Point", "coordinates": [ 3.638618, 52.2570718 ] } },
{ "type": "Feature", "properties": { "id": 487, "left": -85000.0, "top": 80000.0, "right": -80000.0, "bottom": 85000.0, "row_index": 31, "col_index": 7 }, "geometry": { "type": "Point", "coordinates": [ 3.639873, 52.2121413 ] } },
{ "type": "Feature", "properties": { "id": 488, "left": -85000.0, "top": 75000.0, "right": -80000.0, "bottom": 80000.0, "row_index": 32, "col_index": 7 }, "geometry": { "type": "Point", "coordinates": [ 3.6411247, 52.1672105 ] } },
{ "type": "Feature", "properties": { "id": 489, "left": -85000.0, "top": 70000.0, "right": -80000.0, "bottom": 75000.0, "row_index": 33, "col_index": 7 }, "geometry": { "type": "Point", "coordinates": [ 3.6423731, 52.1222793 ] } },
{ "type": "Feature", "properties": { "id": 490, "left": -85000.0, "top": 65000.0, "right": -80000.0, "bottom": 70000.0, "row_index": 34, "col_index": 7 }, "geometry": { "type": "Point", "coordinates": [ 3.6436183, 52.0773477 ] } },
{ "type": "Feature", "properties": { "id": 491, "left": -85000.0, "top": 60000.0, "right": -80000.0, "bottom": 65000.0, "row_index": 35, "col_index": 7 }, "geometry": { "type": "Point", "coordinates": [ 3.6448601, 52.0324158 ] } },
{ "type": "Feature", "properties": { "id": 492, "left": -85000.0, "top": 55000.0, "right": -80000.0, "bottom": 60000.0, "row_index": 36, "col_index": 7 }, "geometry": { "type": "Point", "coordinates": [ 3.6460988, 51.9874835 ] } },
{ "type": "Feature", "properties": { "id": 493, "left": -85000.0, "top": 50000.0, "right": -80000.0, "bottom": 55000.0, "row_index": 37, "col_index": 7 }, "geometry": { "type": "Point", "coordinates": [ 3.6473342, 51.9425509 ] } },
{ "type": "Feature", "properties": { "id": 494, "left": -85000.0, "top": 45000.0, "right": -80000.0, "bottom": 50000.0, "row_index": 38, "col_index": 7 }, "geometry": { "type": "Point", "coordinates": [ 3.6485664, 51.8976179 ] } },
{ "type": "Feature", "properties": { "id": 495, "left": -85000.0, "top": 40000.0, "right": -80000.0, "bottom": 45000.0, "row_index": 39, "col_index": 7 }, "geometry": { "type": "Point", "coordinates": [ 3.6497953, 51.8526846 ] } },
{ "type": "Feature", "properties": { "id": 496, "left": -85000.0, "top": 35000.0, "right": -80000.0, "bottom": 40000.0, "row_index": 40, "col_index": 7 }, "geometry": { "type": "Point", "coordinates": [ 3.6510211, 51.8077509 ] } },
{ "type": "Feature", "properties": { "id": 497, "left": -85000.0, "top": 30000.0, "right": -80000.0, "bottom": 35000.0, "row_index": 41, "col_index": 7 }, "geometry": { "type": "Point", "coordinates": [ 3.6522437, 51.7628168 ] } },
{ "type": "Feature", "properties": { "id": 498, "left": -85000.0, "top": 25000.0, "right": -80000.0, "bottom": 30000.0, "row_index": 42, "col_index": 7 }, "geometry": { "type": "Point", "coordinates": [ 3.6534631, 51.7178824 ] } },
{ "type": "Feature", "properties": { "id": 499, "left": -85000.0, "top": 20000.0, "right": -80000.0, "bottom": 25000.0, "row_index": 43, "col_index": 7 }, "geometry": { "type": "Point", "coordinates": [ 3.6546793, 51.6729476 ] } },
{ "type": "Feature", "properties": { "id": 500, "left": -85000.0, "top": 15000.0, "right": -80000.0, "bottom": 20000.0, "row_index": 44, "col_index": 7 }, "geometry": { "type": "Point", "coordinates": [ 3.6558924, 51.6280125 ] } },
{ "type": "Feature", "properties": { "id": 501, "left": -85000.0, "top": 10000.0, "right": -80000.0, "bottom": 15000.0, "row_index": 45, "col_index": 7 }, "geometry": { "type": "Point", "coordinates": [ 3.6571023, 51.583077 ] } },
{ "type": "Feature", "properties": { "id": 502, "left": -85000.0, "top": 5000.0, "right": -80000.0, "bottom": 10000.0, "row_index": 46, "col_index": 7 }, "geometry": { "type": "Point", "coordinates": [ 3.6583091, 51.5381412 ] } },
{ "type": "Feature", "properties": { "id": 503, "left": -85000.0, "top": 0.0, "right": -80000.0, "bottom": 5000.0, "row_index": 47, "col_index": 7 }, "geometry": { "type": "Point", "coordinates": [ 3.6595127, 51.493205 ] } },
{ "type": "Feature", "properties": { "id": 504, "left": -85000.0, "top": -5000.0, "right": -80000.0, "bottom": 0.0, "row_index": 48, "col_index": 7 }, "geometry": { "type": "Point", "coordinates": [ 3.6607133, 51.4482684 ] } },
{ "type": "Feature", "properties": { "id": 505, "left": -85000.0, "top": -10000.0, "right": -80000.0, "bottom": -5000.0, "row_index": 49, "col_index": 7 }, "geometry": { "type": "Point", "coordinates": [ 3.6619107, 51.4033315 ] } },
{ "type": "Feature", "properties": { "id": 506, "left": -85000.0, "top": -15000.0, "right": -80000.0, "bottom": -10000.0, "row_index": 50, "col_index": 7 }, "geometry": { "type": "Point", "coordinates": [ 3.663105, 51.3583942 ] } },
{ "type": "Feature", "properties": { "id": 507, "left": -85000.0, "top": -20000.0, "right": -80000.0, "bottom": -15000.0, "row_index": 51, "col_index": 7 }, "geometry": { "type": "Point", "coordinates": [ 3.6642963, 51.3134566 ] } },
{ "type": "Feature", "properties": { "id": 508, "left": -85000.0, "top": -25000.0, "right": -80000.0, "bottom": -20000.0, "row_index": 52, "col_index": 7 }, "geometry": { "type": "Point", "coordinates": [ 3.6654845, 51.2685186 ] } },
{ "type": "Feature", "properties": { "id": 509, "left": -85000.0, "top": -30000.0, "right": -80000.0, "bottom": -25000.0, "row_index": 53, "col_index": 7 }, "geometry": { "type": "Point", "coordinates": [ 3.6666696, 51.2235802 ] } },
{ "type": "Feature", "properties": { "id": 510, "left": -85000.0, "top": -35000.0, "right": -80000.0, "bottom": -30000.0, "row_index": 54, "col_index": 7 }, "geometry": { "type": "Point", "coordinates": [ 3.6678517, 51.1786415 ] } },
{ "type": "Feature", "properties": { "id": 511, "left": -85000.0, "top": -40000.0, "right": -80000.0, "bottom": -35000.0, "row_index": 55, "col_index": 7 }, "geometry": { "type": "Point", "coordinates": [ 3.6690307, 51.1337024 ] } },
{ "type": "Feature", "properties": { "id": 512, "left": -85000.0, "top": -45000.0, "right": -80000.0, "bottom": -40000.0, "row_index": 56, "col_index": 7 }, "geometry": { "type": "Point", "coordinates": [ 3.6702067, 51.088763 ] } },
{ "type": "Feature", "properties": { "id": 513, "left": -85000.0, "top": -50000.0, "right": -80000.0, "bottom": -45000.0, "row_index": 57, "col_index": 7 }, "geometry": { "type": "Point", "coordinates": [ 3.6713797, 51.0438232 ] } },
{ "type": "Feature", "properties": { "id": 514, "left": -85000.0, "top": -55000.0, "right": -80000.0, "bottom": -50000.0, "row_index": 58, "col_index": 7 }, "geometry": { "type": "Point", "coordinates": [ 3.6725497, 50.9988831 ] } },
{ "type": "Feature", "properties": { "id": 515, "left": -85000.0, "top": -60000.0, "right": -80000.0, "bottom": -55000.0, "row_index": 59, "col_index": 7 }, "geometry": { "type": "Point", "coordinates": [ 3.6737167, 50.9539426 ] } },
{ "type": "Feature", "properties": { "id": 516, "left": -85000.0, "top": -65000.0, "right": -80000.0, "bottom": -60000.0, "row_index": 60, "col_index": 7 }, "geometry": { "type": "Point", "coordinates": [ 3.6748807, 50.9090017 ] } },
{ "type": "Feature", "properties": { "id": 517, "left": -85000.0, "top": -70000.0, "right": -80000.0, "bottom": -65000.0, "row_index": 61, "col_index": 7 }, "geometry": { "type": "Point", "coordinates": [ 3.6760417, 50.8640605 ] } },
{ "type": "Feature", "properties": { "id": 518, "left": -85000.0, "top": -75000.0, "right": -80000.0, "bottom": -70000.0, "row_index": 62, "col_index": 7 }, "geometry": { "type": "Point", "coordinates": [ 3.6771997, 50.8191189 ] } },
{ "type": "Feature", "properties": { "id": 519, "left": -85000.0, "top": -80000.0, "right": -80000.0, "bottom": -75000.0, "row_index": 63, "col_index": 7 }, "geometry": { "type": "Point", "coordinates": [ 3.6783548, 50.774177 ] } },
{ "type": "Feature", "properties": { "id": 520, "left": -85000.0, "top": -85000.0, "right": -80000.0, "bottom": -80000.0, "row_index": 64, "col_index": 7 }, "geometry": { "type": "Point", "coordinates": [ 3.6795069, 50.7292347 ] } },
{ "type": "Feature", "properties": { "id": 521, "left": -80000.0, "top": 235000.0, "right": -75000.0, "bottom": 240000.0, "row_index": 0, "col_index": 8 }, "geometry": { "type": "Point", "coordinates": [ 3.6749053, 53.6055846 ] } },
{ "type": "Feature", "properties": { "id": 522, "left": -80000.0, "top": 230000.0, "right": -75000.0, "bottom": 235000.0, "row_index": 1, "col_index": 8 }, "geometry": { "type": "Point", "coordinates": [ 3.6761846, 53.560664 ] } },
{ "type": "Feature", "properties": { "id": 523, "left": -80000.0, "top": 225000.0, "right": -75000.0, "bottom": 230000.0, "row_index": 2, "col_index": 8 }, "geometry": { "type": "Point", "coordinates": [ 3.6774605, 53.515743 ] } },
{ "type": "Feature", "properties": { "id": 524, "left": -80000.0, "top": 220000.0, "right": -75000.0, "bottom": 225000.0, "row_index": 3, "col_index": 8 }, "geometry": { "type": "Point", "coordinates": [ 3.678733, 53.4708217 ] } },
{ "type": "Feature", "properties": { "id": 525, "left": -80000.0, "top": 215000.0, "right": -75000.0, "bottom": 220000.0, "row_index": 4, "col_index": 8 }, "geometry": { "type": "Point", "coordinates": [ 3.6800021, 53.4259 ] } },
{ "type": "Feature", "properties": { "id": 526, "left": -80000.0, "top": 210000.0, "right": -75000.0, "bottom": 215000.0, "row_index": 5, "col_index": 8 }, "geometry": { "type": "Point", "coordinates": [ 3.6812677, 53.380978 ] } },
{ "type": "Feature", "properties": { "id": 527, "left": -80000.0, "top": 205000.0, "right": -75000.0, "bottom": 210000.0, "row_index": 6, "col_index": 8 }, "geometry": { "type": "Point", "coordinates": [ 3.6825299, 53.3360556 ] } },
{ "type": "Feature", "properties": { "id": 528, "left": -80000.0, "top": 200000.0, "right": -75000.0, "bottom": 205000.0, "row_index": 7, "col_index": 8 }, "geometry": { "type": "Point", "coordinates": [ 3.6837888, 53.2911328 ] } },
{ "type": "Feature", "properties": { "id": 529, "left": -80000.0, "top": 195000.0, "right": -75000.0, "bottom": 200000.0, "row_index": 8, "col_index": 8 }, "geometry": { "type": "Point", "coordinates": [ 3.6850443, 53.2462098 ] } },
{ "type": "Feature", "properties": { "id": 530, "left": -80000.0, "top": 190000.0, "right": -75000.0, "bottom": 195000.0, "row_index": 9, "col_index": 8 }, "geometry": { "type": "Point", "coordinates": [ 3.6862964, 53.2012863 ] } },
{ "type": "Feature", "properties": { "id": 531, "left": -80000.0, "top": 185000.0, "right": -75000.0, "bottom": 190000.0, "row_index": 10, "col_index": 8 }, "geometry": { "type": "Point", "coordinates": [ 3.6875452, 53.1563625 ] } },
{ "type": "Feature", "properties": { "id": 532, "left": -80000.0, "top": 180000.0, "right": -75000.0, "bottom": 185000.0, "row_index": 11, "col_index": 8 }, "geometry": { "type": "Point", "coordinates": [ 3.6887906, 53.1114384 ] } },
{ "type": "Feature", "properties": { "id": 533, "left": -80000.0, "top": 175000.0, "right": -75000.0, "bottom": 180000.0, "row_index": 12, "col_index": 8 }, "geometry": { "type": "Point", "coordinates": [ 3.6900327, 53.0665139 ] } },
{ "type": "Feature", "properties": { "id": 534, "left": -80000.0, "top": 170000.0, "right": -75000.0, "bottom": 175000.0, "row_index": 13, "col_index": 8 }, "geometry": { "type": "Point", "coordinates": [ 3.6912715, 53.021589 ] } },
{ "type": "Feature", "properties": { "id": 535, "left": -80000.0, "top": 165000.0, "right": -75000.0, "bottom": 170000.0, "row_index": 14, "col_index": 8 }, "geometry": { "type": "Point", "coordinates": [ 3.692507, 52.9766638 ] } },
{ "type": "Feature", "properties": { "id": 536, "left": -80000.0, "top": 160000.0, "right": -75000.0, "bottom": 165000.0, "row_index": 15, "col_index": 8 }, "geometry": { "type": "Point", "coordinates": [ 3.6937392, 52.9317383 ] } },
{ "type": "Feature", "properties": { "id": 537, "left": -80000.0, "top": 155000.0, "right": -75000.0, "bottom": 160000.0, "row_index": 16, "col_index": 8 }, "geometry": { "type": "Point", "coordinates": [ 3.6949681, 52.8868123 ] } },
{ "type": "Feature", "properties": { "id": 538, "left": -80000.0, "top": 150000.0, "right": -75000.0, "bottom": 155000.0, "row_index": 17, "col_index": 8 }, "geometry": { "type": "Point", "coordinates": [ 3.6961938, 52.8418861 ] } },
{ "type": "Feature", "properties": { "id": 539, "left": -80000.0, "top": 145000.0, "right": -75000.0, "bottom": 150000.0, "row_index": 18, "col_index": 8 }, "geometry": { "type": "Point", "coordinates": [ 3.6974162, 52.7969595 ] } },
{ "type": "Feature", "properties": { "id": 540, "left": -80000.0, "top": 140000.0, "right": -75000.0, "bottom": 145000.0, "row_index": 19, "col_index": 8 }, "geometry": { "type": "Point", "coordinates": [ 3.6986354, 52.7520325 ] } },
{ "type": "Feature", "properties": { "id": 541, "left": -80000.0, "top": 135000.0, "right": -75000.0, "bottom": 140000.0, "row_index": 20, "col_index": 8 }, "geometry": { "type": "Point", "coordinates": [ 3.6998513, 52.7071052 ] } },
{ "type": "Feature", "properties": { "id": 542, "left": -80000.0, "top": 130000.0, "right": -75000.0, "bottom": 135000.0, "row_index": 21, "col_index": 8 }, "geometry": { "type": "Point", "coordinates": [ 3.701064, 52.6621775 ] } },
{ "type": "Feature", "properties": { "id": 543, "left": -80000.0, "top": 125000.0, "right": -75000.0, "bottom": 130000.0, "row_index": 22, "col_index": 8 }, "geometry": { "type": "Point", "coordinates": [ 3.7022735, 52.6172495 ] } },
{ "type": "Feature", "properties": { "id": 544, "left": -80000.0, "top": 120000.0, "right": -75000.0, "bottom": 125000.0, "row_index": 23, "col_index": 8 }, "geometry": { "type": "Point", "coordinates": [ 3.7034798, 52.5723211 ] } },
{ "type": "Feature", "properties": { "id": 545, "left": -80000.0, "top": 115000.0, "right": -75000.0, "bottom": 120000.0, "row_index": 24, "col_index": 8 }, "geometry": { "type": "Point", "coordinates": [ 3.7046829, 52.5273923 ] } },
{ "type": "Feature", "properties": { "id": 546, "left": -80000.0, "top": 110000.0, "right": -75000.0, "bottom": 115000.0, "row_index": 25, "col_index": 8 }, "geometry": { "type": "Point", "coordinates": [ 3.7058829, 52.4824632 ] } },
{ "type": "Feature", "properties": { "id": 547, "left": -80000.0, "top": 105000.0, "right": -75000.0, "bottom": 110000.0, "row_index": 26, "col_index": 8 }, "geometry": { "type": "Point", "coordinates": [ 3.7070797, 52.4375338 ] } },
{ "type": "Feature", "properties": { "id": 548, "left": -80000.0, "top": 100000.0, "right": -75000.0, "bottom": 105000.0, "row_index": 27, "col_index": 8 }, "geometry": { "type": "Point", "coordinates": [ 3.7082733, 52.392604 ] } },
{ "type": "Feature", "properties": { "id": 549, "left": -80000.0, "top": 95000.0, "right": -75000.0, "bottom": 100000.0, "row_index": 28, "col_index": 8 }, "geometry": { "type": "Point", "coordinates": [ 3.7094638, 52.3476738 ] } },
{ "type": "Feature", "properties": { "id": 550, "left": -80000.0, "top": 90000.0, "right": -75000.0, "bottom": 95000.0, "row_index": 29, "col_index": 8 }, "geometry": { "type": "Point", "coordinates": [ 3.7106511, 52.3027433 ] } },
{ "type": "Feature", "properties": { "id": 551, "left": -80000.0, "top": 85000.0, "right": -75000.0, "bottom": 90000.0, "row_index": 30, "col_index": 8 }, "geometry": { "type": "Point", "coordinates": [ 3.7118354, 52.2578125 ] } },
{ "type": "Feature", "properties": { "id": 552, "left": -80000.0, "top": 80000.0, "right": -75000.0, "bottom": 85000.0, "row_index": 31, "col_index": 8 }, "geometry": { "type": "Point", "coordinates": [ 3.7130165, 52.2128812 ] } },
{ "type": "Feature", "properties": { "id": 553, "left": -80000.0, "top": 75000.0, "right": -75000.0, "bottom": 80000.0, "row_index": 32, "col_index": 8 }, "geometry": { "type": "Point", "coordinates": [ 3.7141945, 52.1679497 ] } },
{ "type": "Feature", "properties": { "id": 554, "left": -80000.0, "top": 70000.0, "right": -75000.0, "bottom": 75000.0, "row_index": 33, "col_index": 8 }, "geometry": { "type": "Point", "coordinates": [ 3.7153694, 52.1230177 ] } },
{ "type": "Feature", "properties": { "id": 555, "left": -80000.0, "top": 65000.0, "right": -75000.0, "bottom": 70000.0, "row_index": 34, "col_index": 8 }, "geometry": { "type": "Point", "coordinates": [ 3.7165413, 52.0780854 ] } },
{ "type": "Feature", "properties": { "id": 556, "left": -80000.0, "top": 60000.0, "right": -75000.0, "bottom": 65000.0, "row_index": 35, "col_index": 8 }, "geometry": { "type": "Point", "coordinates": [ 3.7177101, 52.0331528 ] } },
{ "type": "Feature", "properties": { "id": 557, "left": -80000.0, "top": 55000.0, "right": -75000.0, "bottom": 60000.0, "row_index": 36, "col_index": 8 }, "geometry": { "type": "Point", "coordinates": [ 3.7188758, 51.9882198 ] } },
{ "type": "Feature", "properties": { "id": 558, "left": -80000.0, "top": 50000.0, "right": -75000.0, "bottom": 55000.0, "row_index": 37, "col_index": 8 }, "geometry": { "type": "Point", "coordinates": [ 3.7200385, 51.9432864 ] } },
{ "type": "Feature", "properties": { "id": 559, "left": -80000.0, "top": 45000.0, "right": -75000.0, "bottom": 50000.0, "row_index": 38, "col_index": 8 }, "geometry": { "type": "Point", "coordinates": [ 3.7211982, 51.8983527 ] } },
{ "type": "Feature", "properties": { "id": 560, "left": -80000.0, "top": 40000.0, "right": -75000.0, "bottom": 45000.0, "row_index": 39, "col_index": 8 }, "geometry": { "type": "Point", "coordinates": [ 3.7223548, 51.8534187 ] } },
{ "type": "Feature", "properties": { "id": 561, "left": -80000.0, "top": 35000.0, "right": -75000.0, "bottom": 40000.0, "row_index": 40, "col_index": 8 }, "geometry": { "type": "Point", "coordinates": [ 3.7235085, 51.8084843 ] } },
{ "type": "Feature", "properties": { "id": 562, "left": -80000.0, "top": 30000.0, "right": -75000.0, "bottom": 35000.0, "row_index": 41, "col_index": 8 }, "geometry": { "type": "Point", "coordinates": [ 3.7246591, 51.7635495 ] } },
{ "type": "Feature", "properties": { "id": 563, "left": -80000.0, "top": 25000.0, "right": -75000.0, "bottom": 30000.0, "row_index": 42, "col_index": 8 }, "geometry": { "type": "Point", "coordinates": [ 3.7258067, 51.7186143 ] } },
{ "type": "Feature", "properties": { "id": 564, "left": -80000.0, "top": 20000.0, "right": -75000.0, "bottom": 25000.0, "row_index": 43, "col_index": 8 }, "geometry": { "type": "Point", "coordinates": [ 3.7269514, 51.6736789 ] } },
{ "type": "Feature", "properties": { "id": 565, "left": -80000.0, "top": 15000.0, "right": -75000.0, "bottom": 20000.0, "row_index": 44, "col_index": 8 }, "geometry": { "type": "Point", "coordinates": [ 3.728093, 51.628743 ] } },
{ "type": "Feature", "properties": { "id": 566, "left": -80000.0, "top": 10000.0, "right": -75000.0, "bottom": 15000.0, "row_index": 45, "col_index": 8 }, "geometry": { "type": "Point", "coordinates": [ 3.7292317, 51.5838068 ] } },
{ "type": "Feature", "properties": { "id": 567, "left": -80000.0, "top": 5000.0, "right": -75000.0, "bottom": 10000.0, "row_index": 46, "col_index": 8 }, "geometry": { "type": "Point", "coordinates": [ 3.7303675, 51.5388703 ] } },
{ "type": "Feature", "properties": { "id": 568, "left": -80000.0, "top": 0.0, "right": -75000.0, "bottom": 5000.0, "row_index": 47, "col_index": 8 }, "geometry": { "type": "Point", "coordinates": [ 3.7315003, 51.4939333 ] } },
{ "type": "Feature", "properties": { "id": 569, "left": -80000.0, "top": -5000.0, "right": -75000.0, "bottom": 0.0, "row_index": 48, "col_index": 8 }, "geometry": { "type": "Point", "coordinates": [ 3.7326302, 51.4489961 ] } },
{ "type": "Feature", "properties": { "id": 570, "left": -80000.0, "top": -10000.0, "right": -75000.0, "bottom": -5000.0, "row_index": 49, "col_index": 8 }, "geometry": { "type": "Point", "coordinates": [ 3.7337572, 51.4040584 ] } },
{ "type": "Feature", "properties": { "id": 571, "left": -80000.0, "top": -15000.0, "right": -75000.0, "bottom": -10000.0, "row_index": 50, "col_index": 8 }, "geometry": { "type": "Point", "coordinates": [ 3.7348812, 51.3591205 ] } },
{ "type": "Feature", "properties": { "id": 572, "left": -80000.0, "top": -20000.0, "right": -75000.0, "bottom": -15000.0, "row_index": 51, "col_index": 8 }, "geometry": { "type": "Point", "coordinates": [ 3.7360024, 51.3141821 ] } },
{ "type": "Feature", "properties": { "id": 573, "left": -80000.0, "top": -25000.0, "right": -75000.0, "bottom": -20000.0, "row_index": 52, "col_index": 8 }, "geometry": { "type": "Point", "coordinates": [ 3.7371206, 51.2692434 ] } },
{ "type": "Feature", "properties": { "id": 574, "left": -80000.0, "top": -30000.0, "right": -75000.0, "bottom": -25000.0, "row_index": 53, "col_index": 8 }, "geometry": { "type": "Point", "coordinates": [ 3.738236, 51.2243044 ] } },
{ "type": "Feature", "properties": { "id": 575, "left": -80000.0, "top": -35000.0, "right": -75000.0, "bottom": -30000.0, "row_index": 54, "col_index": 8 }, "geometry": { "type": "Point", "coordinates": [ 3.7393485, 51.1793649 ] } },
{ "type": "Feature", "properties": { "id": 576, "left": -80000.0, "top": -40000.0, "right": -75000.0, "bottom": -35000.0, "row_index": 55, "col_index": 8 }, "geometry": { "type": "Point", "coordinates": [ 3.7404582, 51.1344252 ] } },
{ "type": "Feature", "properties": { "id": 577, "left": -80000.0, "top": -45000.0, "right": -75000.0, "bottom": -40000.0, "row_index": 56, "col_index": 8 }, "geometry": { "type": "Point", "coordinates": [ 3.741565, 51.089485 ] } },
{ "type": "Feature", "properties": { "id": 578, "left": -80000.0, "top": -50000.0, "right": -75000.0, "bottom": -45000.0, "row_index": 57, "col_index": 8 }, "geometry": { "type": "Point", "coordinates": [ 3.7426689, 51.0445446 ] } },
{ "type": "Feature", "properties": { "id": 579, "left": -80000.0, "top": -55000.0, "right": -75000.0, "bottom": -50000.0, "row_index": 58, "col_index": 8 }, "geometry": { "type": "Point", "coordinates": [ 3.74377, 50.9996037 ] } },
{ "type": "Feature", "properties": { "id": 580, "left": -80000.0, "top": -60000.0, "right": -75000.0, "bottom": -55000.0, "row_index": 59, "col_index": 8 }, "geometry": { "type": "Point", "coordinates": [ 3.7448683, 50.9546625 ] } },
{ "type": "Feature", "properties": { "id": 581, "left": -80000.0, "top": -65000.0, "right": -75000.0, "bottom": -60000.0, "row_index": 60, "col_index": 8 }, "geometry": { "type": "Point", "coordinates": [ 3.7459638, 50.909721 ] } },
{ "type": "Feature", "properties": { "id": 582, "left": -80000.0, "top": -70000.0, "right": -75000.0, "bottom": -65000.0, "row_index": 61, "col_index": 8 }, "geometry": { "type": "Point", "coordinates": [ 3.7470565, 50.864779 ] } },
{ "type": "Feature", "properties": { "id": 583, "left": -80000.0, "top": -75000.0, "right": -75000.0, "bottom": -70000.0, "row_index": 62, "col_index": 8 }, "geometry": { "type": "Point", "coordinates": [ 3.7481463, 50.8198368 ] } },
{ "type": "Feature", "properties": { "id": 584, "left": -80000.0, "top": -80000.0, "right": -75000.0, "bottom": -75000.0, "row_index": 63, "col_index": 8 }, "geometry": { "type": "Point", "coordinates": [ 3.7492334, 50.7748941 ] } },
{ "type": "Feature", "properties": { "id": 585, "left": -80000.0, "top": -85000.0, "right": -75000.0, "bottom": -80000.0, "row_index": 64, "col_index": 8 }, "geometry": { "type": "Point", "coordinates": [ 3.7503177, 50.7299511 ] } },
{ "type": "Feature", "properties": { "id": 586, "left": -75000.0, "top": 235000.0, "right": -70000.0, "bottom": 240000.0, "row_index": 0, "col_index": 9 }, "geometry": { "type": "Point", "coordinates": [ 3.7504345, 53.6063017 ] } },
{ "type": "Feature", "properties": { "id": 587, "left": -75000.0, "top": 230000.0, "right": -70000.0, "bottom": 235000.0, "row_index": 1, "col_index": 9 }, "geometry": { "type": "Point", "coordinates": [ 3.7516338, 53.5613803 ] } },
{ "type": "Feature", "properties": { "id": 588, "left": -75000.0, "top": 225000.0, "right": -70000.0, "bottom": 230000.0, "row_index": 2, "col_index": 9 }, "geometry": { "type": "Point", "coordinates": [ 3.75283, 53.5164586 ] } },
{ "type": "Feature", "properties": { "id": 589, "left": -75000.0, "top": 220000.0, "right": -70000.0, "bottom": 225000.0, "row_index": 3, "col_index": 9 }, "geometry": { "type": "Point", "coordinates": [ 3.7540229, 53.4715365 ] } },
{ "type": "Feature", "properties": { "id": 590, "left": -75000.0, "top": 215000.0, "right": -70000.0, "bottom": 220000.0, "row_index": 4, "col_index": 9 }, "geometry": { "type": "Point", "coordinates": [ 3.7552125, 53.4266141 ] } },
{ "type": "Feature", "properties": { "id": 591, "left": -75000.0, "top": 210000.0, "right": -70000.0, "bottom": 215000.0, "row_index": 5, "col_index": 9 }, "geometry": { "type": "Point", "coordinates": [ 3.756399, 53.3816914 ] } },
{ "type": "Feature", "properties": { "id": 592, "left": -75000.0, "top": 205000.0, "right": -70000.0, "bottom": 210000.0, "row_index": 6, "col_index": 9 }, "geometry": { "type": "Point", "coordinates": [ 3.7575823, 53.3367683 ] } },
{ "type": "Feature", "properties": { "id": 593, "left": -75000.0, "top": 200000.0, "right": -70000.0, "bottom": 205000.0, "row_index": 7, "col_index": 9 }, "geometry": { "type": "Point", "coordinates": [ 3.7587625, 53.2918448 ] } },
{ "type": "Feature", "properties": { "id": 594, "left": -75000.0, "top": 195000.0, "right": -70000.0, "bottom": 200000.0, "row_index": 8, "col_index": 9 }, "geometry": { "type": "Point", "coordinates": [ 3.7599394, 53.246921 ] } },
{ "type": "Feature", "properties": { "id": 595, "left": -75000.0, "top": 190000.0, "right": -70000.0, "bottom": 195000.0, "row_index": 9, "col_index": 9 }, "geometry": { "type": "Point", "coordinates": [ 3.7611133, 53.2019968 ] } },
{ "type": "Feature", "properties": { "id": 596, "left": -75000.0, "top": 185000.0, "right": -70000.0, "bottom": 190000.0, "row_index": 10, "col_index": 9 }, "geometry": { "type": "Point", "coordinates": [ 3.7622839, 53.1570723 ] } },
{ "type": "Feature", "properties": { "id": 597, "left": -75000.0, "top": 180000.0, "right": -70000.0, "bottom": 185000.0, "row_index": 11, "col_index": 9 }, "geometry": { "type": "Point", "coordinates": [ 3.7634515, 53.1121475 ] } },
{ "type": "Feature", "properties": { "id": 598, "left": -75000.0, "top": 175000.0, "right": -70000.0, "bottom": 180000.0, "row_index": 12, "col_index": 9 }, "geometry": { "type": "Point", "coordinates": [ 3.7646159, 53.0672222 ] } },
{ "type": "Feature", "properties": { "id": 599, "left": -75000.0, "top": 170000.0, "right": -70000.0, "bottom": 175000.0, "row_index": 13, "col_index": 9 }, "geometry": { "type": "Point", "coordinates": [ 3.7657772, 53.0222967 ] } },
{ "type": "Feature", "properties": { "id": 600, "left": -75000.0, "top": 165000.0, "right": -70000.0, "bottom": 170000.0, "row_index": 14, "col_index": 9 }, "geometry": { "type": "Point", "coordinates": [ 3.7669355, 52.9773708 ] } },
{ "type": "Feature", "properties": { "id": 601, "left": -75000.0, "top": 160000.0, "right": -70000.0, "bottom": 165000.0, "row_index": 15, "col_index": 9 }, "geometry": { "type": "Point", "coordinates": [ 3.7680906, 52.9324445 ] } },
{ "type": "Feature", "properties": { "id": 602, "left": -75000.0, "top": 155000.0, "right": -70000.0, "bottom": 160000.0, "row_index": 16, "col_index": 9 }, "geometry": { "type": "Point", "coordinates": [ 3.7692427, 52.8875179 ] } },
{ "type": "Feature", "properties": { "id": 603, "left": -75000.0, "top": 150000.0, "right": -70000.0, "bottom": 155000.0, "row_index": 17, "col_index": 9 }, "geometry": { "type": "Point", "coordinates": [ 3.7703917, 52.8425909 ] } },
{ "type": "Feature", "properties": { "id": 604, "left": -75000.0, "top": 145000.0, "right": -70000.0, "bottom": 150000.0, "row_index": 18, "col_index": 9 }, "geometry": { "type": "Point", "coordinates": [ 3.7715377, 52.7976636 ] } },
{ "type": "Feature", "properties": { "id": 605, "left": -75000.0, "top": 140000.0, "right": -70000.0, "bottom": 145000.0, "row_index": 19, "col_index": 9 }, "geometry": { "type": "Point", "coordinates": [ 3.7726806, 52.7527359 ] } },
{ "type": "Feature", "properties": { "id": 606, "left": -75000.0, "top": 135000.0, "right": -70000.0, "bottom": 140000.0, "row_index": 20, "col_index": 9 }, "geometry": { "type": "Point", "coordinates": [ 3.7738205, 52.7078079 ] } },
{ "type": "Feature", "properties": { "id": 607, "left": -75000.0, "top": 130000.0, "right": -70000.0, "bottom": 135000.0, "row_index": 21, "col_index": 9 }, "geometry": { "type": "Point", "coordinates": [ 3.7749573, 52.6628795 ] } },
{ "type": "Feature", "properties": { "id": 608, "left": -75000.0, "top": 125000.0, "right": -70000.0, "bottom": 130000.0, "row_index": 22, "col_index": 9 }, "geometry": { "type": "Point", "coordinates": [ 3.7760912, 52.6179507 ] } },
{ "type": "Feature", "properties": { "id": 609, "left": -75000.0, "top": 120000.0, "right": -70000.0, "bottom": 125000.0, "row_index": 23, "col_index": 9 }, "geometry": { "type": "Point", "coordinates": [ 3.7772221, 52.5730217 ] } },
{ "type": "Feature", "properties": { "id": 610, "left": -75000.0, "top": 115000.0, "right": -70000.0, "bottom": 120000.0, "row_index": 24, "col_index": 9 }, "geometry": { "type": "Point", "coordinates": [ 3.7783499, 52.5280922 ] } },
{ "type": "Feature", "properties": { "id": 611, "left": -75000.0, "top": 110000.0, "right": -70000.0, "bottom": 115000.0, "row_index": 25, "col_index": 9 }, "geometry": { "type": "Point", "coordinates": [ 3.7794748, 52.4831624 ] } },
{ "type": "Feature", "properties": { "id": 612, "left": -75000.0, "top": 105000.0, "right": -70000.0, "bottom": 110000.0, "row_index": 26, "col_index": 9 }, "geometry": { "type": "Point", "coordinates": [ 3.7805968, 52.4382323 ] } },
{ "type": "Feature", "properties": { "id": 613, "left": -75000.0, "top": 100000.0, "right": -70000.0, "bottom": 105000.0, "row_index": 27, "col_index": 9 }, "geometry": { "type": "Point", "coordinates": [ 3.7817157, 52.3933018 ] } },
{ "type": "Feature", "properties": { "id": 614, "left": -75000.0, "top": 95000.0, "right": -70000.0, "bottom": 100000.0, "row_index": 28, "col_index": 9 }, "geometry": { "type": "Point", "coordinates": [ 3.7828318, 52.3483709 ] } },
{ "type": "Feature", "properties": { "id": 615, "left": -75000.0, "top": 90000.0, "right": -70000.0, "bottom": 95000.0, "row_index": 29, "col_index": 9 }, "geometry": { "type": "Point", "coordinates": [ 3.7839449, 52.3034397 ] } },
{ "type": "Feature", "properties": { "id": 616, "left": -75000.0, "top": 85000.0, "right": -70000.0, "bottom": 90000.0, "row_index": 30, "col_index": 9 }, "geometry": { "type": "Point", "coordinates": [ 3.785055, 52.2585082 ] } },
{ "type": "Feature", "properties": { "id": 617, "left": -75000.0, "top": 80000.0, "right": -70000.0, "bottom": 85000.0, "row_index": 31, "col_index": 9 }, "geometry": { "type": "Point", "coordinates": [ 3.7861623, 52.2135763 ] } },
{ "type": "Feature", "properties": { "id": 618, "left": -75000.0, "top": 75000.0, "right": -70000.0, "bottom": 80000.0, "row_index": 32, "col_index": 9 }, "geometry": { "type": "Point", "coordinates": [ 3.7872667, 52.168644 ] } },
{ "type": "Feature", "properties": { "id": 619, "left": -75000.0, "top": 70000.0, "right": -70000.0, "bottom": 75000.0, "row_index": 33, "col_index": 9 }, "geometry": { "type": "Point", "coordinates": [ 3.7883681, 52.1237114 ] } },
{ "type": "Feature", "properties": { "id": 620, "left": -75000.0, "top": 65000.0, "right": -70000.0, "bottom": 70000.0, "row_index": 34, "col_index": 9 }, "geometry": { "type": "Point", "coordinates": [ 3.7894667, 52.0787784 ] } },
{ "type": "Feature", "properties": { "id": 621, "left": -75000.0, "top": 60000.0, "right": -70000.0, "bottom": 65000.0, "row_index": 35, "col_index": 9 }, "geometry": { "type": "Point", "coordinates": [ 3.7905624, 52.0338451 ] } },
{ "type": "Feature", "properties": { "id": 622, "left": -75000.0, "top": 55000.0, "right": -70000.0, "bottom": 60000.0, "row_index": 36, "col_index": 9 }, "geometry": { "type": "Point", "coordinates": [ 3.7916552, 51.9889114 ] } },
{ "type": "Feature", "properties": { "id": 623, "left": -75000.0, "top": 50000.0, "right": -70000.0, "bottom": 55000.0, "row_index": 37, "col_index": 9 }, "geometry": { "type": "Point", "coordinates": [ 3.7927452, 51.9439774 ] } },
{ "type": "Feature", "properties": { "id": 624, "left": -75000.0, "top": 45000.0, "right": -70000.0, "bottom": 50000.0, "row_index": 38, "col_index": 9 }, "geometry": { "type": "Point", "coordinates": [ 3.7938323, 51.899043 ] } },
{ "type": "Feature", "properties": { "id": 625, "left": -75000.0, "top": 40000.0, "right": -70000.0, "bottom": 45000.0, "row_index": 39, "col_index": 9 }, "geometry": { "type": "Point", "coordinates": [ 3.7949166, 51.8541082 ] } },
{ "type": "Feature", "properties": { "id": 626, "left": -75000.0, "top": 35000.0, "right": -70000.0, "bottom": 40000.0, "row_index": 40, "col_index": 9 }, "geometry": { "type": "Point", "coordinates": [ 3.7959981, 51.8091731 ] } },
{ "type": "Feature", "properties": { "id": 627, "left": -75000.0, "top": 30000.0, "right": -70000.0, "bottom": 35000.0, "row_index": 41, "col_index": 9 }, "geometry": { "type": "Point", "coordinates": [ 3.7970768, 51.7642377 ] } },
{ "type": "Feature", "properties": { "id": 628, "left": -75000.0, "top": 25000.0, "right": -70000.0, "bottom": 30000.0, "row_index": 42, "col_index": 9 }, "geometry": { "type": "Point", "coordinates": [ 3.7981526, 51.7193019 ] } },
{ "type": "Feature", "properties": { "id": 629, "left": -75000.0, "top": 20000.0, "right": -70000.0, "bottom": 25000.0, "row_index": 43, "col_index": 9 }, "geometry": { "type": "Point", "coordinates": [ 3.7992257, 51.6743657 ] } },
{ "type": "Feature", "properties": { "id": 630, "left": -75000.0, "top": 15000.0, "right": -70000.0, "bottom": 20000.0, "row_index": 44, "col_index": 9 }, "geometry": { "type": "Point", "coordinates": [ 3.8002959, 51.6294292 ] } },
{ "type": "Feature", "properties": { "id": 631, "left": -75000.0, "top": 10000.0, "right": -70000.0, "bottom": 15000.0, "row_index": 45, "col_index": 9 }, "geometry": { "type": "Point", "coordinates": [ 3.8013634, 51.5844923 ] } },
{ "type": "Feature", "properties": { "id": 632, "left": -75000.0, "top": 5000.0, "right": -70000.0, "bottom": 10000.0, "row_index": 46, "col_index": 9 }, "geometry": { "type": "Point", "coordinates": [ 3.8024282, 51.5395551 ] } },
{ "type": "Feature", "properties": { "id": 633, "left": -75000.0, "top": 0.0, "right": -70000.0, "bottom": 5000.0, "row_index": 47, "col_index": 9 }, "geometry": { "type": "Point", "coordinates": [ 3.8034901, 51.4946175 ] } },
{ "type": "Feature", "properties": { "id": 634, "left": -75000.0, "top": -5000.0, "right": -70000.0, "bottom": 0.0, "row_index": 48, "col_index": 9 }, "geometry": { "type": "Point", "coordinates": [ 3.8045494, 51.4496796 ] } },
{ "type": "Feature", "properties": { "id": 635, "left": -75000.0, "top": -10000.0, "right": -70000.0, "bottom": -5000.0, "row_index": 49, "col_index": 9 }, "geometry": { "type": "Point", "coordinates": [ 3.8056058, 51.4047413 ] } },
{ "type": "Feature", "properties": { "id": 636, "left": -75000.0, "top": -15000.0, "right": -70000.0, "bottom": -10000.0, "row_index": 50, "col_index": 9 }, "geometry": { "type": "Point", "coordinates": [ 3.8066596, 51.3598026 ] } },
{ "type": "Feature", "properties": { "id": 637, "left": -75000.0, "top": -20000.0, "right": -70000.0, "bottom": -15000.0, "row_index": 51, "col_index": 9 }, "geometry": { "type": "Point", "coordinates": [ 3.8077106, 51.3148636 ] } },
{ "type": "Feature", "properties": { "id": 638, "left": -75000.0, "top": -25000.0, "right": -70000.0, "bottom": -20000.0, "row_index": 52, "col_index": 9 }, "geometry": { "type": "Point", "coordinates": [ 3.808759, 51.2699243 ] } },
{ "type": "Feature", "properties": { "id": 639, "left": -75000.0, "top": -30000.0, "right": -70000.0, "bottom": -25000.0, "row_index": 53, "col_index": 9 }, "geometry": { "type": "Point", "coordinates": [ 3.8098046, 51.2249846 ] } },
{ "type": "Feature", "properties": { "id": 640, "left": -75000.0, "top": -35000.0, "right": -70000.0, "bottom": -30000.0, "row_index": 54, "col_index": 9 }, "geometry": { "type": "Point", "coordinates": [ 3.8108475, 51.1800445 ] } },
{ "type": "Feature", "properties": { "id": 641, "left": -75000.0, "top": -40000.0, "right": -70000.0, "bottom": -35000.0, "row_index": 55, "col_index": 9 }, "geometry": { "type": "Point", "coordinates": [ 3.8118877, 51.1351041 ] } },
{ "type": "Feature", "properties": { "id": 642, "left": -75000.0, "top": -45000.0, "right": -70000.0, "bottom": -40000.0, "row_index": 56, "col_index": 9 }, "geometry": { "type": "Point", "coordinates": [ 3.8129253, 51.0901633 ] } },
{ "type": "Feature", "properties": { "id": 643, "left": -75000.0, "top": -50000.0, "right": -70000.0, "bottom": -45000.0, "row_index": 57, "col_index": 9 }, "geometry": { "type": "Point", "coordinates": [ 3.8139602, 51.0452221 ] } },
{ "type": "Feature", "properties": { "id": 644, "left": -75000.0, "top": -55000.0, "right": -70000.0, "bottom": -50000.0, "row_index": 58, "col_index": 9 }, "geometry": { "type": "Point", "coordinates": [ 3.8149925, 51.0002806 ] } },
{ "type": "Feature", "properties": { "id": 645, "left": -75000.0, "top": -60000.0, "right": -70000.0, "bottom": -55000.0, "row_index": 59, "col_index": 9 }, "geometry": { "type": "Point", "coordinates": [ 3.8160221, 50.9553388 ] } },
{ "type": "Feature", "properties": { "id": 646, "left": -75000.0, "top": -65000.0, "right": -70000.0, "bottom": -60000.0, "row_index": 60, "col_index": 9 }, "geometry": { "type": "Point", "coordinates": [ 3.817049, 50.9103966 ] } },
{ "type": "Feature", "properties": { "id": 647, "left": -75000.0, "top": -70000.0, "right": -70000.0, "bottom": -65000.0, "row_index": 61, "col_index": 9 }, "geometry": { "type": "Point", "coordinates": [ 3.8180734, 50.865454 ] } },
{ "type": "Feature", "properties": { "id": 648, "left": -75000.0, "top": -75000.0, "right": -70000.0, "bottom": -70000.0, "row_index": 62, "col_index": 9 }, "geometry": { "type": "Point", "coordinates": [ 3.8190951, 50.8205111 ] } },
{ "type": "Feature", "properties": { "id": 649, "left": -75000.0, "top": -80000.0, "right": -70000.0, "bottom": -75000.0, "row_index": 63, "col_index": 9 }, "geometry": { "type": "Point", "coordinates": [ 3.8201142, 50.7755678 ] } },
{ "type": "Feature", "properties": { "id": 650, "left": -75000.0, "top": -85000.0, "right": -70000.0, "bottom": -80000.0, "row_index": 64, "col_index": 9 }, "geometry": { "type": "Point", "coordinates": [ 3.8211307, 50.7306242 ] } },
{ "type": "Feature", "properties": { "id": 651, "left": -70000.0, "top": 235000.0, "right": -65000.0, "bottom": 240000.0, "row_index": 0, "col_index": 10 }, "geometry": { "type": "Point", "coordinates": [ 3.8259662, 53.6069724 ] } },
{ "type": "Feature", "properties": { "id": 652, "left": -70000.0, "top": 230000.0, "right": -65000.0, "bottom": 235000.0, "row_index": 1, "col_index": 10 }, "geometry": { "type": "Point", "coordinates": [ 3.8270856, 53.5620504 ] } },
{ "type": "Feature", "properties": { "id": 653, "left": -70000.0, "top": 225000.0, "right": -65000.0, "bottom": 230000.0, "row_index": 2, "col_index": 10 }, "geometry": { "type": "Point", "coordinates": [ 3.8282019, 53.517128 ] } },
{ "type": "Feature", "properties": { "id": 654, "left": -70000.0, "top": 220000.0, "right": -65000.0, "bottom": 225000.0, "row_index": 3, "col_index": 10 }, "geometry": { "type": "Point", "coordinates": [ 3.8293152, 53.4722052 ] } },
{ "type": "Feature", "properties": { "id": 655, "left": -70000.0, "top": 215000.0, "right": -65000.0, "bottom": 220000.0, "row_index": 4, "col_index": 10 }, "geometry": { "type": "Point", "coordinates": [ 3.8304255, 53.4272822 ] } },
{ "type": "Feature", "properties": { "id": 656, "left": -70000.0, "top": 210000.0, "right": -65000.0, "bottom": 215000.0, "row_index": 5, "col_index": 10 }, "geometry": { "type": "Point", "coordinates": [ 3.8315328, 53.3823587 ] } },
{ "type": "Feature", "properties": { "id": 657, "left": -70000.0, "top": 205000.0, "right": -65000.0, "bottom": 210000.0, "row_index": 6, "col_index": 10 }, "geometry": { "type": "Point", "coordinates": [ 3.8326372, 53.3374349 ] } },
{ "type": "Feature", "properties": { "id": 658, "left": -70000.0, "top": 200000.0, "right": -65000.0, "bottom": 205000.0, "row_index": 7, "col_index": 10 }, "geometry": { "type": "Point", "coordinates": [ 3.8337386, 53.2925108 ] } },
{ "type": "Feature", "properties": { "id": 659, "left": -70000.0, "top": 195000.0, "right": -65000.0, "bottom": 200000.0, "row_index": 8, "col_index": 10 }, "geometry": { "type": "Point", "coordinates": [ 3.834837, 53.2475863 ] } },
{ "type": "Feature", "properties": { "id": 660, "left": -70000.0, "top": 190000.0, "right": -65000.0, "bottom": 195000.0, "row_index": 9, "col_index": 10 }, "geometry": { "type": "Point", "coordinates": [ 3.8359325, 53.2026615 ] } },
{ "type": "Feature", "properties": { "id": 661, "left": -70000.0, "top": 185000.0, "right": -65000.0, "bottom": 190000.0, "row_index": 10, "col_index": 10 }, "geometry": { "type": "Point", "coordinates": [ 3.8370251, 53.1577363 ] } },
{ "type": "Feature", "properties": { "id": 662, "left": -70000.0, "top": 180000.0, "right": -65000.0, "bottom": 185000.0, "row_index": 11, "col_index": 10 }, "geometry": { "type": "Point", "coordinates": [ 3.8381148, 53.1128107 ] } },
{ "type": "Feature", "properties": { "id": 663, "left": -70000.0, "top": 175000.0, "right": -65000.0, "bottom": 180000.0, "row_index": 12, "col_index": 10 }, "geometry": { "type": "Point", "coordinates": [ 3.8392015, 53.0678849 ] } },
{ "type": "Feature", "properties": { "id": 664, "left": -70000.0, "top": 170000.0, "right": -65000.0, "bottom": 175000.0, "row_index": 13, "col_index": 10 }, "geometry": { "type": "Point", "coordinates": [ 3.8402854, 53.0229586 ] } },
{ "type": "Feature", "properties": { "id": 665, "left": -70000.0, "top": 165000.0, "right": -65000.0, "bottom": 170000.0, "row_index": 14, "col_index": 10 }, "geometry": { "type": "Point", "coordinates": [ 3.8413663, 52.978032 ] } },
{ "type": "Feature", "properties": { "id": 666, "left": -70000.0, "top": 160000.0, "right": -65000.0, "bottom": 165000.0, "row_index": 15, "col_index": 10 }, "geometry": { "type": "Point", "coordinates": [ 3.8424444, 52.9331051 ] } },
{ "type": "Feature", "properties": { "id": 667, "left": -70000.0, "top": 155000.0, "right": -65000.0, "bottom": 160000.0, "row_index": 16, "col_index": 10 }, "geometry": { "type": "Point", "coordinates": [ 3.8435196, 52.8881778 ] } },
{ "type": "Feature", "properties": { "id": 668, "left": -70000.0, "top": 150000.0, "right": -65000.0, "bottom": 155000.0, "row_index": 17, "col_index": 10 }, "geometry": { "type": "Point", "coordinates": [ 3.8445919, 52.8432502 ] } },
{ "type": "Feature", "properties": { "id": 669, "left": -70000.0, "top": 145000.0, "right": -65000.0, "bottom": 150000.0, "row_index": 18, "col_index": 10 }, "geometry": { "type": "Point", "coordinates": [ 3.8456615, 52.7983222 ] } },
{ "type": "Feature", "properties": { "id": 670, "left": -70000.0, "top": 140000.0, "right": -65000.0, "bottom": 145000.0, "row_index": 19, "col_index": 10 }, "geometry": { "type": "Point", "coordinates": [ 3.8467281, 52.7533939 ] } },
{ "type": "Feature", "properties": { "id": 671, "left": -70000.0, "top": 135000.0, "right": -65000.0, "bottom": 140000.0, "row_index": 20, "col_index": 10 }, "geometry": { "type": "Point", "coordinates": [ 3.847792, 52.7084652 ] } },
{ "type": "Feature", "properties": { "id": 672, "left": -70000.0, "top": 130000.0, "right": -65000.0, "bottom": 135000.0, "row_index": 21, "col_index": 10 }, "geometry": { "type": "Point", "coordinates": [ 3.848853, 52.6635361 ] } },
{ "type": "Feature", "properties": { "id": 673, "left": -70000.0, "top": 125000.0, "right": -65000.0, "bottom": 130000.0, "row_index": 22, "col_index": 10 }, "geometry": { "type": "Point", "coordinates": [ 3.8499112, 52.6186067 ] } },
{ "type": "Feature", "properties": { "id": 674, "left": -70000.0, "top": 120000.0, "right": -65000.0, "bottom": 125000.0, "row_index": 23, "col_index": 10 }, "geometry": { "type": "Point", "coordinates": [ 3.8509666, 52.573677 ] } },
{ "type": "Feature", "properties": { "id": 675, "left": -70000.0, "top": 115000.0, "right": -65000.0, "bottom": 120000.0, "row_index": 24, "col_index": 10 }, "geometry": { "type": "Point", "coordinates": [ 3.8520192, 52.5287469 ] } },
{ "type": "Feature", "properties": { "id": 676, "left": -70000.0, "top": 110000.0, "right": -65000.0, "bottom": 115000.0, "row_index": 25, "col_index": 10 }, "geometry": { "type": "Point", "coordinates": [ 3.8530691, 52.4838165 ] } },
{ "type": "Feature", "properties": { "id": 677, "left": -70000.0, "top": 105000.0, "right": -65000.0, "bottom": 110000.0, "row_index": 26, "col_index": 10 }, "geometry": { "type": "Point", "coordinates": [ 3.8541161, 52.4388857 ] } },
{ "type": "Feature", "properties": { "id": 678, "left": -70000.0, "top": 100000.0, "right": -65000.0, "bottom": 105000.0, "row_index": 27, "col_index": 10 }, "geometry": { "type": "Point", "coordinates": [ 3.8551605, 52.3939545 ] } },
{ "type": "Feature", "properties": { "id": 679, "left": -70000.0, "top": 95000.0, "right": -65000.0, "bottom": 100000.0, "row_index": 28, "col_index": 10 }, "geometry": { "type": "Point", "coordinates": [ 3.856202, 52.349023 ] } },
{ "type": "Feature", "properties": { "id": 680, "left": -70000.0, "top": 90000.0, "right": -65000.0, "bottom": 95000.0, "row_index": 29, "col_index": 10 }, "geometry": { "type": "Point", "coordinates": [ 3.8572409, 52.3040912 ] } },
{ "type": "Feature", "properties": { "id": 681, "left": -70000.0, "top": 85000.0, "right": -65000.0, "bottom": 90000.0, "row_index": 30, "col_index": 10 }, "geometry": { "type": "Point", "coordinates": [ 3.858277, 52.259159 ] } },
{ "type": "Feature", "properties": { "id": 682, "left": -70000.0, "top": 80000.0, "right": -65000.0, "bottom": 85000.0, "row_index": 31, "col_index": 10 }, "geometry": { "type": "Point", "coordinates": [ 3.8593103, 52.2142264 ] } },
{ "type": "Feature", "properties": { "id": 683, "left": -70000.0, "top": 75000.0, "right": -65000.0, "bottom": 80000.0, "row_index": 32, "col_index": 10 }, "geometry": { "type": "Point", "coordinates": [ 3.860341, 52.1692935 ] } },
{ "type": "Feature", "properties": { "id": 684, "left": -70000.0, "top": 70000.0, "right": -65000.0, "bottom": 75000.0, "row_index": 33, "col_index": 10 }, "geometry": { "type": "Point", "coordinates": [ 3.861369, 52.1243602 ] } },
{ "type": "Feature", "properties": { "id": 685, "left": -70000.0, "top": 65000.0, "right": -65000.0, "bottom": 70000.0, "row_index": 34, "col_index": 10 }, "geometry": { "type": "Point", "coordinates": [ 3.8623943, 52.0794266 ] } },
{ "type": "Feature", "properties": { "id": 686, "left": -70000.0, "top": 60000.0, "right": -65000.0, "bottom": 65000.0, "row_index": 35, "col_index": 10 }, "geometry": { "type": "Point", "coordinates": [ 3.8634168, 52.0344927 ] } },
{ "type": "Feature", "properties": { "id": 687, "left": -70000.0, "top": 55000.0, "right": -65000.0, "bottom": 60000.0, "row_index": 36, "col_index": 10 }, "geometry": { "type": "Point", "coordinates": [ 3.8644368, 51.9895583 ] } },
{ "type": "Feature", "properties": { "id": 688, "left": -70000.0, "top": 50000.0, "right": -65000.0, "bottom": 55000.0, "row_index": 37, "col_index": 10 }, "geometry": { "type": "Point", "coordinates": [ 3.865454, 51.9446237 ] } },
{ "type": "Feature", "properties": { "id": 689, "left": -70000.0, "top": 45000.0, "right": -65000.0, "bottom": 50000.0, "row_index": 38, "col_index": 10 }, "geometry": { "type": "Point", "coordinates": [ 3.8664686, 51.8996886 ] } },
{ "type": "Feature", "properties": { "id": 690, "left": -70000.0, "top": 40000.0, "right": -65000.0, "bottom": 45000.0, "row_index": 39, "col_index": 10 }, "geometry": { "type": "Point", "coordinates": [ 3.8674806, 51.8547533 ] } },
{ "type": "Feature", "properties": { "id": 691, "left": -70000.0, "top": 35000.0, "right": -65000.0, "bottom": 40000.0, "row_index": 40, "col_index": 10 }, "geometry": { "type": "Point", "coordinates": [ 3.8684899, 51.8098175 ] } },
{ "type": "Feature", "properties": { "id": 692, "left": -70000.0, "top": 30000.0, "right": -65000.0, "bottom": 35000.0, "row_index": 41, "col_index": 10 }, "geometry": { "type": "Point", "coordinates": [ 3.8694966, 51.7648814 ] } },
{ "type": "Feature", "properties": { "id": 693, "left": -70000.0, "top": 25000.0, "right": -65000.0, "bottom": 30000.0, "row_index": 42, "col_index": 10 }, "geometry": { "type": "Point", "coordinates": [ 3.8705007, 51.719945 ] } },
{ "type": "Feature", "properties": { "id": 694, "left": -70000.0, "top": 20000.0, "right": -65000.0, "bottom": 25000.0, "row_index": 43, "col_index": 10 }, "geometry": { "type": "Point", "coordinates": [ 3.8715021, 51.6750082 ] } },
{ "type": "Feature", "properties": { "id": 695, "left": -70000.0, "top": 15000.0, "right": -65000.0, "bottom": 20000.0, "row_index": 44, "col_index": 10 }, "geometry": { "type": "Point", "coordinates": [ 3.872501, 51.6300711 ] } },
{ "type": "Feature", "properties": { "id": 696, "left": -70000.0, "top": 10000.0, "right": -65000.0, "bottom": 15000.0, "row_index": 45, "col_index": 10 }, "geometry": { "type": "Point", "coordinates": [ 3.8734972, 51.5851336 ] } },
{ "type": "Feature", "properties": { "id": 697, "left": -70000.0, "top": 5000.0, "right": -65000.0, "bottom": 10000.0, "row_index": 46, "col_index": 10 }, "geometry": { "type": "Point", "coordinates": [ 3.8744909, 51.5401957 ] } },
{ "type": "Feature", "properties": { "id": 698, "left": -70000.0, "top": 0.0, "right": -65000.0, "bottom": 5000.0, "row_index": 47, "col_index": 10 }, "geometry": { "type": "Point", "coordinates": [ 3.875482, 51.4952575 ] } },
{ "type": "Feature", "properties": { "id": 699, "left": -70000.0, "top": -5000.0, "right": -65000.0, "bottom": 0.0, "row_index": 48, "col_index": 10 }, "geometry": { "type": "Point", "coordinates": [ 3.8764706, 51.4503189 ] } },
{ "type": "Feature", "properties": { "id": 700, "left": -70000.0, "top": -10000.0, "right": -65000.0, "bottom": -5000.0, "row_index": 49, "col_index": 10 }, "geometry": { "type": "Point", "coordinates": [ 3.8774566, 51.40538 ] } },
{ "type": "Feature", "properties": { "id": 701, "left": -70000.0, "top": -15000.0, "right": -65000.0, "bottom": -10000.0, "row_index": 50, "col_index": 10 }, "geometry": { "type": "Point", "coordinates": [ 3.87844, 51.3604408 ] } },
{ "type": "Feature", "properties": { "id": 702, "left": -70000.0, "top": -20000.0, "right": -65000.0, "bottom": -15000.0, "row_index": 51, "col_index": 10 }, "geometry": { "type": "Point", "coordinates": [ 3.8794209, 51.3155011 ] } },
{ "type": "Feature", "properties": { "id": 703, "left": -70000.0, "top": -25000.0, "right": -65000.0, "bottom": -20000.0, "row_index": 52, "col_index": 10 }, "geometry": { "type": "Point", "coordinates": [ 3.8803993, 51.2705612 ] } },
{ "type": "Feature", "properties": { "id": 704, "left": -70000.0, "top": -30000.0, "right": -65000.0, "bottom": -25000.0, "row_index": 53, "col_index": 10 }, "geometry": { "type": "Point", "coordinates": [ 3.8813752, 51.2256208 ] } },
{ "type": "Feature", "properties": { "id": 705, "left": -70000.0, "top": -35000.0, "right": -65000.0, "bottom": -30000.0, "row_index": 54, "col_index": 10 }, "geometry": { "type": "Point", "coordinates": [ 3.8823485, 51.1806801 ] } },
{ "type": "Feature", "properties": { "id": 706, "left": -70000.0, "top": -40000.0, "right": -65000.0, "bottom": -35000.0, "row_index": 55, "col_index": 10 }, "geometry": { "type": "Point", "coordinates": [ 3.8833193, 51.1357391 ] } },
{ "type": "Feature", "properties": { "id": 707, "left": -70000.0, "top": -45000.0, "right": -65000.0, "bottom": -40000.0, "row_index": 56, "col_index": 10 }, "geometry": { "type": "Point", "coordinates": [ 3.8842877, 51.0907977 ] } },
{ "type": "Feature", "properties": { "id": 708, "left": -70000.0, "top": -50000.0, "right": -65000.0, "bottom": -45000.0, "row_index": 57, "col_index": 10 }, "geometry": { "type": "Point", "coordinates": [ 3.8852535, 51.0458559 ] } },
{ "type": "Feature", "properties": { "id": 709, "left": -70000.0, "top": -55000.0, "right": -65000.0, "bottom": -50000.0, "row_index": 58, "col_index": 10 }, "geometry": { "type": "Point", "coordinates": [ 3.8862169, 51.0009138 ] } },
{ "type": "Feature", "properties": { "id": 710, "left": -70000.0, "top": -60000.0, "right": -65000.0, "bottom": -55000.0, "row_index": 59, "col_index": 10 }, "geometry": { "type": "Point", "coordinates": [ 3.8871778, 50.9559714 ] } },
{ "type": "Feature", "properties": { "id": 711, "left": -70000.0, "top": -65000.0, "right": -65000.0, "bottom": -60000.0, "row_index": 60, "col_index": 10 }, "geometry": { "type": "Point", "coordinates": [ 3.8881362, 50.9110285 ] } },
{ "type": "Feature", "properties": { "id": 712, "left": -70000.0, "top": -70000.0, "right": -65000.0, "bottom": -65000.0, "row_index": 61, "col_index": 10 }, "geometry": { "type": "Point", "coordinates": [ 3.8890922, 50.8660854 ] } },
{ "type": "Feature", "properties": { "id": 713, "left": -70000.0, "top": -75000.0, "right": -65000.0, "bottom": -70000.0, "row_index": 62, "col_index": 10 }, "geometry": { "type": "Point", "coordinates": [ 3.8900458, 50.8211418 ] } },
{ "type": "Feature", "properties": { "id": 714, "left": -70000.0, "top": -80000.0, "right": -65000.0, "bottom": -75000.0, "row_index": 63, "col_index": 10 }, "geometry": { "type": "Point", "coordinates": [ 3.8909969, 50.776198 ] } },
{ "type": "Feature", "properties": { "id": 715, "left": -70000.0, "top": -85000.0, "right": -65000.0, "bottom": -80000.0, "row_index": 64, "col_index": 10 }, "geometry": { "type": "Point", "coordinates": [ 3.8919455, 50.7312537 ] } },
{ "type": "Feature", "properties": { "id": 716, "left": -65000.0, "top": 235000.0, "right": -60000.0, "bottom": 240000.0, "row_index": 0, "col_index": 11 }, "geometry": { "type": "Point", "coordinates": [ 3.9015003, 53.6075969 ] } },
{ "type": "Feature", "properties": { "id": 717, "left": -65000.0, "top": 230000.0, "right": -60000.0, "bottom": 235000.0, "row_index": 1, "col_index": 11 }, "geometry": { "type": "Point", "coordinates": [ 3.9025396, 53.5626742 ] } },
{ "type": "Feature", "properties": { "id": 718, "left": -65000.0, "top": 225000.0, "right": -60000.0, "bottom": 230000.0, "row_index": 2, "col_index": 11 }, "geometry": { "type": "Point", "coordinates": [ 3.9035761, 53.5177512 ] } },
{ "type": "Feature", "properties": { "id": 719, "left": -65000.0, "top": 220000.0, "right": -60000.0, "bottom": 225000.0, "row_index": 3, "col_index": 11 }, "geometry": { "type": "Point", "coordinates": [ 3.9046098, 53.4728278 ] } },
{ "type": "Feature", "properties": { "id": 720, "left": -65000.0, "top": 215000.0, "right": -60000.0, "bottom": 220000.0, "row_index": 4, "col_index": 11 }, "geometry": { "type": "Point", "coordinates": [ 3.9056408, 53.4279041 ] } },
{ "type": "Feature", "properties": { "id": 721, "left": -65000.0, "top": 210000.0, "right": -60000.0, "bottom": 215000.0, "row_index": 5, "col_index": 11 }, "geometry": { "type": "Point", "coordinates": [ 3.9066689, 53.38298 ] } },
{ "type": "Feature", "properties": { "id": 722, "left": -65000.0, "top": 205000.0, "right": -60000.0, "bottom": 210000.0, "row_index": 6, "col_index": 11 }, "geometry": { "type": "Point", "coordinates": [ 3.9076943, 53.3380556 ] } },
{ "type": "Feature", "properties": { "id": 723, "left": -65000.0, "top": 200000.0, "right": -60000.0, "bottom": 205000.0, "row_index": 7, "col_index": 11 }, "geometry": { "type": "Point", "coordinates": [ 3.908717, 53.2931308 ] } },
{ "type": "Feature", "properties": { "id": 724, "left": -65000.0, "top": 195000.0, "right": -60000.0, "bottom": 200000.0, "row_index": 8, "col_index": 11 }, "geometry": { "type": "Point", "coordinates": [ 3.9097369, 53.2482057 ] } },
{ "type": "Feature", "properties": { "id": 725, "left": -65000.0, "top": 190000.0, "right": -60000.0, "bottom": 195000.0, "row_index": 9, "col_index": 11 }, "geometry": { "type": "Point", "coordinates": [ 3.9107541, 53.2032802 ] } },
{ "type": "Feature", "properties": { "id": 726, "left": -65000.0, "top": 185000.0, "right": -60000.0, "bottom": 190000.0, "row_index": 10, "col_index": 11 }, "geometry": { "type": "Point", "coordinates": [ 3.9117685, 53.1583544 ] } },
{ "type": "Feature", "properties": { "id": 727, "left": -65000.0, "top": 180000.0, "right": -60000.0, "bottom": 185000.0, "row_index": 11, "col_index": 11 }, "geometry": { "type": "Point", "coordinates": [ 3.9127803, 53.1134282 ] } },
{ "type": "Feature", "properties": { "id": 728, "left": -65000.0, "top": 175000.0, "right": -60000.0, "bottom": 180000.0, "row_index": 12, "col_index": 11 }, "geometry": { "type": "Point", "coordinates": [ 3.9137893, 53.0685017 ] } },
{ "type": "Feature", "properties": { "id": 729, "left": -65000.0, "top": 170000.0, "right": -60000.0, "bottom": 175000.0, "row_index": 13, "col_index": 11 }, "geometry": { "type": "Point", "coordinates": [ 3.9147957, 53.0235749 ] } },
{ "type": "Feature", "properties": { "id": 730, "left": -65000.0, "top": 165000.0, "right": -60000.0, "bottom": 170000.0, "row_index": 14, "col_index": 11 }, "geometry": { "type": "Point", "coordinates": [ 3.9157994, 52.9786477 ] } },
{ "type": "Feature", "properties": { "id": 731, "left": -65000.0, "top": 160000.0, "right": -60000.0, "bottom": 165000.0, "row_index": 15, "col_index": 11 }, "geometry": { "type": "Point", "coordinates": [ 3.9168004, 52.9337201 ] } },
{ "type": "Feature", "properties": { "id": 732, "left": -65000.0, "top": 155000.0, "right": -60000.0, "bottom": 160000.0, "row_index": 16, "col_index": 11 }, "geometry": { "type": "Point", "coordinates": [ 3.9177987, 52.8887922 ] } },
{ "type": "Feature", "properties": { "id": 733, "left": -65000.0, "top": 150000.0, "right": -60000.0, "bottom": 155000.0, "row_index": 17, "col_index": 11 }, "geometry": { "type": "Point", "coordinates": [ 3.9187944, 52.8438639 ] } },
{ "type": "Feature", "properties": { "id": 734, "left": -65000.0, "top": 145000.0, "right": -60000.0, "bottom": 150000.0, "row_index": 18, "col_index": 11 }, "geometry": { "type": "Point", "coordinates": [ 3.9197874, 52.7989353 ] } },
{ "type": "Feature", "properties": { "id": 735, "left": -65000.0, "top": 140000.0, "right": -60000.0, "bottom": 145000.0, "row_index": 19, "col_index": 11 }, "geometry": { "type": "Point", "coordinates": [ 3.9207778, 52.7540064 ] } },
{ "type": "Feature", "properties": { "id": 736, "left": -65000.0, "top": 135000.0, "right": -60000.0, "bottom": 140000.0, "row_index": 20, "col_index": 11 }, "geometry": { "type": "Point", "coordinates": [ 3.9217656, 52.7090771 ] } },
{ "type": "Feature", "properties": { "id": 737, "left": -65000.0, "top": 130000.0, "right": -60000.0, "bottom": 135000.0, "row_index": 21, "col_index": 11 }, "geometry": { "type": "Point", "coordinates": [ 3.9227508, 52.6641474 ] } },
{ "type": "Feature", "properties": { "id": 738, "left": -65000.0, "top": 125000.0, "right": -60000.0, "bottom": 130000.0, "row_index": 22, "col_index": 11 }, "geometry": { "type": "Point", "coordinates": [ 3.9237333, 52.6192174 ] } },
{ "type": "Feature", "properties": { "id": 739, "left": -65000.0, "top": 120000.0, "right": -60000.0, "bottom": 125000.0, "row_index": 23, "col_index": 11 }, "geometry": { "type": "Point", "coordinates": [ 3.9247133, 52.5742871 ] } },
{ "type": "Feature", "properties": { "id": 740, "left": -65000.0, "top": 115000.0, "right": -60000.0, "bottom": 120000.0, "row_index": 24, "col_index": 11 }, "geometry": { "type": "Point", "coordinates": [ 3.9256906, 52.5293564 ] } },
{ "type": "Feature", "properties": { "id": 741, "left": -65000.0, "top": 110000.0, "right": -60000.0, "bottom": 115000.0, "row_index": 25, "col_index": 11 }, "geometry": { "type": "Point", "coordinates": [ 3.9266654, 52.4844253 ] } },
{ "type": "Feature", "properties": { "id": 742, "left": -65000.0, "top": 105000.0, "right": -60000.0, "bottom": 110000.0, "row_index": 26, "col_index": 11 }, "geometry": { "type": "Point", "coordinates": [ 3.9276376, 52.4394939 ] } },
{ "type": "Feature", "properties": { "id": 743, "left": -65000.0, "top": 100000.0, "right": -60000.0, "bottom": 105000.0, "row_index": 27, "col_index": 11 }, "geometry": { "type": "Point", "coordinates": [ 3.9286073, 52.3945622 ] } },
{ "type": "Feature", "properties": { "id": 744, "left": -65000.0, "top": 95000.0, "right": -60000.0, "bottom": 100000.0, "row_index": 28, "col_index": 11 }, "geometry": { "type": "Point", "coordinates": [ 3.9295744, 52.3496301 ] } },
{ "type": "Feature", "properties": { "id": 745, "left": -65000.0, "top": 90000.0, "right": -60000.0, "bottom": 95000.0, "row_index": 29, "col_index": 11 }, "geometry": { "type": "Point", "coordinates": [ 3.9305389, 52.3046976 ] } },
{ "type": "Feature", "properties": { "id": 746, "left": -65000.0, "top": 85000.0, "right": -60000.0, "bottom": 90000.0, "row_index": 30, "col_index": 11 }, "geometry": { "type": "Point", "coordinates": [ 3.931501, 52.2597648 ] } },
{ "type": "Feature", "properties": { "id": 747, "left": -65000.0, "top": 80000.0, "right": -60000.0, "bottom": 85000.0, "row_index": 31, "col_index": 11 }, "geometry": { "type": "Point", "coordinates": [ 3.9324605, 52.2148316 ] } },
{ "type": "Feature", "properties": { "id": 748, "left": -65000.0, "top": 75000.0, "right": -60000.0, "bottom": 80000.0, "row_index": 32, "col_index": 11 }, "geometry": { "type": "Point", "coordinates": [ 3.9334174, 52.1698981 ] } },
{ "type": "Feature", "properties": { "id": 749, "left": -65000.0, "top": 70000.0, "right": -60000.0, "bottom": 75000.0, "row_index": 33, "col_index": 11 }, "geometry": { "type": "Point", "coordinates": [ 3.9343719, 52.1249643 ] } },
{ "type": "Feature", "properties": { "id": 750, "left": -65000.0, "top": 65000.0, "right": -60000.0, "bottom": 70000.0, "row_index": 34, "col_index": 11 }, "geometry": { "type": "Point", "coordinates": [ 3.9353239, 52.0800301 ] } },
{ "type": "Feature", "properties": { "id": 751, "left": -65000.0, "top": 60000.0, "right": -60000.0, "bottom": 65000.0, "row_index": 35, "col_index": 11 }, "geometry": { "type": "Point", "coordinates": [ 3.9362734, 52.0350955 ] } },
{ "type": "Feature", "properties": { "id": 752, "left": -65000.0, "top": 55000.0, "right": -60000.0, "bottom": 60000.0, "row_index": 36, "col_index": 11 }, "geometry": { "type": "Point", "coordinates": [ 3.9372203, 51.9901606 ] } },
{ "type": "Feature", "properties": { "id": 753, "left": -65000.0, "top": 50000.0, "right": -60000.0, "bottom": 55000.0, "row_index": 37, "col_index": 11 }, "geometry": { "type": "Point", "coordinates": [ 3.9381649, 51.9452253 ] } },
{ "type": "Feature", "properties": { "id": 754, "left": -65000.0, "top": 45000.0, "right": -60000.0, "bottom": 50000.0, "row_index": 38, "col_index": 11 }, "geometry": { "type": "Point", "coordinates": [ 3.9391069, 51.9002897 ] } },
{ "type": "Feature", "properties": { "id": 755, "left": -65000.0, "top": 40000.0, "right": -60000.0, "bottom": 45000.0, "row_index": 39, "col_index": 11 }, "geometry": { "type": "Point", "coordinates": [ 3.9400465, 51.8553537 ] } },
{ "type": "Feature", "properties": { "id": 756, "left": -65000.0, "top": 35000.0, "right": -60000.0, "bottom": 40000.0, "row_index": 40, "col_index": 11 }, "geometry": { "type": "Point", "coordinates": [ 3.9409837, 51.8104174 ] } },
{ "type": "Feature", "properties": { "id": 757, "left": -65000.0, "top": 30000.0, "right": -60000.0, "bottom": 35000.0, "row_index": 41, "col_index": 11 }, "geometry": { "type": "Point", "coordinates": [ 3.9419184, 51.7654807 ] } },
{ "type": "Feature", "properties": { "id": 758, "left": -65000.0, "top": 25000.0, "right": -60000.0, "bottom": 30000.0, "row_index": 42, "col_index": 11 }, "geometry": { "type": "Point", "coordinates": [ 3.9428507, 51.7205437 ] } },
{ "type": "Feature", "properties": { "id": 759, "left": -65000.0, "top": 20000.0, "right": -60000.0, "bottom": 25000.0, "row_index": 43, "col_index": 11 }, "geometry": { "type": "Point", "coordinates": [ 3.9437805, 51.6756063 ] } },
{ "type": "Feature", "properties": { "id": 760, "left": -65000.0, "top": 15000.0, "right": -60000.0, "bottom": 20000.0, "row_index": 44, "col_index": 11 }, "geometry": { "type": "Point", "coordinates": [ 3.944708, 51.6306686 ] } },
{ "type": "Feature", "properties": { "id": 761, "left": -65000.0, "top": 10000.0, "right": -60000.0, "bottom": 15000.0, "row_index": 45, "col_index": 11 }, "geometry": { "type": "Point", "coordinates": [ 3.945633, 51.5857305 ] } },
{ "type": "Feature", "properties": { "id": 762, "left": -65000.0, "top": 5000.0, "right": -60000.0, "bottom": 10000.0, "row_index": 46, "col_index": 11 }, "geometry": { "type": "Point", "coordinates": [ 3.9465557, 51.5407921 ] } },
{ "type": "Feature", "properties": { "id": 763, "left": -65000.0, "top": 0.0, "right": -60000.0, "bottom": 5000.0, "row_index": 47, "col_index": 11 }, "geometry": { "type": "Point", "coordinates": [ 3.9474759, 51.4958533 ] } },
{ "type": "Feature", "properties": { "id": 764, "left": -65000.0, "top": -5000.0, "right": -60000.0, "bottom": 0.0, "row_index": 48, "col_index": 11 }, "geometry": { "type": "Point", "coordinates": [ 3.9483938, 51.4509142 ] } },
{ "type": "Feature", "properties": { "id": 765, "left": -65000.0, "top": -10000.0, "right": -60000.0, "bottom": -5000.0, "row_index": 49, "col_index": 11 }, "geometry": { "type": "Point", "coordinates": [ 3.9493093, 51.4059747 ] } },
{ "type": "Feature", "properties": { "id": 766, "left": -65000.0, "top": -15000.0, "right": -60000.0, "bottom": -10000.0, "row_index": 50, "col_index": 11 }, "geometry": { "type": "Point", "coordinates": [ 3.9502224, 51.3610348 ] } },
{ "type": "Feature", "properties": { "id": 767, "left": -65000.0, "top": -20000.0, "right": -60000.0, "bottom": -15000.0, "row_index": 51, "col_index": 11 }, "geometry": { "type": "Point", "coordinates": [ 3.9511332, 51.3160946 ] } },
{ "type": "Feature", "properties": { "id": 768, "left": -65000.0, "top": -25000.0, "right": -60000.0, "bottom": -20000.0, "row_index": 52, "col_index": 11 }, "geometry": { "type": "Point", "coordinates": [ 3.9520416, 51.2711541 ] } },
{ "type": "Feature", "properties": { "id": 769, "left": -65000.0, "top": -30000.0, "right": -60000.0, "bottom": -25000.0, "row_index": 53, "col_index": 11 }, "geometry": { "type": "Point", "coordinates": [ 3.9529477, 51.2262132 ] } },
{ "type": "Feature", "properties": { "id": 770, "left": -65000.0, "top": -35000.0, "right": -60000.0, "bottom": -30000.0, "row_index": 54, "col_index": 11 }, "geometry": { "type": "Point", "coordinates": [ 3.9538514, 51.1812719 ] } },
{ "type": "Feature", "properties": { "id": 771, "left": -65000.0, "top": -40000.0, "right": -60000.0, "bottom": -35000.0, "row_index": 55, "col_index": 11 }, "geometry": { "type": "Point", "coordinates": [ 3.9547528, 51.1363303 ] } },
{ "type": "Feature", "properties": { "id": 772, "left": -65000.0, "top": -45000.0, "right": -60000.0, "bottom": -40000.0, "row_index": 56, "col_index": 11 }, "geometry": { "type": "Point", "coordinates": [ 3.9556519, 51.0913883 ] } },
{ "type": "Feature", "properties": { "id": 773, "left": -65000.0, "top": -50000.0, "right": -60000.0, "bottom": -45000.0, "row_index": 57, "col_index": 11 }, "geometry": { "type": "Point", "coordinates": [ 3.9565487, 51.046446 ] } },
{ "type": "Feature", "properties": { "id": 774, "left": -65000.0, "top": -55000.0, "right": -60000.0, "bottom": -50000.0, "row_index": 58, "col_index": 11 }, "geometry": { "type": "Point", "coordinates": [ 3.9574432, 51.0015033 ] } },
{ "type": "Feature", "properties": { "id": 775, "left": -65000.0, "top": -60000.0, "right": -60000.0, "bottom": -55000.0, "row_index": 59, "col_index": 11 }, "geometry": { "type": "Point", "coordinates": [ 3.9583354, 50.9565603 ] } },
{ "type": "Feature", "properties": { "id": 776, "left": -65000.0, "top": -65000.0, "right": -60000.0, "bottom": -60000.0, "row_index": 60, "col_index": 11 }, "geometry": { "type": "Point", "coordinates": [ 3.9592253, 50.9116169 ] } },
{ "type": "Feature", "properties": { "id": 777, "left": -65000.0, "top": -70000.0, "right": -60000.0, "bottom": -65000.0, "row_index": 61, "col_index": 11 }, "geometry": { "type": "Point", "coordinates": [ 3.9601129, 50.8666731 ] } },
{ "type": "Feature", "properties": { "id": 778, "left": -65000.0, "top": -75000.0, "right": -60000.0, "bottom": -70000.0, "row_index": 62, "col_index": 11 }, "geometry": { "type": "Point", "coordinates": [ 3.9609983, 50.821729 ] } },
{ "type": "Feature", "properties": { "id": 779, "left": -65000.0, "top": -80000.0, "right": -60000.0, "bottom": -75000.0, "row_index": 63, "col_index": 11 }, "geometry": { "type": "Point", "coordinates": [ 3.9618814, 50.7767846 ] } },
{ "type": "Feature", "properties": { "id": 780, "left": -65000.0, "top": -85000.0, "right": -60000.0, "bottom": -80000.0, "row_index": 64, "col_index": 11 }, "geometry": { "type": "Point", "coordinates": [ 3.9627622, 50.7318398 ] } },
{ "type": "Feature", "properties": { "id": 781, "left": -60000.0, "top": 235000.0, "right": -55000.0, "bottom": 240000.0, "row_index": 0, "col_index": 12 }, "geometry": { "type": "Point", "coordinates": [ 3.9770366, 53.608175 ] } },
{ "type": "Feature", "properties": { "id": 782, "left": -60000.0, "top": 230000.0, "right": -55000.0, "bottom": 235000.0, "row_index": 1, "col_index": 12 }, "geometry": { "type": "Point", "coordinates": [ 3.9779958, 53.5632517 ] } },
{ "type": "Feature", "properties": { "id": 783, "left": -60000.0, "top": 225000.0, "right": -55000.0, "bottom": 230000.0, "row_index": 2, "col_index": 12 }, "geometry": { "type": "Point", "coordinates": [ 3.9789525, 53.5183281 ] } },
{ "type": "Feature", "properties": { "id": 784, "left": -60000.0, "top": 220000.0, "right": -55000.0, "bottom": 225000.0, "row_index": 3, "col_index": 12 }, "geometry": { "type": "Point", "coordinates": [ 3.9799066, 53.4734041 ] } },
{ "type": "Feature", "properties": { "id": 785, "left": -60000.0, "top": 215000.0, "right": -55000.0, "bottom": 220000.0, "row_index": 4, "col_index": 12 }, "geometry": { "type": "Point", "coordinates": [ 3.9808582, 53.4284798 ] } },
{ "type": "Feature", "properties": { "id": 786, "left": -60000.0, "top": 210000.0, "right": -55000.0, "bottom": 215000.0, "row_index": 5, "col_index": 12 }, "geometry": { "type": "Point", "coordinates": [ 3.9818072, 53.3835552 ] } },
{ "type": "Feature", "properties": { "id": 787, "left": -60000.0, "top": 205000.0, "right": -55000.0, "bottom": 210000.0, "row_index": 6, "col_index": 12 }, "geometry": { "type": "Point", "coordinates": [ 3.9827536, 53.3386302 ] } },
{ "type": "Feature", "properties": { "id": 788, "left": -60000.0, "top": 200000.0, "right": -55000.0, "bottom": 205000.0, "row_index": 7, "col_index": 12 }, "geometry": { "type": "Point", "coordinates": [ 3.9836975, 53.2937048 ] } },
{ "type": "Feature", "properties": { "id": 789, "left": -60000.0, "top": 195000.0, "right": -55000.0, "bottom": 200000.0, "row_index": 8, "col_index": 12 }, "geometry": { "type": "Point", "coordinates": [ 3.9846389, 53.2487791 ] } },
{ "type": "Feature", "properties": { "id": 790, "left": -60000.0, "top": 190000.0, "right": -55000.0, "bottom": 195000.0, "row_index": 9, "col_index": 12 }, "geometry": { "type": "Point", "coordinates": [ 3.9855777, 53.2038531 ] } },
{ "type": "Feature", "properties": { "id": 791, "left": -60000.0, "top": 185000.0, "right": -55000.0, "bottom": 190000.0, "row_index": 10, "col_index": 12 }, "geometry": { "type": "Point", "coordinates": [ 3.9865141, 53.1589267 ] } },
{ "type": "Feature", "properties": { "id": 792, "left": -60000.0, "top": 180000.0, "right": -55000.0, "bottom": 185000.0, "row_index": 11, "col_index": 12 }, "geometry": { "type": "Point", "coordinates": [ 3.9874479, 53.1139999 ] } },
{ "type": "Feature", "properties": { "id": 793, "left": -60000.0, "top": 175000.0, "right": -55000.0, "bottom": 180000.0, "row_index": 12, "col_index": 12 }, "geometry": { "type": "Point", "coordinates": [ 3.9883792, 53.0690728 ] } },
{ "type": "Feature", "properties": { "id": 794, "left": -60000.0, "top": 170000.0, "right": -55000.0, "bottom": 175000.0, "row_index": 13, "col_index": 12 }, "geometry": { "type": "Point", "coordinates": [ 3.9893081, 53.0241454 ] } },
{ "type": "Feature", "properties": { "id": 795, "left": -60000.0, "top": 165000.0, "right": -55000.0, "bottom": 170000.0, "row_index": 14, "col_index": 12 }, "geometry": { "type": "Point", "coordinates": [ 3.9902345, 52.9792176 ] } },
{ "type": "Feature", "properties": { "id": 796, "left": -60000.0, "top": 160000.0, "right": -55000.0, "bottom": 165000.0, "row_index": 15, "col_index": 12 }, "geometry": { "type": "Point", "coordinates": [ 3.9911584, 52.9342895 ] } },
{ "type": "Feature", "properties": { "id": 797, "left": -60000.0, "top": 155000.0, "right": -55000.0, "bottom": 160000.0, "row_index": 16, "col_index": 12 }, "geometry": { "type": "Point", "coordinates": [ 3.9920798, 52.889361 ] } },
{ "type": "Feature", "properties": { "id": 798, "left": -60000.0, "top": 150000.0, "right": -55000.0, "bottom": 155000.0, "row_index": 17, "col_index": 12 }, "geometry": { "type": "Point", "coordinates": [ 3.9929989, 52.8444322 ] } },
{ "type": "Feature", "properties": { "id": 799, "left": -60000.0, "top": 145000.0, "right": -55000.0, "bottom": 150000.0, "row_index": 18, "col_index": 12 }, "geometry": { "type": "Point", "coordinates": [ 3.9939154, 52.799503 ] } },
{ "type": "Feature", "properties": { "id": 800, "left": -60000.0, "top": 140000.0, "right": -55000.0, "bottom": 145000.0, "row_index": 19, "col_index": 12 }, "geometry": { "type": "Point", "coordinates": [ 3.9948295, 52.7545735 ] } },
{ "type": "Feature", "properties": { "id": 801, "left": -60000.0, "top": 135000.0, "right": -55000.0, "bottom": 140000.0, "row_index": 20, "col_index": 12 }, "geometry": { "type": "Point", "coordinates": [ 3.9957413, 52.7096436 ] } },
{ "type": "Feature", "properties": { "id": 802, "left": -60000.0, "top": 130000.0, "right": -55000.0, "bottom": 135000.0, "row_index": 21, "col_index": 12 }, "geometry": { "type": "Point", "coordinates": [ 3.9966505, 52.6647134 ] } },
{ "type": "Feature", "properties": { "id": 803, "left": -60000.0, "top": 125000.0, "right": -55000.0, "bottom": 130000.0, "row_index": 22, "col_index": 12 }, "geometry": { "type": "Point", "coordinates": [ 3.9975574, 52.6197828 ] } },
{ "type": "Feature", "properties": { "id": 804, "left": -60000.0, "top": 120000.0, "right": -55000.0, "bottom": 125000.0, "row_index": 23, "col_index": 12 }, "geometry": { "type": "Point", "coordinates": [ 3.9984619, 52.5748519 ] } },
{ "type": "Feature", "properties": { "id": 805, "left": -60000.0, "top": 115000.0, "right": -55000.0, "bottom": 120000.0, "row_index": 24, "col_index": 12 }, "geometry": { "type": "Point", "coordinates": [ 3.999364, 52.5299206 ] } },
{ "type": "Feature", "properties": { "id": 806, "left": -60000.0, "top": 110000.0, "right": -55000.0, "bottom": 115000.0, "row_index": 25, "col_index": 12 }, "geometry": { "type": "Point", "coordinates": [ 4.0002637, 52.484989 ] } },
{ "type": "Feature", "properties": { "id": 807, "left": -60000.0, "top": 105000.0, "right": -55000.0, "bottom": 110000.0, "row_index": 26, "col_index": 12 }, "geometry": { "type": "Point", "coordinates": [ 4.0011611, 52.4400571 ] } },
{ "type": "Feature", "properties": { "id": 808, "left": -60000.0, "top": 100000.0, "right": -55000.0, "bottom": 105000.0, "row_index": 27, "col_index": 12 }, "geometry": { "type": "Point", "coordinates": [ 4.0020561, 52.3951248 ] } },
{ "type": "Feature", "properties": { "id": 809, "left": -60000.0, "top": 95000.0, "right": -55000.0, "bottom": 100000.0, "row_index": 28, "col_index": 12 }, "geometry": { "type": "Point", "coordinates": [ 4.0029487, 52.3501921 ] } },
{ "type": "Feature", "properties": { "id": 810, "left": -60000.0, "top": 90000.0, "right": -55000.0, "bottom": 95000.0, "row_index": 29, "col_index": 12 }, "geometry": { "type": "Point", "coordinates": [ 4.003839, 52.3052591 ] } },
{ "type": "Feature", "properties": { "id": 811, "left": -60000.0, "top": 85000.0, "right": -55000.0, "bottom": 90000.0, "row_index": 30, "col_index": 12 }, "geometry": { "type": "Point", "coordinates": [ 4.0047269, 52.2603257 ] } },
{ "type": "Feature", "properties": { "id": 812, "left": -60000.0, "top": 80000.0, "right": -55000.0, "bottom": 85000.0, "row_index": 31, "col_index": 12 }, "geometry": { "type": "Point", "coordinates": [ 4.0056125, 52.215392 ] } },
{ "type": "Feature", "properties": { "id": 813, "left": -60000.0, "top": 75000.0, "right": -55000.0, "bottom": 80000.0, "row_index": 32, "col_index": 12 }, "geometry": { "type": "Point", "coordinates": [ 4.0064958, 52.1704579 ] } },
{ "type": "Feature", "properties": { "id": 814, "left": -60000.0, "top": 70000.0, "right": -55000.0, "bottom": 75000.0, "row_index": 33, "col_index": 12 }, "geometry": { "type": "Point", "coordinates": [ 4.0073767, 52.1255235 ] } },
{ "type": "Feature", "properties": { "id": 815, "left": -60000.0, "top": 65000.0, "right": -55000.0, "bottom": 70000.0, "row_index": 34, "col_index": 12 }, "geometry": { "type": "Point", "coordinates": [ 4.0082554, 52.0805888 ] } },
{ "type": "Feature", "properties": { "id": 816, "left": -60000.0, "top": 60000.0, "right": -55000.0, "bottom": 65000.0, "row_index": 35, "col_index": 12 }, "geometry": { "type": "Point", "coordinates": [ 4.0091318, 52.0356536 ] } },
{ "type": "Feature", "properties": { "id": 817, "left": -60000.0, "top": 55000.0, "right": -55000.0, "bottom": 60000.0, "row_index": 36, "col_index": 12 }, "geometry": { "type": "Point", "coordinates": [ 4.0100058, 51.9907182 ] } },
{ "type": "Feature", "properties": { "id": 818, "left": -60000.0, "top": 50000.0, "right": -55000.0, "bottom": 55000.0, "row_index": 37, "col_index": 12 }, "geometry": { "type": "Point", "coordinates": [ 4.0108776, 51.9457824 ] } },
{ "type": "Feature", "properties": { "id": 819, "left": -60000.0, "top": 45000.0, "right": -55000.0, "bottom": 50000.0, "row_index": 38, "col_index": 12 }, "geometry": { "type": "Point", "coordinates": [ 4.0117471, 51.9008462 ] } },
{ "type": "Feature", "properties": { "id": 820, "left": -60000.0, "top": 40000.0, "right": -55000.0, "bottom": 45000.0, "row_index": 39, "col_index": 12 }, "geometry": { "type": "Point", "coordinates": [ 4.0126144, 51.8559097 ] } },
{ "type": "Feature", "properties": { "id": 821, "left": -60000.0, "top": 35000.0, "right": -55000.0, "bottom": 40000.0, "row_index": 40, "col_index": 12 }, "geometry": { "type": "Point", "coordinates": [ 4.0134793, 51.8109728 ] } },
{ "type": "Feature", "properties": { "id": 822, "left": -60000.0, "top": 30000.0, "right": -55000.0, "bottom": 35000.0, "row_index": 41, "col_index": 12 }, "geometry": { "type": "Point", "coordinates": [ 4.0143421, 51.7660356 ] } },
{ "type": "Feature", "properties": { "id": 823, "left": -60000.0, "top": 25000.0, "right": -55000.0, "bottom": 30000.0, "row_index": 42, "col_index": 12 }, "geometry": { "type": "Point", "coordinates": [ 4.0152025, 51.721098 ] } },
{ "type": "Feature", "properties": { "id": 824, "left": -60000.0, "top": 20000.0, "right": -55000.0, "bottom": 25000.0, "row_index": 43, "col_index": 12 }, "geometry": { "type": "Point", "coordinates": [ 4.0160608, 51.6761601 ] } },
{ "type": "Feature", "properties": { "id": 825, "left": -60000.0, "top": 15000.0, "right": -55000.0, "bottom": 20000.0, "row_index": 44, "col_index": 12 }, "geometry": { "type": "Point", "coordinates": [ 4.0169168, 51.6312218 ] } },
{ "type": "Feature", "properties": { "id": 826, "left": -60000.0, "top": 10000.0, "right": -55000.0, "bottom": 15000.0, "row_index": 45, "col_index": 12 }, "geometry": { "type": "Point", "coordinates": [ 4.0177706, 51.5862832 ] } },
{ "type": "Feature", "properties": { "id": 827, "left": -60000.0, "top": 5000.0, "right": -55000.0, "bottom": 10000.0, "row_index": 46, "col_index": 12 }, "geometry": { "type": "Point", "coordinates": [ 4.0186222, 51.5413442 ] } },
{ "type": "Feature", "properties": { "id": 828, "left": -60000.0, "top": 0.0, "right": -55000.0, "bottom": 5000.0, "row_index": 47, "col_index": 12 }, "geometry": { "type": "Point", "coordinates": [ 4.0194716, 51.4964049 ] } },
{ "type": "Feature", "properties": { "id": 829, "left": -60000.0, "top": -5000.0, "right": -55000.0, "bottom": 0.0, "row_index": 48, "col_index": 12 }, "geometry": { "type": "Point", "coordinates": [ 4.0203187, 51.4514652 ] } },
{ "type": "Feature", "properties": { "id": 830, "left": -60000.0, "top": -10000.0, "right": -55000.0, "bottom": -5000.0, "row_index": 49, "col_index": 12 }, "geometry": { "type": "Point", "coordinates": [ 4.0211637, 51.4065252 ] } },
{ "type": "Feature", "properties": { "id": 831, "left": -60000.0, "top": -15000.0, "right": -55000.0, "bottom": -10000.0, "row_index": 50, "col_index": 12 }, "geometry": { "type": "Point", "coordinates": [ 4.0220065, 51.3615848 ] } },
{ "type": "Feature", "properties": { "id": 832, "left": -60000.0, "top": -20000.0, "right": -55000.0, "bottom": -15000.0, "row_index": 51, "col_index": 12 }, "geometry": { "type": "Point", "coordinates": [ 4.0228472, 51.3166441 ] } },
{ "type": "Feature", "properties": { "id": 833, "left": -60000.0, "top": -25000.0, "right": -55000.0, "bottom": -20000.0, "row_index": 52, "col_index": 12 }, "geometry": { "type": "Point", "coordinates": [ 4.0236856, 51.271703 ] } },
{ "type": "Feature", "properties": { "id": 834, "left": -60000.0, "top": -30000.0, "right": -55000.0, "bottom": -25000.0, "row_index": 53, "col_index": 12 }, "geometry": { "type": "Point", "coordinates": [ 4.0245219, 51.2267615 ] } },
{ "type": "Feature", "properties": { "id": 835, "left": -60000.0, "top": -35000.0, "right": -55000.0, "bottom": -30000.0, "row_index": 54, "col_index": 12 }, "geometry": { "type": "Point", "coordinates": [ 4.0253561, 51.1818198 ] } },
{ "type": "Feature", "properties": { "id": 836, "left": -60000.0, "top": -40000.0, "right": -55000.0, "bottom": -35000.0, "row_index": 55, "col_index": 12 }, "geometry": { "type": "Point", "coordinates": [ 4.0261881, 51.1368776 ] } },
{ "type": "Feature", "properties": { "id": 837, "left": -60000.0, "top": -45000.0, "right": -55000.0, "bottom": -40000.0, "row_index": 56, "col_index": 12 }, "geometry": { "type": "Point", "coordinates": [ 4.0270179, 51.0919351 ] } },
{ "type": "Feature", "properties": { "id": 838, "left": -60000.0, "top": -50000.0, "right": -55000.0, "bottom": -45000.0, "row_index": 57, "col_index": 12 }, "geometry": { "type": "Point", "coordinates": [ 4.0278456, 51.0469923 ] } },
{ "type": "Feature", "properties": { "id": 839, "left": -60000.0, "top": -55000.0, "right": -55000.0, "bottom": -50000.0, "row_index": 58, "col_index": 12 }, "geometry": { "type": "Point", "coordinates": [ 4.0286713, 51.0020491 ] } },
{ "type": "Feature", "properties": { "id": 840, "left": -60000.0, "top": -60000.0, "right": -55000.0, "bottom": -55000.0, "row_index": 59, "col_index": 12 }, "geometry": { "type": "Point", "coordinates": [ 4.0294947, 50.9571055 ] } },
{ "type": "Feature", "properties": { "id": 841, "left": -60000.0, "top": -65000.0, "right": -55000.0, "bottom": -60000.0, "row_index": 60, "col_index": 12 }, "geometry": { "type": "Point", "coordinates": [ 4.0303161, 50.9121616 ] } },
{ "type": "Feature", "properties": { "id": 842, "left": -60000.0, "top": -70000.0, "right": -55000.0, "bottom": -65000.0, "row_index": 61, "col_index": 12 }, "geometry": { "type": "Point", "coordinates": [ 4.0311354, 50.8672173 ] } },
{ "type": "Feature", "properties": { "id": 843, "left": -60000.0, "top": -75000.0, "right": -55000.0, "bottom": -70000.0, "row_index": 62, "col_index": 12 }, "geometry": { "type": "Point", "coordinates": [ 4.0319525, 50.8222727 ] } },
{ "type": "Feature", "properties": { "id": 844, "left": -60000.0, "top": -80000.0, "right": -55000.0, "bottom": -75000.0, "row_index": 63, "col_index": 12 }, "geometry": { "type": "Point", "coordinates": [ 4.0327676, 50.7773277 ] } },
{ "type": "Feature", "properties": { "id": 845, "left": -60000.0, "top": -85000.0, "right": -55000.0, "bottom": -80000.0, "row_index": 64, "col_index": 12 }, "geometry": { "type": "Point", "coordinates": [ 4.0335806, 50.7323824 ] } },
{ "type": "Feature", "properties": { "id": 846, "left": -55000.0, "top": 235000.0, "right": -50000.0, "bottom": 240000.0, "row_index": 0, "col_index": 13 }, "geometry": { "type": "Point", "coordinates": [ 4.0525748, 53.6087068 ] } },
{ "type": "Feature", "properties": { "id": 847, "left": -55000.0, "top": 230000.0, "right": -50000.0, "bottom": 235000.0, "row_index": 1, "col_index": 13 }, "geometry": { "type": "Point", "coordinates": [ 4.0534541, 53.563783 ] } },
{ "type": "Feature", "properties": { "id": 848, "left": -55000.0, "top": 225000.0, "right": -50000.0, "bottom": 230000.0, "row_index": 2, "col_index": 13 }, "geometry": { "type": "Point", "coordinates": [ 4.0543309, 53.5188588 ] } },
{ "type": "Feature", "properties": { "id": 849, "left": -55000.0, "top": 220000.0, "right": -50000.0, "bottom": 225000.0, "row_index": 3, "col_index": 13 }, "geometry": { "type": "Point", "coordinates": [ 4.0552054, 53.4739343 ] } },
{ "type": "Feature", "properties": { "id": 850, "left": -55000.0, "top": 215000.0, "right": -50000.0, "bottom": 220000.0, "row_index": 4, "col_index": 13 }, "geometry": { "type": "Point", "coordinates": [ 4.0560776, 53.4290095 ] } },
{ "type": "Feature", "properties": { "id": 851, "left": -55000.0, "top": 210000.0, "right": -50000.0, "bottom": 215000.0, "row_index": 5, "col_index": 13 }, "geometry": { "type": "Point", "coordinates": [ 4.0569474, 53.3840843 ] } },
{ "type": "Feature", "properties": { "id": 852, "left": -55000.0, "top": 205000.0, "right": -50000.0, "bottom": 210000.0, "row_index": 6, "col_index": 13 }, "geometry": { "type": "Point", "coordinates": [ 4.0578148, 53.3391587 ] } },
{ "type": "Feature", "properties": { "id": 853, "left": -55000.0, "top": 200000.0, "right": -50000.0, "bottom": 205000.0, "row_index": 7, "col_index": 13 }, "geometry": { "type": "Point", "coordinates": [ 4.05868, 53.2942328 ] } },
{ "type": "Feature", "properties": { "id": 854, "left": -55000.0, "top": 195000.0, "right": -50000.0, "bottom": 200000.0, "row_index": 8, "col_index": 13 }, "geometry": { "type": "Point", "coordinates": [ 4.0595428, 53.2493066 ] } },
{ "type": "Feature", "properties": { "id": 855, "left": -55000.0, "top": 190000.0, "right": -50000.0, "bottom": 195000.0, "row_index": 9, "col_index": 13 }, "geometry": { "type": "Point", "coordinates": [ 4.0604033, 53.20438 ] } },
{ "type": "Feature", "properties": { "id": 856, "left": -55000.0, "top": 185000.0, "right": -50000.0, "bottom": 190000.0, "row_index": 10, "col_index": 13 }, "geometry": { "type": "Point", "coordinates": [ 4.0612615, 53.1594531 ] } },
{ "type": "Feature", "properties": { "id": 857, "left": -55000.0, "top": 180000.0, "right": -50000.0, "bottom": 185000.0, "row_index": 11, "col_index": 13 }, "geometry": { "type": "Point", "coordinates": [ 4.0621174, 53.1145258 ] } },
{ "type": "Feature", "properties": { "id": 858, "left": -55000.0, "top": 175000.0, "right": -50000.0, "bottom": 180000.0, "row_index": 12, "col_index": 13 }, "geometry": { "type": "Point", "coordinates": [ 4.0629711, 53.0695982 ] } },
{ "type": "Feature", "properties": { "id": 859, "left": -55000.0, "top": 170000.0, "right": -50000.0, "bottom": 175000.0, "row_index": 13, "col_index": 13 }, "geometry": { "type": "Point", "coordinates": [ 4.0638224, 53.0246702 ] } },
{ "type": "Feature", "properties": { "id": 860, "left": -55000.0, "top": 165000.0, "right": -50000.0, "bottom": 170000.0, "row_index": 14, "col_index": 13 }, "geometry": { "type": "Point", "coordinates": [ 4.0646715, 52.9797419 ] } },
{ "type": "Feature", "properties": { "id": 861, "left": -55000.0, "top": 160000.0, "right": -50000.0, "bottom": 165000.0, "row_index": 15, "col_index": 13 }, "geometry": { "type": "Point", "coordinates": [ 4.0655183, 52.9348133 ] } },
{ "type": "Feature", "properties": { "id": 862, "left": -55000.0, "top": 155000.0, "right": -50000.0, "bottom": 160000.0, "row_index": 16, "col_index": 13 }, "geometry": { "type": "Point", "coordinates": [ 4.0663629, 52.8898843 ] } },
{ "type": "Feature", "properties": { "id": 863, "left": -55000.0, "top": 150000.0, "right": -50000.0, "bottom": 155000.0, "row_index": 17, "col_index": 13 }, "geometry": { "type": "Point", "coordinates": [ 4.0672052, 52.8449549 ] } },
{ "type": "Feature", "properties": { "id": 864, "left": -55000.0, "top": 145000.0, "right": -50000.0, "bottom": 150000.0, "row_index": 18, "col_index": 13 }, "geometry": { "type": "Point", "coordinates": [ 4.0680453, 52.8000252 ] } },
{ "type": "Feature", "properties": { "id": 865, "left": -55000.0, "top": 140000.0, "right": -50000.0, "bottom": 145000.0, "row_index": 19, "col_index": 13 }, "geometry": { "type": "Point", "coordinates": [ 4.0688831, 52.7550952 ] } },
{ "type": "Feature", "properties": { "id": 866, "left": -55000.0, "top": 135000.0, "right": -50000.0, "bottom": 140000.0, "row_index": 20, "col_index": 13 }, "geometry": { "type": "Point", "coordinates": [ 4.0697188, 52.7101648 ] } },
{ "type": "Feature", "properties": { "id": 867, "left": -55000.0, "top": 130000.0, "right": -50000.0, "bottom": 135000.0, "row_index": 21, "col_index": 13 }, "geometry": { "type": "Point", "coordinates": [ 4.0705522, 52.665234 ] } },
{ "type": "Feature", "properties": { "id": 868, "left": -55000.0, "top": 125000.0, "right": -50000.0, "bottom": 130000.0, "row_index": 22, "col_index": 13 }, "geometry": { "type": "Point", "coordinates": [ 4.0713834, 52.6203029 ] } },
{ "type": "Feature", "properties": { "id": 869, "left": -55000.0, "top": 120000.0, "right": -50000.0, "bottom": 125000.0, "row_index": 23, "col_index": 13 }, "geometry": { "type": "Point", "coordinates": [ 4.0722124, 52.5753715 ] } },
{ "type": "Feature", "properties": { "id": 870, "left": -55000.0, "top": 115000.0, "right": -50000.0, "bottom": 120000.0, "row_index": 24, "col_index": 13 }, "geometry": { "type": "Point", "coordinates": [ 4.0730392, 52.5304397 ] } },
{ "type": "Feature", "properties": { "id": 871, "left": -55000.0, "top": 110000.0, "right": -50000.0, "bottom": 115000.0, "row_index": 25, "col_index": 13 }, "geometry": { "type": "Point", "coordinates": [ 4.0738639, 52.4855076 ] } },
{ "type": "Feature", "properties": { "id": 872, "left": -55000.0, "top": 105000.0, "right": -50000.0, "bottom": 110000.0, "row_index": 26, "col_index": 13 }, "geometry": { "type": "Point", "coordinates": [ 4.0746863, 52.4405751 ] } },
{ "type": "Feature", "properties": { "id": 873, "left": -55000.0, "top": 100000.0, "right": -50000.0, "bottom": 105000.0, "row_index": 27, "col_index": 13 }, "geometry": { "type": "Point", "coordinates": [ 4.0755066, 52.3956423 ] } },
{ "type": "Feature", "properties": { "id": 874, "left": -55000.0, "top": 95000.0, "right": -50000.0, "bottom": 100000.0, "row_index": 28, "col_index": 13 }, "geometry": { "type": "Point", "coordinates": [ 4.0763248, 52.3507091 ] } },
{ "type": "Feature", "properties": { "id": 875, "left": -55000.0, "top": 90000.0, "right": -50000.0, "bottom": 95000.0, "row_index": 29, "col_index": 13 }, "geometry": { "type": "Point", "coordinates": [ 4.0771408, 52.3057756 ] } },
{ "type": "Feature", "properties": { "id": 876, "left": -55000.0, "top": 85000.0, "right": -50000.0, "bottom": 90000.0, "row_index": 30, "col_index": 13 }, "geometry": { "type": "Point", "coordinates": [ 4.0779546, 52.2608417 ] } },
{ "type": "Feature", "properties": { "id": 877, "left": -55000.0, "top": 80000.0, "right": -50000.0, "bottom": 85000.0, "row_index": 31, "col_index": 13 }, "geometry": { "type": "Point", "coordinates": [ 4.0787663, 52.2159075 ] } },
{ "type": "Feature", "properties": { "id": 878, "left": -55000.0, "top": 75000.0, "right": -50000.0, "bottom": 80000.0, "row_index": 32, "col_index": 13 }, "geometry": { "type": "Point", "coordinates": [ 4.0795759, 52.1709729 ] } },
{ "type": "Feature", "properties": { "id": 879, "left": -55000.0, "top": 70000.0, "right": -50000.0, "bottom": 75000.0, "row_index": 33, "col_index": 13 }, "geometry": { "type": "Point", "coordinates": [ 4.0803833, 52.126038 ] } },
{ "type": "Feature", "properties": { "id": 880, "left": -55000.0, "top": 65000.0, "right": -50000.0, "bottom": 70000.0, "row_index": 34, "col_index": 13 }, "geometry": { "type": "Point", "coordinates": [ 4.0811887, 52.0811027 ] } },
{ "type": "Feature", "properties": { "id": 881, "left": -55000.0, "top": 60000.0, "right": -50000.0, "bottom": 65000.0, "row_index": 35, "col_index": 13 }, "geometry": { "type": "Point", "coordinates": [ 4.0819919, 52.0361671 ] } },
{ "type": "Feature", "properties": { "id": 882, "left": -55000.0, "top": 55000.0, "right": -50000.0, "bottom": 60000.0, "row_index": 36, "col_index": 13 }, "geometry": { "type": "Point", "coordinates": [ 4.082793, 51.9912311 ] } },
{ "type": "Feature", "properties": { "id": 883, "left": -55000.0, "top": 50000.0, "right": -50000.0, "bottom": 55000.0, "row_index": 37, "col_index": 13 }, "geometry": { "type": "Point", "coordinates": [ 4.0835921, 51.9462948 ] } },
{ "type": "Feature", "properties": { "id": 884, "left": -55000.0, "top": 45000.0, "right": -50000.0, "bottom": 50000.0, "row_index": 38, "col_index": 13 }, "geometry": { "type": "Point", "coordinates": [ 4.084389, 51.9013581 ] } },
{ "type": "Feature", "properties": { "id": 885, "left": -55000.0, "top": 40000.0, "right": -50000.0, "bottom": 45000.0, "row_index": 39, "col_index": 13 }, "geometry": { "type": "Point", "coordinates": [ 4.0851839, 51.8564211 ] } },
{ "type": "Feature", "properties": { "id": 886, "left": -55000.0, "top": 35000.0, "right": -50000.0, "bottom": 40000.0, "row_index": 40, "col_index": 13 }, "geometry": { "type": "Point", "coordinates": [ 4.0859767, 51.8114837 ] } },
{ "type": "Feature", "properties": { "id": 887, "left": -55000.0, "top": 30000.0, "right": -50000.0, "bottom": 35000.0, "row_index": 41, "col_index": 13 }, "geometry": { "type": "Point", "coordinates": [ 4.0867674, 51.766546 ] } },
{ "type": "Feature", "properties": { "id": 888, "left": -55000.0, "top": 25000.0, "right": -50000.0, "bottom": 30000.0, "row_index": 42, "col_index": 13 }, "geometry": { "type": "Point", "coordinates": [ 4.0875561, 51.7216079 ] } },
{ "type": "Feature", "properties": { "id": 889, "left": -55000.0, "top": 20000.0, "right": -50000.0, "bottom": 25000.0, "row_index": 43, "col_index": 13 }, "geometry": { "type": "Point", "coordinates": [ 4.0883427, 51.6766695 ] } },
{ "type": "Feature", "properties": { "id": 890, "left": -55000.0, "top": 15000.0, "right": -50000.0, "bottom": 20000.0, "row_index": 44, "col_index": 13 }, "geometry": { "type": "Point", "coordinates": [ 4.0891273, 51.6317307 ] } },
{ "type": "Feature", "properties": { "id": 891, "left": -55000.0, "top": 10000.0, "right": -50000.0, "bottom": 15000.0, "row_index": 45, "col_index": 13 }, "geometry": { "type": "Point", "coordinates": [ 4.0899099, 51.5867916 ] } },
{ "type": "Feature", "properties": { "id": 892, "left": -55000.0, "top": 5000.0, "right": -50000.0, "bottom": 10000.0, "row_index": 46, "col_index": 13 }, "geometry": { "type": "Point", "coordinates": [ 4.0906904, 51.5418521 ] } },
{ "type": "Feature", "properties": { "id": 893, "left": -55000.0, "top": 0.0, "right": -50000.0, "bottom": 5000.0, "row_index": 47, "col_index": 13 }, "geometry": { "type": "Point", "coordinates": [ 4.0914689, 51.4969123 ] } },
{ "type": "Feature", "properties": { "id": 894, "left": -55000.0, "top": -5000.0, "right": -50000.0, "bottom": 0.0, "row_index": 48, "col_index": 13 }, "geometry": { "type": "Point", "coordinates": [ 4.0922454, 51.4519721 ] } },
{ "type": "Feature", "properties": { "id": 895, "left": -55000.0, "top": -10000.0, "right": -50000.0, "bottom": -5000.0, "row_index": 49, "col_index": 13 }, "geometry": { "type": "Point", "coordinates": [ 4.0930199, 51.4070316 ] } },
{ "type": "Feature", "properties": { "id": 896, "left": -55000.0, "top": -15000.0, "right": -50000.0, "bottom": -10000.0, "row_index": 50, "col_index": 13 }, "geometry": { "type": "Point", "coordinates": [ 4.0937923, 51.3620907 ] } },
{ "type": "Feature", "properties": { "id": 897, "left": -55000.0, "top": -20000.0, "right": -50000.0, "bottom": -15000.0, "row_index": 51, "col_index": 13 }, "geometry": { "type": "Point", "coordinates": [ 4.0945628, 51.3171495 ] } },
{ "type": "Feature", "properties": { "id": 898, "left": -55000.0, "top": -25000.0, "right": -50000.0, "bottom": -20000.0, "row_index": 52, "col_index": 13 }, "geometry": { "type": "Point", "coordinates": [ 4.0953313, 51.2722079 ] } },
{ "type": "Feature", "properties": { "id": 899, "left": -55000.0, "top": -30000.0, "right": -50000.0, "bottom": -25000.0, "row_index": 53, "col_index": 13 }, "geometry": { "type": "Point", "coordinates": [ 4.0960978, 51.227266 ] } },
{ "type": "Feature", "properties": { "id": 900, "left": -55000.0, "top": -35000.0, "right": -50000.0, "bottom": -30000.0, "row_index": 54, "col_index": 13 }, "geometry": { "type": "Point", "coordinates": [ 4.0968624, 51.1823237 ] } },
{ "type": "Feature", "properties": { "id": 901, "left": -55000.0, "top": -40000.0, "right": -50000.0, "bottom": -35000.0, "row_index": 55, "col_index": 13 }, "geometry": { "type": "Point", "coordinates": [ 4.0976249, 51.1373811 ] } },
{ "type": "Feature", "properties": { "id": 902, "left": -55000.0, "top": -45000.0, "right": -50000.0, "bottom": -40000.0, "row_index": 56, "col_index": 13 }, "geometry": { "type": "Point", "coordinates": [ 4.0983855, 51.0924381 ] } },
{ "type": "Feature", "properties": { "id": 903, "left": -55000.0, "top": -50000.0, "right": -50000.0, "bottom": -45000.0, "row_index": 57, "col_index": 13 }, "geometry": { "type": "Point", "coordinates": [ 4.0991442, 51.0474948 ] } },
{ "type": "Feature", "properties": { "id": 904, "left": -55000.0, "top": -55000.0, "right": -50000.0, "bottom": -50000.0, "row_index": 58, "col_index": 13 }, "geometry": { "type": "Point", "coordinates": [ 4.0999009, 51.0025511 ] } },
{ "type": "Feature", "properties": { "id": 905, "left": -55000.0, "top": -60000.0, "right": -50000.0, "bottom": -55000.0, "row_index": 59, "col_index": 13 }, "geometry": { "type": "Point", "coordinates": [ 4.1006557, 50.957607 ] } },
{ "type": "Feature", "properties": { "id": 906, "left": -55000.0, "top": -65000.0, "right": -50000.0, "bottom": -60000.0, "row_index": 60, "col_index": 13 }, "geometry": { "type": "Point", "coordinates": [ 4.1014085, 50.9126626 ] } },
{ "type": "Feature", "properties": { "id": 907, "left": -55000.0, "top": -70000.0, "right": -50000.0, "bottom": -65000.0, "row_index": 61, "col_index": 13 }, "geometry": { "type": "Point", "coordinates": [ 4.1021594, 50.8677179 ] } },
{ "type": "Feature", "properties": { "id": 908, "left": -55000.0, "top": -75000.0, "right": -50000.0, "bottom": -70000.0, "row_index": 62, "col_index": 13 }, "geometry": { "type": "Point", "coordinates": [ 4.1029084, 50.8227728 ] } },
{ "type": "Feature", "properties": { "id": 909, "left": -55000.0, "top": -80000.0, "right": -50000.0, "bottom": -75000.0, "row_index": 63, "col_index": 13 }, "geometry": { "type": "Point", "coordinates": [ 4.1036554, 50.7778273 ] } },
{ "type": "Feature", "properties": { "id": 910, "left": -55000.0, "top": -85000.0, "right": -50000.0, "bottom": -80000.0, "row_index": 64, "col_index": 13 }, "geometry": { "type": "Point", "coordinates": [ 4.1044006, 50.7328815 ] } },
{ "type": "Feature", "properties": { "id": 911, "left": -50000.0, "top": 235000.0, "right": -45000.0, "bottom": 240000.0, "row_index": 0, "col_index": 14 }, "geometry": { "type": "Point", "coordinates": [ 4.1281149, 53.6091923 ] } },
{ "type": "Feature", "properties": { "id": 912, "left": -50000.0, "top": 230000.0, "right": -45000.0, "bottom": 235000.0, "row_index": 1, "col_index": 14 }, "geometry": { "type": "Point", "coordinates": [ 4.1289141, 53.564268 ] } },
{ "type": "Feature", "properties": { "id": 913, "left": -50000.0, "top": 225000.0, "right": -45000.0, "bottom": 230000.0, "row_index": 2, "col_index": 14 }, "geometry": { "type": "Point", "coordinates": [ 4.1297111, 53.5193433 ] } },
{ "type": "Feature", "properties": { "id": 914, "left": -50000.0, "top": 220000.0, "right": -45000.0, "bottom": 225000.0, "row_index": 3, "col_index": 14 }, "geometry": { "type": "Point", "coordinates": [ 4.130506, 53.4744183 ] } },
{ "type": "Feature", "properties": { "id": 915, "left": -50000.0, "top": 215000.0, "right": -45000.0, "bottom": 220000.0, "row_index": 4, "col_index": 14 }, "geometry": { "type": "Point", "coordinates": [ 4.1312988, 53.429493 ] } },
{ "type": "Feature", "properties": { "id": 916, "left": -50000.0, "top": 210000.0, "right": -45000.0, "bottom": 215000.0, "row_index": 5, "col_index": 14 }, "geometry": { "type": "Point", "coordinates": [ 4.1320894, 53.3845673 ] } },
{ "type": "Feature", "properties": { "id": 917, "left": -50000.0, "top": 205000.0, "right": -45000.0, "bottom": 210000.0, "row_index": 6, "col_index": 14 }, "geometry": { "type": "Point", "coordinates": [ 4.1328779, 53.3396412 ] } },
{ "type": "Feature", "properties": { "id": 918, "left": -50000.0, "top": 200000.0, "right": -45000.0, "bottom": 205000.0, "row_index": 7, "col_index": 14 }, "geometry": { "type": "Point", "coordinates": [ 4.1336642, 53.2947149 ] } },
{ "type": "Feature", "properties": { "id": 919, "left": -50000.0, "top": 195000.0, "right": -45000.0, "bottom": 200000.0, "row_index": 8, "col_index": 14 }, "geometry": { "type": "Point", "coordinates": [ 4.1344485, 53.2497881 ] } },
{ "type": "Feature", "properties": { "id": 920, "left": -50000.0, "top": 190000.0, "right": -45000.0, "bottom": 195000.0, "row_index": 9, "col_index": 14 }, "geometry": { "type": "Point", "coordinates": [ 4.1352307, 53.2048611 ] } },
{ "type": "Feature", "properties": { "id": 921, "left": -50000.0, "top": 185000.0, "right": -45000.0, "bottom": 190000.0, "row_index": 10, "col_index": 14 }, "geometry": { "type": "Point", "coordinates": [ 4.1360107, 53.1599337 ] } },
{ "type": "Feature", "properties": { "id": 922, "left": -50000.0, "top": 180000.0, "right": -45000.0, "bottom": 185000.0, "row_index": 11, "col_index": 14 }, "geometry": { "type": "Point", "coordinates": [ 4.1367887, 53.1150059 ] } },
{ "type": "Feature", "properties": { "id": 923, "left": -50000.0, "top": 175000.0, "right": -45000.0, "bottom": 180000.0, "row_index": 12, "col_index": 14 }, "geometry": { "type": "Point", "coordinates": [ 4.1375646, 53.0700778 ] } },
{ "type": "Feature", "properties": { "id": 924, "left": -50000.0, "top": 170000.0, "right": -45000.0, "bottom": 175000.0, "row_index": 13, "col_index": 14 }, "geometry": { "type": "Point", "coordinates": [ 4.1383385, 53.0251493 ] } },
{ "type": "Feature", "properties": { "id": 925, "left": -50000.0, "top": 165000.0, "right": -45000.0, "bottom": 170000.0, "row_index": 14, "col_index": 14 }, "geometry": { "type": "Point", "coordinates": [ 4.1391102, 52.9802205 ] } },
{ "type": "Feature", "properties": { "id": 926, "left": -50000.0, "top": 160000.0, "right": -45000.0, "bottom": 165000.0, "row_index": 15, "col_index": 14 }, "geometry": { "type": "Point", "coordinates": [ 4.13988, 52.9352914 ] } },
{ "type": "Feature", "properties": { "id": 927, "left": -50000.0, "top": 155000.0, "right": -45000.0, "bottom": 160000.0, "row_index": 16, "col_index": 14 }, "geometry": { "type": "Point", "coordinates": [ 4.1406476, 52.8903619 ] } },
{ "type": "Feature", "properties": { "id": 928, "left": -50000.0, "top": 150000.0, "right": -45000.0, "bottom": 155000.0, "row_index": 17, "col_index": 14 }, "geometry": { "type": "Point", "coordinates": [ 4.1414133, 52.8454321 ] } },
{ "type": "Feature", "properties": { "id": 929, "left": -50000.0, "top": 145000.0, "right": -45000.0, "bottom": 150000.0, "row_index": 18, "col_index": 14 }, "geometry": { "type": "Point", "coordinates": [ 4.1421769, 52.8005019 ] } },
{ "type": "Feature", "properties": { "id": 930, "left": -50000.0, "top": 140000.0, "right": -45000.0, "bottom": 145000.0, "row_index": 19, "col_index": 14 }, "geometry": { "type": "Point", "coordinates": [ 4.1429384, 52.7555714 ] } },
{ "type": "Feature", "properties": { "id": 931, "left": -50000.0, "top": 135000.0, "right": -45000.0, "bottom": 140000.0, "row_index": 20, "col_index": 14 }, "geometry": { "type": "Point", "coordinates": [ 4.143698, 52.7106405 ] } },
{ "type": "Feature", "properties": { "id": 932, "left": -50000.0, "top": 130000.0, "right": -45000.0, "bottom": 135000.0, "row_index": 21, "col_index": 14 }, "geometry": { "type": "Point", "coordinates": [ 4.1444555, 52.6657093 ] } },
{ "type": "Feature", "properties": { "id": 933, "left": -50000.0, "top": 125000.0, "right": -45000.0, "bottom": 130000.0, "row_index": 22, "col_index": 14 }, "geometry": { "type": "Point", "coordinates": [ 4.145211, 52.6207777 ] } },
{ "type": "Feature", "properties": { "id": 934, "left": -50000.0, "top": 120000.0, "right": -45000.0, "bottom": 125000.0, "row_index": 23, "col_index": 14 }, "geometry": { "type": "Point", "coordinates": [ 4.1459646, 52.5758458 ] } },
{ "type": "Feature", "properties": { "id": 935, "left": -50000.0, "top": 115000.0, "right": -45000.0, "bottom": 120000.0, "row_index": 24, "col_index": 14 }, "geometry": { "type": "Point", "coordinates": [ 4.1467161, 52.5309136 ] } },
{ "type": "Feature", "properties": { "id": 936, "left": -50000.0, "top": 110000.0, "right": -45000.0, "bottom": 115000.0, "row_index": 25, "col_index": 14 }, "geometry": { "type": "Point", "coordinates": [ 4.1474657, 52.485981 ] } },
{ "type": "Feature", "properties": { "id": 937, "left": -50000.0, "top": 105000.0, "right": -45000.0, "bottom": 110000.0, "row_index": 26, "col_index": 14 }, "geometry": { "type": "Point", "coordinates": [ 4.1482133, 52.441048 ] } },
{ "type": "Feature", "properties": { "id": 938, "left": -50000.0, "top": 100000.0, "right": -45000.0, "bottom": 105000.0, "row_index": 27, "col_index": 14 }, "geometry": { "type": "Point", "coordinates": [ 4.1489589, 52.3961147 ] } },
{ "type": "Feature", "properties": { "id": 939, "left": -50000.0, "top": 95000.0, "right": -45000.0, "bottom": 100000.0, "row_index": 28, "col_index": 14 }, "geometry": { "type": "Point", "coordinates": [ 4.1497025, 52.3511811 ] } },
{ "type": "Feature", "properties": { "id": 940, "left": -50000.0, "top": 90000.0, "right": -45000.0, "bottom": 95000.0, "row_index": 29, "col_index": 14 }, "geometry": { "type": "Point", "coordinates": [ 4.1504442, 52.3062471 ] } },
{ "type": "Feature", "properties": { "id": 941, "left": -50000.0, "top": 85000.0, "right": -45000.0, "bottom": 90000.0, "row_index": 30, "col_index": 14 }, "geometry": { "type": "Point", "coordinates": [ 4.1511839, 52.2613127 ] } },
{ "type": "Feature", "properties": { "id": 942, "left": -50000.0, "top": 80000.0, "right": -45000.0, "bottom": 85000.0, "row_index": 31, "col_index": 14 }, "geometry": { "type": "Point", "coordinates": [ 4.1519217, 52.216378 ] } },
{ "type": "Feature", "properties": { "id": 943, "left": -50000.0, "top": 75000.0, "right": -45000.0, "bottom": 80000.0, "row_index": 32, "col_index": 14 }, "geometry": { "type": "Point", "coordinates": [ 4.1526576, 52.171443 ] } },
{ "type": "Feature", "properties": { "id": 944, "left": -50000.0, "top": 70000.0, "right": -45000.0, "bottom": 75000.0, "row_index": 33, "col_index": 14 }, "geometry": { "type": "Point", "coordinates": [ 4.1533915, 52.1265076 ] } },
{ "type": "Feature", "properties": { "id": 945, "left": -50000.0, "top": 65000.0, "right": -45000.0, "bottom": 70000.0, "row_index": 34, "col_index": 14 }, "geometry": { "type": "Point", "coordinates": [ 4.1541236, 52.0815719 ] } },
{ "type": "Feature", "properties": { "id": 946, "left": -50000.0, "top": 60000.0, "right": -45000.0, "bottom": 65000.0, "row_index": 35, "col_index": 14 }, "geometry": { "type": "Point", "coordinates": [ 4.1548537, 52.0366358 ] } },
{ "type": "Feature", "properties": { "id": 947, "left": -50000.0, "top": 55000.0, "right": -45000.0, "bottom": 60000.0, "row_index": 36, "col_index": 14 }, "geometry": { "type": "Point", "coordinates": [ 4.1555818, 51.9916993 ] } },
{ "type": "Feature", "properties": { "id": 948, "left": -50000.0, "top": 50000.0, "right": -45000.0, "bottom": 55000.0, "row_index": 37, "col_index": 14 }, "geometry": { "type": "Point", "coordinates": [ 4.1563081, 51.9467626 ] } },
{ "type": "Feature", "properties": { "id": 949, "left": -50000.0, "top": 45000.0, "right": -45000.0, "bottom": 50000.0, "row_index": 38, "col_index": 14 }, "geometry": { "type": "Point", "coordinates": [ 4.1570325, 51.9018254 ] } },
{ "type": "Feature", "properties": { "id": 950, "left": -50000.0, "top": 40000.0, "right": -45000.0, "bottom": 45000.0, "row_index": 39, "col_index": 14 }, "geometry": { "type": "Point", "coordinates": [ 4.157755, 51.856888 ] } },
{ "type": "Feature", "properties": { "id": 951, "left": -50000.0, "top": 35000.0, "right": -45000.0, "bottom": 40000.0, "row_index": 40, "col_index": 14 }, "geometry": { "type": "Point", "coordinates": [ 4.1584756, 51.8119501 ] } },
{ "type": "Feature", "properties": { "id": 952, "left": -50000.0, "top": 30000.0, "right": -45000.0, "bottom": 35000.0, "row_index": 41, "col_index": 14 }, "geometry": { "type": "Point", "coordinates": [ 4.1591944, 51.7670119 ] } },
{ "type": "Feature", "properties": { "id": 953, "left": -50000.0, "top": 25000.0, "right": -45000.0, "bottom": 30000.0, "row_index": 42, "col_index": 14 }, "geometry": { "type": "Point", "coordinates": [ 4.1599112, 51.7220734 ] } },
{ "type": "Feature", "properties": { "id": 954, "left": -50000.0, "top": 20000.0, "right": -45000.0, "bottom": 25000.0, "row_index": 43, "col_index": 14 }, "geometry": { "type": "Point", "coordinates": [ 4.1606262, 51.6771345 ] } },
{ "type": "Feature", "properties": { "id": 955, "left": -50000.0, "top": 15000.0, "right": -45000.0, "bottom": 20000.0, "row_index": 44, "col_index": 14 }, "geometry": { "type": "Point", "coordinates": [ 4.1613394, 51.6321953 ] } },
{ "type": "Feature", "properties": { "id": 956, "left": -50000.0, "top": 10000.0, "right": -45000.0, "bottom": 15000.0, "row_index": 45, "col_index": 14 }, "geometry": { "type": "Point", "coordinates": [ 4.1620507, 51.5872557 ] } },
{ "type": "Feature", "properties": { "id": 957, "left": -50000.0, "top": 5000.0, "right": -45000.0, "bottom": 10000.0, "row_index": 46, "col_index": 14 }, "geometry": { "type": "Point", "coordinates": [ 4.1627601, 51.5423158 ] } },
{ "type": "Feature", "properties": { "id": 958, "left": -50000.0, "top": 0.0, "right": -45000.0, "bottom": 5000.0, "row_index": 47, "col_index": 14 }, "geometry": { "type": "Point", "coordinates": [ 4.1634678, 51.4973755 ] } },
{ "type": "Feature", "properties": { "id": 959, "left": -50000.0, "top": -5000.0, "right": -45000.0, "bottom": 0.0, "row_index": 48, "col_index": 14 }, "geometry": { "type": "Point", "coordinates": [ 4.1641735, 51.4524349 ] } },
{ "type": "Feature", "properties": { "id": 960, "left": -50000.0, "top": -10000.0, "right": -45000.0, "bottom": -5000.0, "row_index": 49, "col_index": 14 }, "geometry": { "type": "Point", "coordinates": [ 4.1648775, 51.4074939 ] } },
{ "type": "Feature", "properties": { "id": 961, "left": -50000.0, "top": -15000.0, "right": -45000.0, "bottom": -10000.0, "row_index": 50, "col_index": 14 }, "geometry": { "type": "Point", "coordinates": [ 4.1655796, 51.3625526 ] } },
{ "type": "Feature", "properties": { "id": 962, "left": -50000.0, "top": -20000.0, "right": -45000.0, "bottom": -15000.0, "row_index": 51, "col_index": 14 }, "geometry": { "type": "Point", "coordinates": [ 4.16628, 51.3176109 ] } },
{ "type": "Feature", "properties": { "id": 963, "left": -50000.0, "top": -25000.0, "right": -45000.0, "bottom": -20000.0, "row_index": 52, "col_index": 14 }, "geometry": { "type": "Point", "coordinates": [ 4.1669785, 51.2726689 ] } },
{ "type": "Feature", "properties": { "id": 964, "left": -50000.0, "top": -30000.0, "right": -45000.0, "bottom": -25000.0, "row_index": 53, "col_index": 14 }, "geometry": { "type": "Point", "coordinates": [ 4.1676752, 51.2277265 ] } },
{ "type": "Feature", "properties": { "id": 965, "left": -50000.0, "top": -35000.0, "right": -45000.0, "bottom": -30000.0, "row_index": 54, "col_index": 14 }, "geometry": { "type": "Point", "coordinates": [ 4.1683701, 51.1827838 ] } },
{ "type": "Feature", "properties": { "id": 966, "left": -50000.0, "top": -40000.0, "right": -45000.0, "bottom": -35000.0, "row_index": 55, "col_index": 14 }, "geometry": { "type": "Point", "coordinates": [ 4.1690633, 51.1378407 ] } },
{ "type": "Feature", "properties": { "id": 967, "left": -50000.0, "top": -45000.0, "right": -45000.0, "bottom": -40000.0, "row_index": 56, "col_index": 14 }, "geometry": { "type": "Point", "coordinates": [ 4.1697546, 51.0928973 ] } },
{ "type": "Feature", "properties": { "id": 968, "left": -50000.0, "top": -50000.0, "right": -45000.0, "bottom": -45000.0, "row_index": 57, "col_index": 14 }, "geometry": { "type": "Point", "coordinates": [ 4.1704442, 51.0479535 ] } },
{ "type": "Feature", "properties": { "id": 969, "left": -50000.0, "top": -55000.0, "right": -45000.0, "bottom": -50000.0, "row_index": 58, "col_index": 14 }, "geometry": { "type": "Point", "coordinates": [ 4.171132, 51.0030094 ] } },
{ "type": "Feature", "properties": { "id": 970, "left": -50000.0, "top": -60000.0, "right": -45000.0, "bottom": -55000.0, "row_index": 59, "col_index": 14 }, "geometry": { "type": "Point", "coordinates": [ 4.171818, 50.9580649 ] } },
{ "type": "Feature", "properties": { "id": 971, "left": -50000.0, "top": -65000.0, "right": -45000.0, "bottom": -60000.0, "row_index": 60, "col_index": 14 }, "geometry": { "type": "Point", "coordinates": [ 4.1725023, 50.9131201 ] } },
{ "type": "Feature", "properties": { "id": 972, "left": -50000.0, "top": -70000.0, "right": -45000.0, "bottom": -65000.0, "row_index": 61, "col_index": 14 }, "geometry": { "type": "Point", "coordinates": [ 4.1731848, 50.8681749 ] } },
{ "type": "Feature", "properties": { "id": 973, "left": -50000.0, "top": -75000.0, "right": -45000.0, "bottom": -70000.0, "row_index": 62, "col_index": 14 }, "geometry": { "type": "Point", "coordinates": [ 4.1738656, 50.8232293 ] } },
{ "type": "Feature", "properties": { "id": 974, "left": -50000.0, "top": -80000.0, "right": -45000.0, "bottom": -75000.0, "row_index": 63, "col_index": 14 }, "geometry": { "type": "Point", "coordinates": [ 4.1745447, 50.7782834 ] } },
{ "type": "Feature", "properties": { "id": 975, "left": -50000.0, "top": -85000.0, "right": -45000.0, "bottom": -80000.0, "row_index": 64, "col_index": 14 }, "geometry": { "type": "Point", "coordinates": [ 4.175222, 50.7333372 ] } },
{ "type": "Feature", "properties": { "id": 976, "left": -45000.0, "top": 235000.0, "right": -40000.0, "bottom": 240000.0, "row_index": 0, "col_index": 15 }, "geometry": { "type": "Point", "coordinates": [ 4.2036567, 53.6096314 ] } },
{ "type": "Feature", "properties": { "id": 977, "left": -45000.0, "top": 230000.0, "right": -40000.0, "bottom": 235000.0, "row_index": 1, "col_index": 15 }, "geometry": { "type": "Point", "coordinates": [ 4.2043758, 53.5647067 ] } },
{ "type": "Feature", "properties": { "id": 978, "left": -45000.0, "top": 225000.0, "right": -40000.0, "bottom": 230000.0, "row_index": 2, "col_index": 15 }, "geometry": { "type": "Point", "coordinates": [ 4.205093, 53.5197816 ] } },
{ "type": "Feature", "properties": { "id": 979, "left": -45000.0, "top": 220000.0, "right": -40000.0, "bottom": 225000.0, "row_index": 3, "col_index": 15 }, "geometry": { "type": "Point", "coordinates": [ 4.2058083, 53.4748561 ] } },
{ "type": "Feature", "properties": { "id": 980, "left": -45000.0, "top": 215000.0, "right": -40000.0, "bottom": 220000.0, "row_index": 4, "col_index": 15 }, "geometry": { "type": "Point", "coordinates": [ 4.2065216, 53.4299303 ] } },
{ "type": "Feature", "properties": { "id": 981, "left": -45000.0, "top": 210000.0, "right": -40000.0, "bottom": 215000.0, "row_index": 5, "col_index": 15 }, "geometry": { "type": "Point", "coordinates": [ 4.207233, 53.3850042 ] } },
{ "type": "Feature", "properties": { "id": 982, "left": -45000.0, "top": 205000.0, "right": -40000.0, "bottom": 210000.0, "row_index": 6, "col_index": 15 }, "geometry": { "type": "Point", "coordinates": [ 4.2079425, 53.3400777 ] } },
{ "type": "Feature", "properties": { "id": 983, "left": -45000.0, "top": 200000.0, "right": -40000.0, "bottom": 205000.0, "row_index": 7, "col_index": 15 }, "geometry": { "type": "Point", "coordinates": [ 4.2086501, 53.2951509 ] } },
{ "type": "Feature", "properties": { "id": 984, "left": -45000.0, "top": 195000.0, "right": -40000.0, "bottom": 200000.0, "row_index": 8, "col_index": 15 }, "geometry": { "type": "Point", "coordinates": [ 4.2093558, 53.2502237 ] } },
{ "type": "Feature", "properties": { "id": 985, "left": -45000.0, "top": 190000.0, "right": -40000.0, "bottom": 195000.0, "row_index": 9, "col_index": 15 }, "geometry": { "type": "Point", "coordinates": [ 4.2100596, 53.2052962 ] } },
{ "type": "Feature", "properties": { "id": 986, "left": -45000.0, "top": 185000.0, "right": -40000.0, "bottom": 190000.0, "row_index": 10, "col_index": 15 }, "geometry": { "type": "Point", "coordinates": [ 4.2107616, 53.1603684 ] } },
{ "type": "Feature", "properties": { "id": 987, "left": -45000.0, "top": 180000.0, "right": -40000.0, "bottom": 185000.0, "row_index": 11, "col_index": 15 }, "geometry": { "type": "Point", "coordinates": [ 4.2114616, 53.1154402 ] } },
{ "type": "Feature", "properties": { "id": 988, "left": -45000.0, "top": 175000.0, "right": -40000.0, "bottom": 180000.0, "row_index": 12, "col_index": 15 }, "geometry": { "type": "Point", "coordinates": [ 4.2121598, 53.0705116 ] } },
{ "type": "Feature", "properties": { "id": 989, "left": -45000.0, "top": 170000.0, "right": -40000.0, "bottom": 175000.0, "row_index": 13, "col_index": 15 }, "geometry": { "type": "Point", "coordinates": [ 4.2128561, 53.0255827 ] } },
{ "type": "Feature", "properties": { "id": 990, "left": -45000.0, "top": 165000.0, "right": -40000.0, "bottom": 170000.0, "row_index": 14, "col_index": 15 }, "geometry": { "type": "Point", "coordinates": [ 4.2135506, 52.9806535 ] } },
{ "type": "Feature", "properties": { "id": 991, "left": -45000.0, "top": 160000.0, "right": -40000.0, "bottom": 165000.0, "row_index": 15, "col_index": 15 }, "geometry": { "type": "Point", "coordinates": [ 4.2142432, 52.9357239 ] } },
{ "type": "Feature", "properties": { "id": 992, "left": -45000.0, "top": 155000.0, "right": -40000.0, "bottom": 160000.0, "row_index": 16, "col_index": 15 }, "geometry": { "type": "Point", "coordinates": [ 4.214934, 52.890794 ] } },
{ "type": "Feature", "properties": { "id": 993, "left": -45000.0, "top": 150000.0, "right": -40000.0, "bottom": 155000.0, "row_index": 17, "col_index": 15 }, "geometry": { "type": "Point", "coordinates": [ 4.2156229, 52.8458637 ] } },
{ "type": "Feature", "properties": { "id": 994, "left": -45000.0, "top": 145000.0, "right": -40000.0, "bottom": 150000.0, "row_index": 18, "col_index": 15 }, "geometry": { "type": "Point", "coordinates": [ 4.21631, 52.8009331 ] } },
{ "type": "Feature", "properties": { "id": 995, "left": -45000.0, "top": 140000.0, "right": -40000.0, "bottom": 145000.0, "row_index": 19, "col_index": 15 }, "geometry": { "type": "Point", "coordinates": [ 4.2169953, 52.7560022 ] } },
{ "type": "Feature", "properties": { "id": 996, "left": -45000.0, "top": 135000.0, "right": -40000.0, "bottom": 140000.0, "row_index": 20, "col_index": 15 }, "geometry": { "type": "Point", "coordinates": [ 4.2176787, 52.7110709 ] } },
{ "type": "Feature", "properties": { "id": 997, "left": -45000.0, "top": 130000.0, "right": -40000.0, "bottom": 135000.0, "row_index": 21, "col_index": 15 }, "geometry": { "type": "Point", "coordinates": [ 4.2183604, 52.6661392 ] } },
{ "type": "Feature", "properties": { "id": 998, "left": -45000.0, "top": 125000.0, "right": -40000.0, "bottom": 130000.0, "row_index": 22, "col_index": 15 }, "geometry": { "type": "Point", "coordinates": [ 4.2190402, 52.6212072 ] } },
{ "type": "Feature", "properties": { "id": 999, "left": -45000.0, "top": 120000.0, "right": -40000.0, "bottom": 125000.0, "row_index": 23, "col_index": 15 }, "geometry": { "type": "Point", "coordinates": [ 4.2197183, 52.5762749 ] } },
{ "type": "Feature", "properties": { "id": 1000, "left": -45000.0, "top": 115000.0, "right": -40000.0, "bottom": 120000.0, "row_index": 24, "col_index": 15 }, "geometry": { "type": "Point", "coordinates": [ 4.2203945, 52.5313422 ] } },
{ "type": "Feature", "properties": { "id": 1001, "left": -45000.0, "top": 110000.0, "right": -40000.0, "bottom": 115000.0, "row_index": 25, "col_index": 15 }, "geometry": { "type": "Point", "coordinates": [ 4.221069, 52.4864092 ] } },
{ "type": "Feature", "properties": { "id": 1002, "left": -45000.0, "top": 105000.0, "right": -40000.0, "bottom": 110000.0, "row_index": 26, "col_index": 15 }, "geometry": { "type": "Point", "coordinates": [ 4.2217417, 52.4414758 ] } },
{ "type": "Feature", "properties": { "id": 1003, "left": -45000.0, "top": 100000.0, "right": -40000.0, "bottom": 105000.0, "row_index": 27, "col_index": 15 }, "geometry": { "type": "Point", "coordinates": [ 4.2224126, 52.3965421 ] } },
{ "type": "Feature", "properties": { "id": 1004, "left": -45000.0, "top": 95000.0, "right": -40000.0, "bottom": 100000.0, "row_index": 28, "col_index": 15 }, "geometry": { "type": "Point", "coordinates": [ 4.2230818, 52.351608 ] } },
{ "type": "Feature", "properties": { "id": 1005, "left": -45000.0, "top": 90000.0, "right": -40000.0, "bottom": 95000.0, "row_index": 29, "col_index": 15 }, "geometry": { "type": "Point", "coordinates": [ 4.2237491, 52.3066736 ] } },
{ "type": "Feature", "properties": { "id": 1006, "left": -45000.0, "top": 85000.0, "right": -40000.0, "bottom": 90000.0, "row_index": 30, "col_index": 15 }, "geometry": { "type": "Point", "coordinates": [ 4.2244148, 52.2617388 ] } },
{ "type": "Feature", "properties": { "id": 1007, "left": -45000.0, "top": 80000.0, "right": -40000.0, "bottom": 85000.0, "row_index": 31, "col_index": 15 }, "geometry": { "type": "Point", "coordinates": [ 4.2250787, 52.2168037 ] } },
{ "type": "Feature", "properties": { "id": 1008, "left": -45000.0, "top": 75000.0, "right": -40000.0, "bottom": 80000.0, "row_index": 32, "col_index": 15 }, "geometry": { "type": "Point", "coordinates": [ 4.2257408, 52.1718682 ] } },
{ "type": "Feature", "properties": { "id": 1009, "left": -45000.0, "top": 70000.0, "right": -40000.0, "bottom": 75000.0, "row_index": 33, "col_index": 15 }, "geometry": { "type": "Point", "coordinates": [ 4.2264012, 52.1269324 ] } },
{ "type": "Feature", "properties": { "id": 1010, "left": -45000.0, "top": 65000.0, "right": -40000.0, "bottom": 70000.0, "row_index": 34, "col_index": 15 }, "geometry": { "type": "Point", "coordinates": [ 4.2270599, 52.0819963 ] } },
{ "type": "Feature", "properties": { "id": 1011, "left": -45000.0, "top": 60000.0, "right": -40000.0, "bottom": 65000.0, "row_index": 35, "col_index": 15 }, "geometry": { "type": "Point", "coordinates": [ 4.2277169, 52.0370598 ] } },
{ "type": "Feature", "properties": { "id": 1012, "left": -45000.0, "top": 55000.0, "right": -40000.0, "bottom": 60000.0, "row_index": 36, "col_index": 15 }, "geometry": { "type": "Point", "coordinates": [ 4.2283721, 51.9921229 ] } },
{ "type": "Feature", "properties": { "id": 1013, "left": -45000.0, "top": 50000.0, "right": -40000.0, "bottom": 55000.0, "row_index": 37, "col_index": 15 }, "geometry": { "type": "Point", "coordinates": [ 4.2290256, 51.9471857 ] } },
{ "type": "Feature", "properties": { "id": 1014, "left": -45000.0, "top": 45000.0, "right": -40000.0, "bottom": 50000.0, "row_index": 38, "col_index": 15 }, "geometry": { "type": "Point", "coordinates": [ 4.2296774, 51.9022482 ] } },
{ "type": "Feature", "properties": { "id": 1015, "left": -45000.0, "top": 40000.0, "right": -40000.0, "bottom": 45000.0, "row_index": 39, "col_index": 15 }, "geometry": { "type": "Point", "coordinates": [ 4.2303276, 51.8573103 ] } },
{ "type": "Feature", "properties": { "id": 1016, "left": -45000.0, "top": 35000.0, "right": -40000.0, "bottom": 40000.0, "row_index": 40, "col_index": 15 }, "geometry": { "type": "Point", "coordinates": [ 4.230976, 51.812372 ] } },
{ "type": "Feature", "properties": { "id": 1017, "left": -45000.0, "top": 30000.0, "right": -40000.0, "bottom": 35000.0, "row_index": 41, "col_index": 15 }, "geometry": { "type": "Point", "coordinates": [ 4.2316227, 51.7674334 ] } },
{ "type": "Feature", "properties": { "id": 1018, "left": -45000.0, "top": 25000.0, "right": -40000.0, "bottom": 30000.0, "row_index": 42, "col_index": 15 }, "geometry": { "type": "Point", "coordinates": [ 4.2322678, 51.7224945 ] } },
{ "type": "Feature", "properties": { "id": 1019, "left": -45000.0, "top": 20000.0, "right": -40000.0, "bottom": 25000.0, "row_index": 43, "col_index": 15 }, "geometry": { "type": "Point", "coordinates": [ 4.2329112, 51.6775552 ] } },
{ "type": "Feature", "properties": { "id": 1020, "left": -45000.0, "top": 15000.0, "right": -40000.0, "bottom": 20000.0, "row_index": 44, "col_index": 15 }, "geometry": { "type": "Point", "coordinates": [ 4.2335529, 51.6326156 ] } },
{ "type": "Feature", "properties": { "id": 1021, "left": -45000.0, "top": 10000.0, "right": -40000.0, "bottom": 15000.0, "row_index": 45, "col_index": 15 }, "geometry": { "type": "Point", "coordinates": [ 4.2341929, 51.5876756 ] } },
{ "type": "Feature", "properties": { "id": 1022, "left": -45000.0, "top": 5000.0, "right": -40000.0, "bottom": 10000.0, "row_index": 46, "col_index": 15 }, "geometry": { "type": "Point", "coordinates": [ 4.2348313, 51.5427352 ] } },
{ "type": "Feature", "properties": { "id": 1023, "left": -45000.0, "top": 0.0, "right": -40000.0, "bottom": 5000.0, "row_index": 47, "col_index": 15 }, "geometry": { "type": "Point", "coordinates": [ 4.235468, 51.4977946 ] } },
{ "type": "Feature", "properties": { "id": 1024, "left": -45000.0, "top": -5000.0, "right": -40000.0, "bottom": 0.0, "row_index": 48, "col_index": 15 }, "geometry": { "type": "Point", "coordinates": [ 4.2361031, 51.4528535 ] } },
{ "type": "Feature", "properties": { "id": 1025, "left": -45000.0, "top": -10000.0, "right": -40000.0, "bottom": -5000.0, "row_index": 49, "col_index": 15 }, "geometry": { "type": "Point", "coordinates": [ 4.2367365, 51.4079121 ] } },
{ "type": "Feature", "properties": { "id": 1026, "left": -45000.0, "top": -15000.0, "right": -40000.0, "bottom": -10000.0, "row_index": 50, "col_index": 15 }, "geometry": { "type": "Point", "coordinates": [ 4.2373683, 51.3629704 ] } },
{ "type": "Feature", "properties": { "id": 1027, "left": -45000.0, "top": -20000.0, "right": -40000.0, "bottom": -15000.0, "row_index": 51, "col_index": 15 }, "geometry": { "type": "Point", "coordinates": [ 4.2379985, 51.3180283 ] } },
{ "type": "Feature", "properties": { "id": 1028, "left": -45000.0, "top": -25000.0, "right": -40000.0, "bottom": -20000.0, "row_index": 52, "col_index": 15 }, "geometry": { "type": "Point", "coordinates": [ 4.238627, 51.2730859 ] } },
{ "type": "Feature", "properties": { "id": 1029, "left": -45000.0, "top": -30000.0, "right": -40000.0, "bottom": -25000.0, "row_index": 53, "col_index": 15 }, "geometry": { "type": "Point", "coordinates": [ 4.2392539, 51.2281431 ] } },
{ "type": "Feature", "properties": { "id": 1030, "left": -45000.0, "top": -35000.0, "right": -40000.0, "bottom": -30000.0, "row_index": 54, "col_index": 15 }, "geometry": { "type": "Point", "coordinates": [ 4.2398792, 51.1832 ] } },
{ "type": "Feature", "properties": { "id": 1031, "left": -45000.0, "top": -40000.0, "right": -40000.0, "bottom": -35000.0, "row_index": 55, "col_index": 15 }, "geometry": { "type": "Point", "coordinates": [ 4.2405029, 51.1382565 ] } },
{ "type": "Feature", "properties": { "id": 1032, "left": -45000.0, "top": -45000.0, "right": -40000.0, "bottom": -40000.0, "row_index": 56, "col_index": 15 }, "geometry": { "type": "Point", "coordinates": [ 4.241125, 51.0933127 ] } },
{ "type": "Feature", "properties": { "id": 1033, "left": -45000.0, "top": -50000.0, "right": -40000.0, "bottom": -45000.0, "row_index": 57, "col_index": 15 }, "geometry": { "type": "Point", "coordinates": [ 4.2417455, 51.0483685 ] } },
{ "type": "Feature", "properties": { "id": 1034, "left": -45000.0, "top": -55000.0, "right": -40000.0, "bottom": -50000.0, "row_index": 58, "col_index": 15 }, "geometry": { "type": "Point", "coordinates": [ 4.2423644, 51.0034239 ] } },
{ "type": "Feature", "properties": { "id": 1035, "left": -45000.0, "top": -60000.0, "right": -40000.0, "bottom": -55000.0, "row_index": 59, "col_index": 15 }, "geometry": { "type": "Point", "coordinates": [ 4.2429817, 50.9584791 ] } },
{ "type": "Feature", "properties": { "id": 1036, "left": -45000.0, "top": -65000.0, "right": -40000.0, "bottom": -60000.0, "row_index": 60, "col_index": 15 }, "geometry": { "type": "Point", "coordinates": [ 4.2435975, 50.9135338 ] } },
{ "type": "Feature", "properties": { "id": 1037, "left": -45000.0, "top": -70000.0, "right": -40000.0, "bottom": -65000.0, "row_index": 61, "col_index": 15 }, "geometry": { "type": "Point", "coordinates": [ 4.2442116, 50.8685882 ] } },
{ "type": "Feature", "properties": { "id": 1038, "left": -45000.0, "top": -75000.0, "right": -40000.0, "bottom": -70000.0, "row_index": 62, "col_index": 15 }, "geometry": { "type": "Point", "coordinates": [ 4.2448242, 50.8236423 ] } },
{ "type": "Feature", "properties": { "id": 1039, "left": -45000.0, "top": -80000.0, "right": -40000.0, "bottom": -75000.0, "row_index": 63, "col_index": 15 }, "geometry": { "type": "Point", "coordinates": [ 4.2454352, 50.778696 ] } },
{ "type": "Feature", "properties": { "id": 1040, "left": -45000.0, "top": -85000.0, "right": -40000.0, "bottom": -80000.0, "row_index": 64, "col_index": 15 }, "geometry": { "type": "Point", "coordinates": [ 4.2460447, 50.7337494 ] } },
{ "type": "Feature", "properties": { "id": 1041, "left": -40000.0, "top": 235000.0, "right": -35000.0, "bottom": 240000.0, "row_index": 0, "col_index": 16 }, "geometry": { "type": "Point", "coordinates": [ 4.2792, 53.6100243 ] } },
{ "type": "Feature", "properties": { "id": 1042, "left": -40000.0, "top": 230000.0, "right": -35000.0, "bottom": 235000.0, "row_index": 1, "col_index": 16 }, "geometry": { "type": "Point", "coordinates": [ 4.2798391, 53.5650991 ] } },
{ "type": "Feature", "properties": { "id": 1043, "left": -40000.0, "top": 225000.0, "right": -35000.0, "bottom": 230000.0, "row_index": 2, "col_index": 16 }, "geometry": { "type": "Point", "coordinates": [ 4.2804764, 53.5201736 ] } },
{ "type": "Feature", "properties": { "id": 1044, "left": -40000.0, "top": 220000.0, "right": -35000.0, "bottom": 225000.0, "row_index": 3, "col_index": 16 }, "geometry": { "type": "Point", "coordinates": [ 4.281112, 53.4752478 ] } },
{ "type": "Feature", "properties": { "id": 1045, "left": -40000.0, "top": 215000.0, "right": -35000.0, "bottom": 220000.0, "row_index": 4, "col_index": 16 }, "geometry": { "type": "Point", "coordinates": [ 4.2817459, 53.4303216 ] } },
{ "type": "Feature", "properties": { "id": 1046, "left": -40000.0, "top": 210000.0, "right": -35000.0, "bottom": 215000.0, "row_index": 5, "col_index": 16 }, "geometry": { "type": "Point", "coordinates": [ 4.2823782, 53.385395 ] } },
{ "type": "Feature", "properties": { "id": 1047, "left": -40000.0, "top": 205000.0, "right": -35000.0, "bottom": 210000.0, "row_index": 6, "col_index": 16 }, "geometry": { "type": "Point", "coordinates": [ 4.2830087, 53.3404682 ] } },
{ "type": "Feature", "properties": { "id": 1048, "left": -40000.0, "top": 200000.0, "right": -35000.0, "bottom": 205000.0, "row_index": 7, "col_index": 16 }, "geometry": { "type": "Point", "coordinates": [ 4.2836375, 53.2955409 ] } },
{ "type": "Feature", "properties": { "id": 1049, "left": -40000.0, "top": 195000.0, "right": -35000.0, "bottom": 200000.0, "row_index": 8, "col_index": 16 }, "geometry": { "type": "Point", "coordinates": [ 4.2842646, 53.2506134 ] } },
{ "type": "Feature", "properties": { "id": 1050, "left": -40000.0, "top": 190000.0, "right": -35000.0, "bottom": 195000.0, "row_index": 9, "col_index": 16 }, "geometry": { "type": "Point", "coordinates": [ 4.2848901, 53.2056855 ] } },
{ "type": "Feature", "properties": { "id": 1051, "left": -40000.0, "top": 185000.0, "right": -35000.0, "bottom": 190000.0, "row_index": 10, "col_index": 16 }, "geometry": { "type": "Point", "coordinates": [ 4.2855138, 53.1607572 ] } },
{ "type": "Feature", "properties": { "id": 1052, "left": -40000.0, "top": 180000.0, "right": -35000.0, "bottom": 185000.0, "row_index": 11, "col_index": 16 }, "geometry": { "type": "Point", "coordinates": [ 4.286136, 53.1158286 ] } },
{ "type": "Feature", "properties": { "id": 1053, "left": -40000.0, "top": 175000.0, "right": -35000.0, "bottom": 180000.0, "row_index": 12, "col_index": 16 }, "geometry": { "type": "Point", "coordinates": [ 4.2867564, 53.0708997 ] } },
{ "type": "Feature", "properties": { "id": 1054, "left": -40000.0, "top": 170000.0, "right": -35000.0, "bottom": 175000.0, "row_index": 13, "col_index": 16 }, "geometry": { "type": "Point", "coordinates": [ 4.2873752, 53.0259704 ] } },
{ "type": "Feature", "properties": { "id": 1055, "left": -40000.0, "top": 165000.0, "right": -35000.0, "bottom": 170000.0, "row_index": 14, "col_index": 16 }, "geometry": { "type": "Point", "coordinates": [ 4.2879923, 52.9810408 ] } },
{ "type": "Feature", "properties": { "id": 1056, "left": -40000.0, "top": 160000.0, "right": -35000.0, "bottom": 165000.0, "row_index": 15, "col_index": 16 }, "geometry": { "type": "Point", "coordinates": [ 4.2886078, 52.9361108 ] } },
{ "type": "Feature", "properties": { "id": 1057, "left": -40000.0, "top": 155000.0, "right": -35000.0, "bottom": 160000.0, "row_index": 16, "col_index": 16 }, "geometry": { "type": "Point", "coordinates": [ 4.2892217, 52.8911805 ] } },
{ "type": "Feature", "properties": { "id": 1058, "left": -40000.0, "top": 150000.0, "right": -35000.0, "bottom": 155000.0, "row_index": 17, "col_index": 16 }, "geometry": { "type": "Point", "coordinates": [ 4.2898339, 52.8462499 ] } },
{ "type": "Feature", "properties": { "id": 1059, "left": -40000.0, "top": 145000.0, "right": -35000.0, "bottom": 150000.0, "row_index": 18, "col_index": 16 }, "geometry": { "type": "Point", "coordinates": [ 4.2904445, 52.8013189 ] } },
{ "type": "Feature", "properties": { "id": 1060, "left": -40000.0, "top": 140000.0, "right": -35000.0, "bottom": 145000.0, "row_index": 19, "col_index": 16 }, "geometry": { "type": "Point", "coordinates": [ 4.2910535, 52.7563875 ] } },
{ "type": "Feature", "properties": { "id": 1061, "left": -40000.0, "top": 135000.0, "right": -35000.0, "bottom": 140000.0, "row_index": 20, "col_index": 16 }, "geometry": { "type": "Point", "coordinates": [ 4.2916609, 52.7114558 ] } },
{ "type": "Feature", "properties": { "id": 1062, "left": -40000.0, "top": 130000.0, "right": -35000.0, "bottom": 135000.0, "row_index": 21, "col_index": 16 }, "geometry": { "type": "Point", "coordinates": [ 4.2922666, 52.6665238 ] } },
{ "type": "Feature", "properties": { "id": 1063, "left": -40000.0, "top": 125000.0, "right": -35000.0, "bottom": 130000.0, "row_index": 22, "col_index": 16 }, "geometry": { "type": "Point", "coordinates": [ 4.2928708, 52.6215914 ] } },
{ "type": "Feature", "properties": { "id": 1064, "left": -40000.0, "top": 120000.0, "right": -35000.0, "bottom": 125000.0, "row_index": 23, "col_index": 16 }, "geometry": { "type": "Point", "coordinates": [ 4.2934733, 52.5766587 ] } },
{ "type": "Feature", "properties": { "id": 1065, "left": -40000.0, "top": 115000.0, "right": -35000.0, "bottom": 120000.0, "row_index": 24, "col_index": 16 }, "geometry": { "type": "Point", "coordinates": [ 4.2940743, 52.5317256 ] } },
{ "type": "Feature", "properties": { "id": 1066, "left": -40000.0, "top": 110000.0, "right": -35000.0, "bottom": 115000.0, "row_index": 25, "col_index": 16 }, "geometry": { "type": "Point", "coordinates": [ 4.2946737, 52.4867922 ] } },
{ "type": "Feature", "properties": { "id": 1067, "left": -40000.0, "top": 105000.0, "right": -35000.0, "bottom": 110000.0, "row_index": 26, "col_index": 16 }, "geometry": { "type": "Point", "coordinates": [ 4.2952715, 52.4418584 ] } },
{ "type": "Feature", "properties": { "id": 1068, "left": -40000.0, "top": 100000.0, "right": -35000.0, "bottom": 105000.0, "row_index": 27, "col_index": 16 }, "geometry": { "type": "Point", "coordinates": [ 4.2958677, 52.3969243 ] } },
{ "type": "Feature", "properties": { "id": 1069, "left": -40000.0, "top": 95000.0, "right": -35000.0, "bottom": 100000.0, "row_index": 28, "col_index": 16 }, "geometry": { "type": "Point", "coordinates": [ 4.2964623, 52.3519899 ] } },
{ "type": "Feature", "properties": { "id": 1070, "left": -40000.0, "top": 90000.0, "right": -35000.0, "bottom": 95000.0, "row_index": 29, "col_index": 16 }, "geometry": { "type": "Point", "coordinates": [ 4.2970554, 52.3070551 ] } },
{ "type": "Feature", "properties": { "id": 1071, "left": -40000.0, "top": 85000.0, "right": -35000.0, "bottom": 90000.0, "row_index": 30, "col_index": 16 }, "geometry": { "type": "Point", "coordinates": [ 4.2976469, 52.2621199 ] } },
{ "type": "Feature", "properties": { "id": 1072, "left": -40000.0, "top": 80000.0, "right": -35000.0, "bottom": 85000.0, "row_index": 31, "col_index": 16 }, "geometry": { "type": "Point", "coordinates": [ 4.2982369, 52.2171845 ] } },
{ "type": "Feature", "properties": { "id": 1073, "left": -40000.0, "top": 75000.0, "right": -35000.0, "bottom": 80000.0, "row_index": 32, "col_index": 16 }, "geometry": { "type": "Point", "coordinates": [ 4.2988253, 52.1722486 ] } },
{ "type": "Feature", "properties": { "id": 1074, "left": -40000.0, "top": 70000.0, "right": -35000.0, "bottom": 75000.0, "row_index": 33, "col_index": 16 }, "geometry": { "type": "Point", "coordinates": [ 4.2994122, 52.1273124 ] } },
{ "type": "Feature", "properties": { "id": 1075, "left": -40000.0, "top": 65000.0, "right": -35000.0, "bottom": 70000.0, "row_index": 34, "col_index": 16 }, "geometry": { "type": "Point", "coordinates": [ 4.2999976, 52.0823759 ] } },
{ "type": "Feature", "properties": { "id": 1076, "left": -40000.0, "top": 60000.0, "right": -35000.0, "bottom": 65000.0, "row_index": 35, "col_index": 16 }, "geometry": { "type": "Point", "coordinates": [ 4.3005814, 52.037439 ] } },
{ "type": "Feature", "properties": { "id": 1077, "left": -40000.0, "top": 55000.0, "right": -35000.0, "bottom": 60000.0, "row_index": 36, "col_index": 16 }, "geometry": { "type": "Point", "coordinates": [ 4.3011637, 51.9925018 ] } },
{ "type": "Feature", "properties": { "id": 1078, "left": -40000.0, "top": 50000.0, "right": -35000.0, "bottom": 55000.0, "row_index": 37, "col_index": 16 }, "geometry": { "type": "Point", "coordinates": [ 4.3017444, 51.9475642 ] } },
{ "type": "Feature", "properties": { "id": 1079, "left": -40000.0, "top": 45000.0, "right": -35000.0, "bottom": 50000.0, "row_index": 38, "col_index": 16 }, "geometry": { "type": "Point", "coordinates": [ 4.3023237, 51.9026263 ] } },
{ "type": "Feature", "properties": { "id": 1080, "left": -40000.0, "top": 40000.0, "right": -35000.0, "bottom": 45000.0, "row_index": 39, "col_index": 16 }, "geometry": { "type": "Point", "coordinates": [ 4.3029014, 51.857688 ] } },
{ "type": "Feature", "properties": { "id": 1081, "left": -40000.0, "top": 35000.0, "right": -35000.0, "bottom": 40000.0, "row_index": 40, "col_index": 16 }, "geometry": { "type": "Point", "coordinates": [ 4.3034776, 51.8127494 ] } },
{ "type": "Feature", "properties": { "id": 1082, "left": -40000.0, "top": 30000.0, "right": -35000.0, "bottom": 35000.0, "row_index": 41, "col_index": 16 }, "geometry": { "type": "Point", "coordinates": [ 4.3040524, 51.7678105 ] } },
{ "type": "Feature", "properties": { "id": 1083, "left": -40000.0, "top": 25000.0, "right": -35000.0, "bottom": 30000.0, "row_index": 42, "col_index": 16 }, "geometry": { "type": "Point", "coordinates": [ 4.3046256, 51.7228712 ] } },
{ "type": "Feature", "properties": { "id": 1084, "left": -40000.0, "top": 20000.0, "right": -35000.0, "bottom": 25000.0, "row_index": 43, "col_index": 16 }, "geometry": { "type": "Point", "coordinates": [ 4.3051973, 51.6779315 ] } },
{ "type": "Feature", "properties": { "id": 1085, "left": -40000.0, "top": 15000.0, "right": -35000.0, "bottom": 20000.0, "row_index": 44, "col_index": 16 }, "geometry": { "type": "Point", "coordinates": [ 4.3057676, 51.6329915 ] } },
{ "type": "Feature", "properties": { "id": 1086, "left": -40000.0, "top": 10000.0, "right": -35000.0, "bottom": 15000.0, "row_index": 45, "col_index": 16 }, "geometry": { "type": "Point", "coordinates": [ 4.3063364, 51.5880511 ] } },
{ "type": "Feature", "properties": { "id": 1087, "left": -40000.0, "top": 5000.0, "right": -35000.0, "bottom": 10000.0, "row_index": 46, "col_index": 16 }, "geometry": { "type": "Point", "coordinates": [ 4.3069037, 51.5431104 ] } },
{ "type": "Feature", "properties": { "id": 1088, "left": -40000.0, "top": 0.0, "right": -35000.0, "bottom": 5000.0, "row_index": 47, "col_index": 16 }, "geometry": { "type": "Point", "coordinates": [ 4.3074695, 51.4981694 ] } },
{ "type": "Feature", "properties": { "id": 1089, "left": -40000.0, "top": -5000.0, "right": -35000.0, "bottom": 0.0, "row_index": 48, "col_index": 16 }, "geometry": { "type": "Point", "coordinates": [ 4.3080339, 51.453228 ] } },
{ "type": "Feature", "properties": { "id": 1090, "left": -40000.0, "top": -10000.0, "right": -35000.0, "bottom": -5000.0, "row_index": 49, "col_index": 16 }, "geometry": { "type": "Point", "coordinates": [ 4.3085968, 51.4082862 ] } },
{ "type": "Feature", "properties": { "id": 1091, "left": -40000.0, "top": -15000.0, "right": -35000.0, "bottom": -10000.0, "row_index": 50, "col_index": 16 }, "geometry": { "type": "Point", "coordinates": [ 4.3091582, 51.3633441 ] } },
{ "type": "Feature", "properties": { "id": 1092, "left": -40000.0, "top": -20000.0, "right": -35000.0, "bottom": -15000.0, "row_index": 51, "col_index": 16 }, "geometry": { "type": "Point", "coordinates": [ 4.3097182, 51.3184017 ] } },
{ "type": "Feature", "properties": { "id": 1093, "left": -40000.0, "top": -25000.0, "right": -35000.0, "bottom": -20000.0, "row_index": 52, "col_index": 16 }, "geometry": { "type": "Point", "coordinates": [ 4.3102768, 51.2734589 ] } },
{ "type": "Feature", "properties": { "id": 1094, "left": -40000.0, "top": -30000.0, "right": -35000.0, "bottom": -25000.0, "row_index": 53, "col_index": 16 }, "geometry": { "type": "Point", "coordinates": [ 4.3108339, 51.2285158 ] } },
{ "type": "Feature", "properties": { "id": 1095, "left": -40000.0, "top": -35000.0, "right": -35000.0, "bottom": -30000.0, "row_index": 54, "col_index": 16 }, "geometry": { "type": "Point", "coordinates": [ 4.3113896, 51.1835723 ] } },
{ "type": "Feature", "properties": { "id": 1096, "left": -40000.0, "top": -40000.0, "right": -35000.0, "bottom": -35000.0, "row_index": 55, "col_index": 16 }, "geometry": { "type": "Point", "coordinates": [ 4.3119438, 51.1386284 ] } },
{ "type": "Feature", "properties": { "id": 1097, "left": -40000.0, "top": -45000.0, "right": -35000.0, "bottom": -40000.0, "row_index": 56, "col_index": 16 }, "geometry": { "type": "Point", "coordinates": [ 4.3124967, 51.0936842 ] } },
{ "type": "Feature", "properties": { "id": 1098, "left": -40000.0, "top": -50000.0, "right": -35000.0, "bottom": -45000.0, "row_index": 57, "col_index": 16 }, "geometry": { "type": "Point", "coordinates": [ 4.3130481, 51.0487397 ] } },
{ "type": "Feature", "properties": { "id": 1099, "left": -40000.0, "top": -55000.0, "right": -35000.0, "bottom": -50000.0, "row_index": 58, "col_index": 16 }, "geometry": { "type": "Point", "coordinates": [ 4.3135981, 51.0037948 ] } },
{ "type": "Feature", "properties": { "id": 1100, "left": -40000.0, "top": -60000.0, "right": -35000.0, "bottom": -55000.0, "row_index": 59, "col_index": 16 }, "geometry": { "type": "Point", "coordinates": [ 4.3141466, 50.9588495 ] } },
{ "type": "Feature", "properties": { "id": 1101, "left": -40000.0, "top": -65000.0, "right": -35000.0, "bottom": -60000.0, "row_index": 60, "col_index": 16 }, "geometry": { "type": "Point", "coordinates": [ 4.3146938, 50.913904 ] } },
{ "type": "Feature", "properties": { "id": 1102, "left": -40000.0, "top": -70000.0, "right": -35000.0, "bottom": -65000.0, "row_index": 61, "col_index": 16 }, "geometry": { "type": "Point", "coordinates": [ 4.3152396, 50.868958 ] } },
{ "type": "Feature", "properties": { "id": 1103, "left": -40000.0, "top": -75000.0, "right": -35000.0, "bottom": -70000.0, "row_index": 62, "col_index": 16 }, "geometry": { "type": "Point", "coordinates": [ 4.3157839, 50.8240117 ] } },
{ "type": "Feature", "properties": { "id": 1104, "left": -40000.0, "top": -80000.0, "right": -35000.0, "bottom": -75000.0, "row_index": 63, "col_index": 16 }, "geometry": { "type": "Point", "coordinates": [ 4.3163269, 50.7790651 ] } },
{ "type": "Feature", "properties": { "id": 1105, "left": -40000.0, "top": -85000.0, "right": -35000.0, "bottom": -80000.0, "row_index": 64, "col_index": 16 }, "geometry": { "type": "Point", "coordinates": [ 4.3168685, 50.7341181 ] } },
{ "type": "Feature", "properties": { "id": 1106, "left": -35000.0, "top": 235000.0, "right": -30000.0, "bottom": 240000.0, "row_index": 0, "col_index": 17 }, "geometry": { "type": "Point", "coordinates": [ 4.3547446, 53.6103708 ] } },
{ "type": "Feature", "properties": { "id": 1107, "left": -35000.0, "top": 230000.0, "right": -30000.0, "bottom": 235000.0, "row_index": 1, "col_index": 17 }, "geometry": { "type": "Point", "coordinates": [ 4.3553036, 53.5654453 ] } },
{ "type": "Feature", "properties": { "id": 1108, "left": -35000.0, "top": 225000.0, "right": -30000.0, "bottom": 230000.0, "row_index": 2, "col_index": 17 }, "geometry": { "type": "Point", "coordinates": [ 4.3558611, 53.5205194 ] } },
{ "type": "Feature", "properties": { "id": 1109, "left": -35000.0, "top": 220000.0, "right": -30000.0, "bottom": 225000.0, "row_index": 3, "col_index": 17 }, "geometry": { "type": "Point", "coordinates": [ 4.3564171, 53.4755932 ] } },
{ "type": "Feature", "properties": { "id": 1110, "left": -35000.0, "top": 215000.0, "right": -30000.0, "bottom": 220000.0, "row_index": 4, "col_index": 17 }, "geometry": { "type": "Point", "coordinates": [ 4.3569716, 53.4306667 ] } },
{ "type": "Feature", "properties": { "id": 1111, "left": -35000.0, "top": 210000.0, "right": -30000.0, "bottom": 215000.0, "row_index": 5, "col_index": 17 }, "geometry": { "type": "Point", "coordinates": [ 4.3575246, 53.3857398 ] } },
{ "type": "Feature", "properties": { "id": 1112, "left": -35000.0, "top": 205000.0, "right": -30000.0, "bottom": 210000.0, "row_index": 6, "col_index": 17 }, "geometry": { "type": "Point", "coordinates": [ 4.3580761, 53.3408126 ] } },
{ "type": "Feature", "properties": { "id": 1113, "left": -35000.0, "top": 200000.0, "right": -30000.0, "bottom": 205000.0, "row_index": 7, "col_index": 17 }, "geometry": { "type": "Point", "coordinates": [ 4.3586261, 53.295885 ] } },
{ "type": "Feature", "properties": { "id": 1114, "left": -35000.0, "top": 195000.0, "right": -30000.0, "bottom": 200000.0, "row_index": 8, "col_index": 17 }, "geometry": { "type": "Point", "coordinates": [ 4.3591747, 53.2509571 ] } },
{ "type": "Feature", "properties": { "id": 1115, "left": -35000.0, "top": 190000.0, "right": -30000.0, "bottom": 195000.0, "row_index": 9, "col_index": 17 }, "geometry": { "type": "Point", "coordinates": [ 4.3597218, 53.2060288 ] } },
{ "type": "Feature", "properties": { "id": 1116, "left": -35000.0, "top": 185000.0, "right": -30000.0, "bottom": 190000.0, "row_index": 10, "col_index": 17 }, "geometry": { "type": "Point", "coordinates": [ 4.3602674, 53.1611002 ] } },
{ "type": "Feature", "properties": { "id": 1117, "left": -35000.0, "top": 180000.0, "right": -30000.0, "bottom": 185000.0, "row_index": 11, "col_index": 17 }, "geometry": { "type": "Point", "coordinates": [ 4.3608116, 53.1161713 ] } },
{ "type": "Feature", "properties": { "id": 1118, "left": -35000.0, "top": 175000.0, "right": -30000.0, "bottom": 180000.0, "row_index": 12, "col_index": 17 }, "geometry": { "type": "Point", "coordinates": [ 4.3613543, 53.071242 ] } },
{ "type": "Feature", "properties": { "id": 1119, "left": -35000.0, "top": 170000.0, "right": -30000.0, "bottom": 175000.0, "row_index": 13, "col_index": 17 }, "geometry": { "type": "Point", "coordinates": [ 4.3618955, 53.0263124 ] } },
{ "type": "Feature", "properties": { "id": 1120, "left": -35000.0, "top": 165000.0, "right": -30000.0, "bottom": 170000.0, "row_index": 14, "col_index": 17 }, "geometry": { "type": "Point", "coordinates": [ 4.3624354, 52.9813824 ] } },
{ "type": "Feature", "properties": { "id": 1121, "left": -35000.0, "top": 160000.0, "right": -30000.0, "bottom": 165000.0, "row_index": 15, "col_index": 17 }, "geometry": { "type": "Point", "coordinates": [ 4.3629737, 52.9364521 ] } },
{ "type": "Feature", "properties": { "id": 1122, "left": -35000.0, "top": 155000.0, "right": -30000.0, "bottom": 160000.0, "row_index": 16, "col_index": 17 }, "geometry": { "type": "Point", "coordinates": [ 4.3635107, 52.8915215 ] } },
{ "type": "Feature", "properties": { "id": 1123, "left": -35000.0, "top": 150000.0, "right": -30000.0, "bottom": 155000.0, "row_index": 17, "col_index": 17 }, "geometry": { "type": "Point", "coordinates": [ 4.3640462, 52.8465905 ] } },
{ "type": "Feature", "properties": { "id": 1124, "left": -35000.0, "top": 145000.0, "right": -30000.0, "bottom": 150000.0, "row_index": 18, "col_index": 17 }, "geometry": { "type": "Point", "coordinates": [ 4.3645803, 52.8016591 ] } },
{ "type": "Feature", "properties": { "id": 1125, "left": -35000.0, "top": 140000.0, "right": -30000.0, "bottom": 145000.0, "row_index": 19, "col_index": 17 }, "geometry": { "type": "Point", "coordinates": [ 4.365113, 52.7567274 ] } },
{ "type": "Feature", "properties": { "id": 1126, "left": -35000.0, "top": 135000.0, "right": -30000.0, "bottom": 140000.0, "row_index": 20, "col_index": 17 }, "geometry": { "type": "Point", "coordinates": [ 4.3656443, 52.7117954 ] } },
{ "type": "Feature", "properties": { "id": 1127, "left": -35000.0, "top": 130000.0, "right": -30000.0, "bottom": 135000.0, "row_index": 21, "col_index": 17 }, "geometry": { "type": "Point", "coordinates": [ 4.3661741, 52.666863 ] } },
{ "type": "Feature", "properties": { "id": 1128, "left": -35000.0, "top": 125000.0, "right": -30000.0, "bottom": 130000.0, "row_index": 22, "col_index": 17 }, "geometry": { "type": "Point", "coordinates": [ 4.3667026, 52.6219303 ] } },
{ "type": "Feature", "properties": { "id": 1129, "left": -35000.0, "top": 120000.0, "right": -30000.0, "bottom": 125000.0, "row_index": 23, "col_index": 17 }, "geometry": { "type": "Point", "coordinates": [ 4.3672296, 52.5769972 ] } },
{ "type": "Feature", "properties": { "id": 1130, "left": -35000.0, "top": 115000.0, "right": -30000.0, "bottom": 120000.0, "row_index": 24, "col_index": 17 }, "geometry": { "type": "Point", "coordinates": [ 4.3677553, 52.5320638 ] } },
{ "type": "Feature", "properties": { "id": 1131, "left": -35000.0, "top": 110000.0, "right": -30000.0, "bottom": 115000.0, "row_index": 25, "col_index": 17 }, "geometry": { "type": "Point", "coordinates": [ 4.3682796, 52.4871301 ] } },
{ "type": "Feature", "properties": { "id": 1132, "left": -35000.0, "top": 105000.0, "right": -30000.0, "bottom": 110000.0, "row_index": 26, "col_index": 17 }, "geometry": { "type": "Point", "coordinates": [ 4.3688025, 52.442196 ] } },
{ "type": "Feature", "properties": { "id": 1133, "left": -35000.0, "top": 100000.0, "right": -30000.0, "bottom": 105000.0, "row_index": 27, "col_index": 17 }, "geometry": { "type": "Point", "coordinates": [ 4.369324, 52.3972615 ] } },
{ "type": "Feature", "properties": { "id": 1134, "left": -35000.0, "top": 95000.0, "right": -30000.0, "bottom": 100000.0, "row_index": 28, "col_index": 17 }, "geometry": { "type": "Point", "coordinates": [ 4.3698441, 52.3523268 ] } },
{ "type": "Feature", "properties": { "id": 1135, "left": -35000.0, "top": 90000.0, "right": -30000.0, "bottom": 95000.0, "row_index": 29, "col_index": 17 }, "geometry": { "type": "Point", "coordinates": [ 4.3703629, 52.3073916 ] } },
{ "type": "Feature", "properties": { "id": 1136, "left": -35000.0, "top": 85000.0, "right": -30000.0, "bottom": 90000.0, "row_index": 30, "col_index": 17 }, "geometry": { "type": "Point", "coordinates": [ 4.3708803, 52.2624561 ] } },
{ "type": "Feature", "properties": { "id": 1137, "left": -35000.0, "top": 80000.0, "right": -30000.0, "bottom": 85000.0, "row_index": 31, "col_index": 17 }, "geometry": { "type": "Point", "coordinates": [ 4.3713964, 52.2175203 ] } },
{ "type": "Feature", "properties": { "id": 1138, "left": -35000.0, "top": 75000.0, "right": -30000.0, "bottom": 80000.0, "row_index": 32, "col_index": 17 }, "geometry": { "type": "Point", "coordinates": [ 4.3719111, 52.1725841 ] } },
{ "type": "Feature", "properties": { "id": 1139, "left": -35000.0, "top": 70000.0, "right": -30000.0, "bottom": 75000.0, "row_index": 33, "col_index": 17 }, "geometry": { "type": "Point", "coordinates": [ 4.3724244, 52.1276476 ] } },
{ "type": "Feature", "properties": { "id": 1140, "left": -35000.0, "top": 65000.0, "right": -30000.0, "bottom": 70000.0, "row_index": 34, "col_index": 17 }, "geometry": { "type": "Point", "coordinates": [ 4.3729364, 52.0827108 ] } },
{ "type": "Feature", "properties": { "id": 1141, "left": -35000.0, "top": 60000.0, "right": -30000.0, "bottom": 65000.0, "row_index": 35, "col_index": 17 }, "geometry": { "type": "Point", "coordinates": [ 4.3734471, 52.0377736 ] } },
{ "type": "Feature", "properties": { "id": 1142, "left": -35000.0, "top": 55000.0, "right": -30000.0, "bottom": 60000.0, "row_index": 36, "col_index": 17 }, "geometry": { "type": "Point", "coordinates": [ 4.3739564, 51.992836 ] } },
{ "type": "Feature", "properties": { "id": 1143, "left": -35000.0, "top": 50000.0, "right": -30000.0, "bottom": 55000.0, "row_index": 37, "col_index": 17 }, "geometry": { "type": "Point", "coordinates": [ 4.3744644, 51.9478981 ] } },
{ "type": "Feature", "properties": { "id": 1144, "left": -35000.0, "top": 45000.0, "right": -30000.0, "bottom": 50000.0, "row_index": 38, "col_index": 17 }, "geometry": { "type": "Point", "coordinates": [ 4.374971, 51.9029599 ] } },
{ "type": "Feature", "properties": { "id": 1145, "left": -35000.0, "top": 40000.0, "right": -30000.0, "bottom": 45000.0, "row_index": 39, "col_index": 17 }, "geometry": { "type": "Point", "coordinates": [ 4.3754764, 51.8580213 ] } },
{ "type": "Feature", "properties": { "id": 1146, "left": -35000.0, "top": 35000.0, "right": -30000.0, "bottom": 40000.0, "row_index": 40, "col_index": 17 }, "geometry": { "type": "Point", "coordinates": [ 4.3759804, 51.8130823 ] } },
{ "type": "Feature", "properties": { "id": 1147, "left": -35000.0, "top": 30000.0, "right": -30000.0, "bottom": 35000.0, "row_index": 41, "col_index": 17 }, "geometry": { "type": "Point", "coordinates": [ 4.3764831, 51.768143 ] } },
{ "type": "Feature", "properties": { "id": 1148, "left": -35000.0, "top": 25000.0, "right": -30000.0, "bottom": 30000.0, "row_index": 42, "col_index": 17 }, "geometry": { "type": "Point", "coordinates": [ 4.3769845, 51.7232034 ] } },
{ "type": "Feature", "properties": { "id": 1149, "left": -35000.0, "top": 20000.0, "right": -30000.0, "bottom": 25000.0, "row_index": 43, "col_index": 17 }, "geometry": { "type": "Point", "coordinates": [ 4.3774846, 51.6782634 ] } },
{ "type": "Feature", "properties": { "id": 1150, "left": -35000.0, "top": 15000.0, "right": -30000.0, "bottom": 20000.0, "row_index": 44, "col_index": 17 }, "geometry": { "type": "Point", "coordinates": [ 4.3779835, 51.6333231 ] } },
{ "type": "Feature", "properties": { "id": 1151, "left": -35000.0, "top": 10000.0, "right": -30000.0, "bottom": 15000.0, "row_index": 45, "col_index": 17 }, "geometry": { "type": "Point", "coordinates": [ 4.378481, 51.5883824 ] } },
{ "type": "Feature", "properties": { "id": 1152, "left": -35000.0, "top": 5000.0, "right": -30000.0, "bottom": 10000.0, "row_index": 46, "col_index": 17 }, "geometry": { "type": "Point", "coordinates": [ 4.3789772, 51.5434414 ] } },
{ "type": "Feature", "properties": { "id": 1153, "left": -35000.0, "top": 0.0, "right": -30000.0, "bottom": 5000.0, "row_index": 47, "col_index": 17 }, "geometry": { "type": "Point", "coordinates": [ 4.3794721, 51.4985 ] } },
{ "type": "Feature", "properties": { "id": 1154, "left": -35000.0, "top": -5000.0, "right": -30000.0, "bottom": 0.0, "row_index": 48, "col_index": 17 }, "geometry": { "type": "Point", "coordinates": [ 4.3799658, 51.4535583 ] } },
{ "type": "Feature", "properties": { "id": 1155, "left": -35000.0, "top": -10000.0, "right": -30000.0, "bottom": -5000.0, "row_index": 49, "col_index": 17 }, "geometry": { "type": "Point", "coordinates": [ 4.3804581, 51.4086162 ] } },
{ "type": "Feature", "properties": { "id": 1156, "left": -35000.0, "top": -15000.0, "right": -30000.0, "bottom": -10000.0, "row_index": 50, "col_index": 17 }, "geometry": { "type": "Point", "coordinates": [ 4.3809492, 51.3636738 ] } },
{ "type": "Feature", "properties": { "id": 1157, "left": -35000.0, "top": -20000.0, "right": -30000.0, "bottom": -15000.0, "row_index": 51, "col_index": 17 }, "geometry": { "type": "Point", "coordinates": [ 4.3814391, 51.318731 ] } },
{ "type": "Feature", "properties": { "id": 1158, "left": -35000.0, "top": -25000.0, "right": -30000.0, "bottom": -20000.0, "row_index": 52, "col_index": 17 }, "geometry": { "type": "Point", "coordinates": [ 4.3819276, 51.2737879 ] } },
{ "type": "Feature", "properties": { "id": 1159, "left": -35000.0, "top": -30000.0, "right": -30000.0, "bottom": -25000.0, "row_index": 53, "col_index": 17 }, "geometry": { "type": "Point", "coordinates": [ 4.382415, 51.2288445 ] } },
{ "type": "Feature", "properties": { "id": 1160, "left": -35000.0, "top": -35000.0, "right": -30000.0, "bottom": -30000.0, "row_index": 54, "col_index": 17 }, "geometry": { "type": "Point", "coordinates": [ 4.382901, 51.1839006 ] } },
{ "type": "Feature", "properties": { "id": 1161, "left": -35000.0, "top": -40000.0, "right": -30000.0, "bottom": -35000.0, "row_index": 55, "col_index": 17 }, "geometry": { "type": "Point", "coordinates": [ 4.3833858, 51.1389565 ] } },
{ "type": "Feature", "properties": { "id": 1162, "left": -35000.0, "top": -45000.0, "right": -30000.0, "bottom": -40000.0, "row_index": 56, "col_index": 17 }, "geometry": { "type": "Point", "coordinates": [ 4.3838694, 51.094012 ] } },
{ "type": "Feature", "properties": { "id": 1163, "left": -35000.0, "top": -50000.0, "right": -30000.0, "bottom": -45000.0, "row_index": 57, "col_index": 17 }, "geometry": { "type": "Point", "coordinates": [ 4.3843517, 51.0490671 ] } },
{ "type": "Feature", "properties": { "id": 1164, "left": -35000.0, "top": -55000.0, "right": -30000.0, "bottom": -50000.0, "row_index": 58, "col_index": 17 }, "geometry": { "type": "Point", "coordinates": [ 4.3848328, 51.0041219 ] } },
{ "type": "Feature", "properties": { "id": 1165, "left": -35000.0, "top": -60000.0, "right": -30000.0, "bottom": -55000.0, "row_index": 59, "col_index": 17 }, "geometry": { "type": "Point", "coordinates": [ 4.3853126, 50.9591763 ] } },
{ "type": "Feature", "properties": { "id": 1166, "left": -35000.0, "top": -65000.0, "right": -30000.0, "bottom": -60000.0, "row_index": 60, "col_index": 17 }, "geometry": { "type": "Point", "coordinates": [ 4.3857912, 50.9142304 ] } },
{ "type": "Feature", "properties": { "id": 1167, "left": -35000.0, "top": -70000.0, "right": -30000.0, "bottom": -65000.0, "row_index": 61, "col_index": 17 }, "geometry": { "type": "Point", "coordinates": [ 4.3862686, 50.8692842 ] } },
{ "type": "Feature", "properties": { "id": 1168, "left": -35000.0, "top": -75000.0, "right": -30000.0, "bottom": -70000.0, "row_index": 62, "col_index": 17 }, "geometry": { "type": "Point", "coordinates": [ 4.3867447, 50.8243376 ] } },
{ "type": "Feature", "properties": { "id": 1169, "left": -35000.0, "top": -80000.0, "right": -30000.0, "bottom": -75000.0, "row_index": 63, "col_index": 17 }, "geometry": { "type": "Point", "coordinates": [ 4.3872197, 50.7793906 ] } },
{ "type": "Feature", "properties": { "id": 1170, "left": -35000.0, "top": -85000.0, "right": -30000.0, "bottom": -80000.0, "row_index": 64, "col_index": 17 }, "geometry": { "type": "Point", "coordinates": [ 4.3876934, 50.7344433 ] } },
{ "type": "Feature", "properties": { "id": 1171, "left": -30000.0, "top": 235000.0, "right": -25000.0, "bottom": 240000.0, "row_index": 0, "col_index": 18 }, "geometry": { "type": "Point", "coordinates": [ 4.4302904, 53.610671 ] } },
{ "type": "Feature", "properties": { "id": 1172, "left": -30000.0, "top": 230000.0, "right": -25000.0, "bottom": 235000.0, "row_index": 1, "col_index": 18 }, "geometry": { "type": "Point", "coordinates": [ 4.4307694, 53.5657452 ] } },
{ "type": "Feature", "properties": { "id": 1173, "left": -30000.0, "top": 225000.0, "right": -25000.0, "bottom": 230000.0, "row_index": 2, "col_index": 18 }, "geometry": { "type": "Point", "coordinates": [ 4.431247, 53.520819 ] } },
{ "type": "Feature", "properties": { "id": 1174, "left": -30000.0, "top": 220000.0, "right": -25000.0, "bottom": 225000.0, "row_index": 3, "col_index": 18 }, "geometry": { "type": "Point", "coordinates": [ 4.4317233, 53.4758925 ] } },
{ "type": "Feature", "properties": { "id": 1175, "left": -30000.0, "top": 215000.0, "right": -25000.0, "bottom": 220000.0, "row_index": 4, "col_index": 18 }, "geometry": { "type": "Point", "coordinates": [ 4.4321984, 53.4309656 ] } },
{ "type": "Feature", "properties": { "id": 1176, "left": -30000.0, "top": 210000.0, "right": -25000.0, "bottom": 215000.0, "row_index": 5, "col_index": 18 }, "geometry": { "type": "Point", "coordinates": [ 4.4326722, 53.3860385 ] } },
{ "type": "Feature", "properties": { "id": 1177, "left": -30000.0, "top": 205000.0, "right": -25000.0, "bottom": 210000.0, "row_index": 6, "col_index": 18 }, "geometry": { "type": "Point", "coordinates": [ 4.4331447, 53.3411109 ] } },
{ "type": "Feature", "properties": { "id": 1178, "left": -30000.0, "top": 200000.0, "right": -25000.0, "bottom": 205000.0, "row_index": 7, "col_index": 18 }, "geometry": { "type": "Point", "coordinates": [ 4.4336159, 53.2961831 ] } },
{ "type": "Feature", "properties": { "id": 1179, "left": -30000.0, "top": 195000.0, "right": -25000.0, "bottom": 200000.0, "row_index": 8, "col_index": 18 }, "geometry": { "type": "Point", "coordinates": [ 4.4340859, 53.2512548 ] } },
{ "type": "Feature", "properties": { "id": 1180, "left": -30000.0, "top": 190000.0, "right": -25000.0, "bottom": 195000.0, "row_index": 9, "col_index": 18 }, "geometry": { "type": "Point", "coordinates": [ 4.4345546, 53.2063263 ] } },
{ "type": "Feature", "properties": { "id": 1181, "left": -30000.0, "top": 185000.0, "right": -25000.0, "bottom": 190000.0, "row_index": 10, "col_index": 18 }, "geometry": { "type": "Point", "coordinates": [ 4.4350221, 53.1613974 ] } },
{ "type": "Feature", "properties": { "id": 1182, "left": -30000.0, "top": 180000.0, "right": -25000.0, "bottom": 185000.0, "row_index": 11, "col_index": 18 }, "geometry": { "type": "Point", "coordinates": [ 4.4354883, 53.1164681 ] } },
{ "type": "Feature", "properties": { "id": 1183, "left": -30000.0, "top": 175000.0, "right": -25000.0, "bottom": 180000.0, "row_index": 12, "col_index": 18 }, "geometry": { "type": "Point", "coordinates": [ 4.4359533, 53.0715386 ] } },
{ "type": "Feature", "properties": { "id": 1184, "left": -30000.0, "top": 170000.0, "right": -25000.0, "bottom": 175000.0, "row_index": 13, "col_index": 18 }, "geometry": { "type": "Point", "coordinates": [ 4.436417, 53.0266086 ] } },
{ "type": "Feature", "properties": { "id": 1185, "left": -30000.0, "top": 165000.0, "right": -25000.0, "bottom": 170000.0, "row_index": 14, "col_index": 18 }, "geometry": { "type": "Point", "coordinates": [ 4.4368795, 52.9816784 ] } },
{ "type": "Feature", "properties": { "id": 1186, "left": -30000.0, "top": 160000.0, "right": -25000.0, "bottom": 165000.0, "row_index": 15, "col_index": 18 }, "geometry": { "type": "Point", "coordinates": [ 4.4373408, 52.9367478 ] } },
{ "type": "Feature", "properties": { "id": 1187, "left": -30000.0, "top": 155000.0, "right": -25000.0, "bottom": 160000.0, "row_index": 16, "col_index": 18 }, "geometry": { "type": "Point", "coordinates": [ 4.4378008, 52.8918168 ] } },
{ "type": "Feature", "properties": { "id": 1188, "left": -30000.0, "top": 150000.0, "right": -25000.0, "bottom": 155000.0, "row_index": 17, "col_index": 18 }, "geometry": { "type": "Point", "coordinates": [ 4.4382596, 52.8468855 ] } },
{ "type": "Feature", "properties": { "id": 1189, "left": -30000.0, "top": 145000.0, "right": -25000.0, "bottom": 150000.0, "row_index": 18, "col_index": 18 }, "geometry": { "type": "Point", "coordinates": [ 4.4387172, 52.8019539 ] } },
{ "type": "Feature", "properties": { "id": 1190, "left": -30000.0, "top": 140000.0, "right": -25000.0, "bottom": 145000.0, "row_index": 19, "col_index": 18 }, "geometry": { "type": "Point", "coordinates": [ 4.4391736, 52.7570219 ] } },
{ "type": "Feature", "properties": { "id": 1191, "left": -30000.0, "top": 135000.0, "right": -25000.0, "bottom": 140000.0, "row_index": 20, "col_index": 18 }, "geometry": { "type": "Point", "coordinates": [ 4.4396287, 52.7120896 ] } },
{ "type": "Feature", "properties": { "id": 1192, "left": -30000.0, "top": 130000.0, "right": -25000.0, "bottom": 135000.0, "row_index": 21, "col_index": 18 }, "geometry": { "type": "Point", "coordinates": [ 4.4400827, 52.6671569 ] } },
{ "type": "Feature", "properties": { "id": 1193, "left": -30000.0, "top": 125000.0, "right": -25000.0, "bottom": 130000.0, "row_index": 22, "col_index": 18 }, "geometry": { "type": "Point", "coordinates": [ 4.4405354, 52.6222239 ] } },
{ "type": "Feature", "properties": { "id": 1194, "left": -30000.0, "top": 120000.0, "right": -25000.0, "bottom": 125000.0, "row_index": 23, "col_index": 18 }, "geometry": { "type": "Point", "coordinates": [ 4.440987, 52.5772905 ] } },
{ "type": "Feature", "properties": { "id": 1195, "left": -30000.0, "top": 115000.0, "right": -25000.0, "bottom": 120000.0, "row_index": 24, "col_index": 18 }, "geometry": { "type": "Point", "coordinates": [ 4.4414374, 52.5323568 ] } },
{ "type": "Feature", "properties": { "id": 1196, "left": -30000.0, "top": 110000.0, "right": -25000.0, "bottom": 115000.0, "row_index": 25, "col_index": 18 }, "geometry": { "type": "Point", "coordinates": [ 4.4418865, 52.4874228 ] } },
{ "type": "Feature", "properties": { "id": 1197, "left": -30000.0, "top": 105000.0, "right": -25000.0, "bottom": 110000.0, "row_index": 26, "col_index": 18 }, "geometry": { "type": "Point", "coordinates": [ 4.4423345, 52.4424884 ] } },
{ "type": "Feature", "properties": { "id": 1198, "left": -30000.0, "top": 100000.0, "right": -25000.0, "bottom": 105000.0, "row_index": 27, "col_index": 18 }, "geometry": { "type": "Point", "coordinates": [ 4.4427813, 52.3975537 ] } },
{ "type": "Feature", "properties": { "id": 1199, "left": -30000.0, "top": 95000.0, "right": -25000.0, "bottom": 100000.0, "row_index": 28, "col_index": 18 }, "geometry": { "type": "Point", "coordinates": [ 4.443227, 52.3526186 ] } },
{ "type": "Feature", "properties": { "id": 1200, "left": -30000.0, "top": 90000.0, "right": -25000.0, "bottom": 95000.0, "row_index": 29, "col_index": 18 }, "geometry": { "type": "Point", "coordinates": [ 4.4436714, 52.3076832 ] } },
{ "type": "Feature", "properties": { "id": 1201, "left": -30000.0, "top": 85000.0, "right": -25000.0, "bottom": 90000.0, "row_index": 30, "col_index": 18 }, "geometry": { "type": "Point", "coordinates": [ 4.4441147, 52.2627474 ] } },
{ "type": "Feature", "properties": { "id": 1202, "left": -30000.0, "top": 80000.0, "right": -25000.0, "bottom": 85000.0, "row_index": 31, "col_index": 18 }, "geometry": { "type": "Point", "coordinates": [ 4.4445568, 52.2178113 ] } },
{ "type": "Feature", "properties": { "id": 1203, "left": -30000.0, "top": 75000.0, "right": -25000.0, "bottom": 80000.0, "row_index": 32, "col_index": 18 }, "geometry": { "type": "Point", "coordinates": [ 4.4449978, 52.1728748 ] } },
{ "type": "Feature", "properties": { "id": 1204, "left": -30000.0, "top": 70000.0, "right": -25000.0, "bottom": 75000.0, "row_index": 33, "col_index": 18 }, "geometry": { "type": "Point", "coordinates": [ 4.4454376, 52.127938 ] } },
{ "type": "Feature", "properties": { "id": 1205, "left": -30000.0, "top": 65000.0, "right": -25000.0, "bottom": 70000.0, "row_index": 34, "col_index": 18 }, "geometry": { "type": "Point", "coordinates": [ 4.4458763, 52.0830009 ] } },
{ "type": "Feature", "properties": { "id": 1206, "left": -30000.0, "top": 60000.0, "right": -25000.0, "bottom": 65000.0, "row_index": 35, "col_index": 18 }, "geometry": { "type": "Point", "coordinates": [ 4.4463138, 52.0380634 ] } },
{ "type": "Feature", "properties": { "id": 1207, "left": -30000.0, "top": 55000.0, "right": -25000.0, "bottom": 60000.0, "row_index": 36, "col_index": 18 }, "geometry": { "type": "Point", "coordinates": [ 4.4467501, 51.9931255 ] } },
{ "type": "Feature", "properties": { "id": 1208, "left": -30000.0, "top": 50000.0, "right": -25000.0, "bottom": 55000.0, "row_index": 37, "col_index": 18 }, "geometry": { "type": "Point", "coordinates": [ 4.4471853, 51.9481873 ] } },
{ "type": "Feature", "properties": { "id": 1209, "left": -30000.0, "top": 45000.0, "right": -25000.0, "bottom": 50000.0, "row_index": 38, "col_index": 18 }, "geometry": { "type": "Point", "coordinates": [ 4.4476194, 51.9032488 ] } },
{ "type": "Feature", "properties": { "id": 1210, "left": -30000.0, "top": 40000.0, "right": -25000.0, "bottom": 45000.0, "row_index": 39, "col_index": 18 }, "geometry": { "type": "Point", "coordinates": [ 4.4480524, 51.8583099 ] } },
{ "type": "Feature", "properties": { "id": 1211, "left": -30000.0, "top": 35000.0, "right": -25000.0, "bottom": 40000.0, "row_index": 40, "col_index": 18 }, "geometry": { "type": "Point", "coordinates": [ 4.4484842, 51.8133707 ] } },
{ "type": "Feature", "properties": { "id": 1212, "left": -30000.0, "top": 30000.0, "right": -25000.0, "bottom": 35000.0, "row_index": 41, "col_index": 18 }, "geometry": { "type": "Point", "coordinates": [ 4.4489149, 51.7684311 ] } },
{ "type": "Feature", "properties": { "id": 1213, "left": -30000.0, "top": 25000.0, "right": -25000.0, "bottom": 30000.0, "row_index": 42, "col_index": 18 }, "geometry": { "type": "Point", "coordinates": [ 4.4493445, 51.7234912 ] } },
{ "type": "Feature", "properties": { "id": 1214, "left": -30000.0, "top": 20000.0, "right": -25000.0, "bottom": 25000.0, "row_index": 43, "col_index": 18 }, "geometry": { "type": "Point", "coordinates": [ 4.4497729, 51.678551 ] } },
{ "type": "Feature", "properties": { "id": 1215, "left": -30000.0, "top": 15000.0, "right": -25000.0, "bottom": 20000.0, "row_index": 44, "col_index": 18 }, "geometry": { "type": "Point", "coordinates": [ 4.4502003, 51.6336103 ] } },
{ "type": "Feature", "properties": { "id": 1216, "left": -30000.0, "top": 10000.0, "right": -25000.0, "bottom": 15000.0, "row_index": 45, "col_index": 18 }, "geometry": { "type": "Point", "coordinates": [ 4.4506265, 51.5886694 ] } },
{ "type": "Feature", "properties": { "id": 1217, "left": -30000.0, "top": 5000.0, "right": -25000.0, "bottom": 10000.0, "row_index": 46, "col_index": 18 }, "geometry": { "type": "Point", "coordinates": [ 4.4510517, 51.5437281 ] } },
{ "type": "Feature", "properties": { "id": 1218, "left": -30000.0, "top": 0.0, "right": -25000.0, "bottom": 5000.0, "row_index": 47, "col_index": 18 }, "geometry": { "type": "Point", "coordinates": [ 4.4514757, 51.4987864 ] } },
{ "type": "Feature", "properties": { "id": 1219, "left": -30000.0, "top": -5000.0, "right": -25000.0, "bottom": 0.0, "row_index": 48, "col_index": 18 }, "geometry": { "type": "Point", "coordinates": [ 4.4518986, 51.4538444 ] } },
{ "type": "Feature", "properties": { "id": 1220, "left": -30000.0, "top": -10000.0, "right": -25000.0, "bottom": -5000.0, "row_index": 49, "col_index": 18 }, "geometry": { "type": "Point", "coordinates": [ 4.4523205, 51.4089021 ] } },
{ "type": "Feature", "properties": { "id": 1221, "left": -30000.0, "top": -15000.0, "right": -25000.0, "bottom": -10000.0, "row_index": 50, "col_index": 18 }, "geometry": { "type": "Point", "coordinates": [ 4.4527412, 51.3639594 ] } },
{ "type": "Feature", "properties": { "id": 1222, "left": -30000.0, "top": -20000.0, "right": -25000.0, "bottom": -15000.0, "row_index": 51, "col_index": 18 }, "geometry": { "type": "Point", "coordinates": [ 4.4531609, 51.3190163 ] } },
{ "type": "Feature", "properties": { "id": 1223, "left": -30000.0, "top": -25000.0, "right": -25000.0, "bottom": -20000.0, "row_index": 52, "col_index": 18 }, "geometry": { "type": "Point", "coordinates": [ 4.4535795, 51.2740729 ] } },
{ "type": "Feature", "properties": { "id": 1224, "left": -30000.0, "top": -30000.0, "right": -25000.0, "bottom": -25000.0, "row_index": 53, "col_index": 18 }, "geometry": { "type": "Point", "coordinates": [ 4.453997, 51.2291292 ] } },
{ "type": "Feature", "properties": { "id": 1225, "left": -30000.0, "top": -35000.0, "right": -25000.0, "bottom": -30000.0, "row_index": 54, "col_index": 18 }, "geometry": { "type": "Point", "coordinates": [ 4.4544134, 51.1841851 ] } },
{ "type": "Feature", "properties": { "id": 1226, "left": -30000.0, "top": -40000.0, "right": -25000.0, "bottom": -35000.0, "row_index": 55, "col_index": 18 }, "geometry": { "type": "Point", "coordinates": [ 4.4548287, 51.1392407 ] } },
{ "type": "Feature", "properties": { "id": 1227, "left": -30000.0, "top": -45000.0, "right": -25000.0, "bottom": -40000.0, "row_index": 56, "col_index": 18 }, "geometry": { "type": "Point", "coordinates": [ 4.455243, 51.0942959 ] } },
{ "type": "Feature", "properties": { "id": 1228, "left": -30000.0, "top": -50000.0, "right": -25000.0, "bottom": -45000.0, "row_index": 57, "col_index": 18 }, "geometry": { "type": "Point", "coordinates": [ 4.4556562, 51.0493508 ] } },
{ "type": "Feature", "properties": { "id": 1229, "left": -30000.0, "top": -55000.0, "right": -25000.0, "bottom": -50000.0, "row_index": 58, "col_index": 18 }, "geometry": { "type": "Point", "coordinates": [ 4.4560684, 51.0044053 ] } },
{ "type": "Feature", "properties": { "id": 1230, "left": -30000.0, "top": -60000.0, "right": -25000.0, "bottom": -55000.0, "row_index": 59, "col_index": 18 }, "geometry": { "type": "Point", "coordinates": [ 4.4564795, 50.9594595 ] } },
{ "type": "Feature", "properties": { "id": 1231, "left": -30000.0, "top": -65000.0, "right": -25000.0, "bottom": -60000.0, "row_index": 60, "col_index": 18 }, "geometry": { "type": "Point", "coordinates": [ 4.4568895, 50.9145133 ] } },
{ "type": "Feature", "properties": { "id": 1232, "left": -30000.0, "top": -70000.0, "right": -25000.0, "bottom": -65000.0, "row_index": 61, "col_index": 18 }, "geometry": { "type": "Point", "coordinates": [ 4.4572985, 50.8695667 ] } },
{ "type": "Feature", "properties": { "id": 1233, "left": -30000.0, "top": -75000.0, "right": -25000.0, "bottom": -70000.0, "row_index": 62, "col_index": 18 }, "geometry": { "type": "Point", "coordinates": [ 4.4577065, 50.8246199 ] } },
{ "type": "Feature", "properties": { "id": 1234, "left": -30000.0, "top": -80000.0, "right": -25000.0, "bottom": -75000.0, "row_index": 63, "col_index": 18 }, "geometry": { "type": "Point", "coordinates": [ 4.4581134, 50.7796726 ] } },
{ "type": "Feature", "properties": { "id": 1235, "left": -30000.0, "top": -85000.0, "right": -25000.0, "bottom": -80000.0, "row_index": 64, "col_index": 18 }, "geometry": { "type": "Point", "coordinates": [ 4.4585192, 50.7347251 ] } },
{ "type": "Feature", "properties": { "id": 1236, "left": -25000.0, "top": 235000.0, "right": -20000.0, "bottom": 240000.0, "row_index": 0, "col_index": 19 }, "geometry": { "type": "Point", "coordinates": [ 4.5058372, 53.6109249 ] } },
{ "type": "Feature", "properties": { "id": 1237, "left": -25000.0, "top": 230000.0, "right": -20000.0, "bottom": 235000.0, "row_index": 1, "col_index": 19 }, "geometry": { "type": "Point", "coordinates": [ 4.5062361, 53.5659988 ] } },
{ "type": "Feature", "properties": { "id": 1238, "left": -25000.0, "top": 225000.0, "right": -20000.0, "bottom": 230000.0, "row_index": 2, "col_index": 19 }, "geometry": { "type": "Point", "coordinates": [ 4.5066338, 53.5210723 ] } },
{ "type": "Feature", "properties": { "id": 1239, "left": -25000.0, "top": 220000.0, "right": -20000.0, "bottom": 225000.0, "row_index": 3, "col_index": 19 }, "geometry": { "type": "Point", "coordinates": [ 4.5070305, 53.4761456 ] } },
{ "type": "Feature", "properties": { "id": 1240, "left": -25000.0, "top": 215000.0, "right": -20000.0, "bottom": 220000.0, "row_index": 4, "col_index": 19 }, "geometry": { "type": "Point", "coordinates": [ 4.5074262, 53.4312185 ] } },
{ "type": "Feature", "properties": { "id": 1241, "left": -25000.0, "top": 210000.0, "right": -20000.0, "bottom": 215000.0, "row_index": 5, "col_index": 19 }, "geometry": { "type": "Point", "coordinates": [ 4.5078207, 53.386291 ] } },
{ "type": "Feature", "properties": { "id": 1242, "left": -25000.0, "top": 205000.0, "right": -20000.0, "bottom": 210000.0, "row_index": 6, "col_index": 19 }, "geometry": { "type": "Point", "coordinates": [ 4.5082142, 53.3413632 ] } },
{ "type": "Feature", "properties": { "id": 1243, "left": -25000.0, "top": 200000.0, "right": -20000.0, "bottom": 205000.0, "row_index": 7, "col_index": 19 }, "geometry": { "type": "Point", "coordinates": [ 4.5086067, 53.2964351 ] } },
{ "type": "Feature", "properties": { "id": 1244, "left": -25000.0, "top": 195000.0, "right": -20000.0, "bottom": 200000.0, "row_index": 8, "col_index": 19 }, "geometry": { "type": "Point", "coordinates": [ 4.5089981, 53.2515066 ] } },
{ "type": "Feature", "properties": { "id": 1245, "left": -25000.0, "top": 190000.0, "right": -20000.0, "bottom": 195000.0, "row_index": 9, "col_index": 19 }, "geometry": { "type": "Point", "coordinates": [ 4.5093884, 53.2065778 ] } },
{ "type": "Feature", "properties": { "id": 1246, "left": -25000.0, "top": 185000.0, "right": -20000.0, "bottom": 190000.0, "row_index": 10, "col_index": 19 }, "geometry": { "type": "Point", "coordinates": [ 4.5097777, 53.1616487 ] } },
{ "type": "Feature", "properties": { "id": 1247, "left": -25000.0, "top": 180000.0, "right": -20000.0, "bottom": 185000.0, "row_index": 11, "col_index": 19 }, "geometry": { "type": "Point", "coordinates": [ 4.510166, 53.1167192 ] } },
{ "type": "Feature", "properties": { "id": 1248, "left": -25000.0, "top": 175000.0, "right": -20000.0, "bottom": 180000.0, "row_index": 12, "col_index": 19 }, "geometry": { "type": "Point", "coordinates": [ 4.5105532, 53.0717894 ] } },
{ "type": "Feature", "properties": { "id": 1249, "left": -25000.0, "top": 170000.0, "right": -20000.0, "bottom": 175000.0, "row_index": 13, "col_index": 19 }, "geometry": { "type": "Point", "coordinates": [ 4.5109394, 53.0268592 ] } },
{ "type": "Feature", "properties": { "id": 1250, "left": -25000.0, "top": 165000.0, "right": -20000.0, "bottom": 170000.0, "row_index": 14, "col_index": 19 }, "geometry": { "type": "Point", "coordinates": [ 4.5113246, 52.9819287 ] } },
{ "type": "Feature", "properties": { "id": 1251, "left": -25000.0, "top": 160000.0, "right": -20000.0, "bottom": 165000.0, "row_index": 15, "col_index": 19 }, "geometry": { "type": "Point", "coordinates": [ 4.5117087, 52.9369978 ] } },
{ "type": "Feature", "properties": { "id": 1252, "left": -25000.0, "top": 155000.0, "right": -20000.0, "bottom": 160000.0, "row_index": 16, "col_index": 19 }, "geometry": { "type": "Point", "coordinates": [ 4.5120918, 52.8920666 ] } },
{ "type": "Feature", "properties": { "id": 1253, "left": -25000.0, "top": 150000.0, "right": -20000.0, "bottom": 155000.0, "row_index": 17, "col_index": 19 }, "geometry": { "type": "Point", "coordinates": [ 4.5124739, 52.847135 ] } },
{ "type": "Feature", "properties": { "id": 1254, "left": -25000.0, "top": 145000.0, "right": -20000.0, "bottom": 150000.0, "row_index": 18, "col_index": 19 }, "geometry": { "type": "Point", "coordinates": [ 4.512855, 52.8022032 ] } },
{ "type": "Feature", "properties": { "id": 1255, "left": -25000.0, "top": 140000.0, "right": -20000.0, "bottom": 145000.0, "row_index": 19, "col_index": 19 }, "geometry": { "type": "Point", "coordinates": [ 4.5132351, 52.7572709 ] } },
{ "type": "Feature", "properties": { "id": 1256, "left": -25000.0, "top": 135000.0, "right": -20000.0, "bottom": 140000.0, "row_index": 20, "col_index": 19 }, "geometry": { "type": "Point", "coordinates": [ 4.5136141, 52.7123383 ] } },
{ "type": "Feature", "properties": { "id": 1257, "left": -25000.0, "top": 130000.0, "right": -20000.0, "bottom": 135000.0, "row_index": 21, "col_index": 19 }, "geometry": { "type": "Point", "coordinates": [ 4.5139922, 52.6674054 ] } },
{ "type": "Feature", "properties": { "id": 1258, "left": -25000.0, "top": 125000.0, "right": -20000.0, "bottom": 130000.0, "row_index": 22, "col_index": 19 }, "geometry": { "type": "Point", "coordinates": [ 4.5143692, 52.6224722 ] } },
{ "type": "Feature", "properties": { "id": 1259, "left": -25000.0, "top": 120000.0, "right": -20000.0, "bottom": 125000.0, "row_index": 23, "col_index": 19 }, "geometry": { "type": "Point", "coordinates": [ 4.5147453, 52.5775386 ] } },
{ "type": "Feature", "properties": { "id": 1260, "left": -25000.0, "top": 115000.0, "right": -20000.0, "bottom": 120000.0, "row_index": 24, "col_index": 19 }, "geometry": { "type": "Point", "coordinates": [ 4.5151203, 52.5326046 ] } },
{ "type": "Feature", "properties": { "id": 1261, "left": -25000.0, "top": 110000.0, "right": -20000.0, "bottom": 115000.0, "row_index": 25, "col_index": 19 }, "geometry": { "type": "Point", "coordinates": [ 4.5154944, 52.4876703 ] } },
{ "type": "Feature", "properties": { "id": 1262, "left": -25000.0, "top": 105000.0, "right": -20000.0, "bottom": 110000.0, "row_index": 26, "col_index": 19 }, "geometry": { "type": "Point", "coordinates": [ 4.5158675, 52.4427357 ] } },
{ "type": "Feature", "properties": { "id": 1263, "left": -25000.0, "top": 100000.0, "right": -20000.0, "bottom": 105000.0, "row_index": 27, "col_index": 19 }, "geometry": { "type": "Point", "coordinates": [ 4.5162396, 52.3978007 ] } },
{ "type": "Feature", "properties": { "id": 1264, "left": -25000.0, "top": 95000.0, "right": -20000.0, "bottom": 100000.0, "row_index": 28, "col_index": 19 }, "geometry": { "type": "Point", "coordinates": [ 4.5166107, 52.3528654 ] } },
{ "type": "Feature", "properties": { "id": 1265, "left": -25000.0, "top": 90000.0, "right": -20000.0, "bottom": 95000.0, "row_index": 29, "col_index": 19 }, "geometry": { "type": "Point", "coordinates": [ 4.5169808, 52.3079297 ] } },
{ "type": "Feature", "properties": { "id": 1266, "left": -25000.0, "top": 85000.0, "right": -20000.0, "bottom": 90000.0, "row_index": 30, "col_index": 19 }, "geometry": { "type": "Point", "coordinates": [ 4.51735, 52.2629937 ] } },
{ "type": "Feature", "properties": { "id": 1267, "left": -25000.0, "top": 80000.0, "right": -20000.0, "bottom": 85000.0, "row_index": 31, "col_index": 19 }, "geometry": { "type": "Point", "coordinates": [ 4.5177182, 52.2180573 ] } },
{ "type": "Feature", "properties": { "id": 1268, "left": -25000.0, "top": 75000.0, "right": -20000.0, "bottom": 80000.0, "row_index": 32, "col_index": 19 }, "geometry": { "type": "Point", "coordinates": [ 4.5180854, 52.1731206 ] } },
{ "type": "Feature", "properties": { "id": 1269, "left": -25000.0, "top": 70000.0, "right": -20000.0, "bottom": 75000.0, "row_index": 33, "col_index": 19 }, "geometry": { "type": "Point", "coordinates": [ 4.5184517, 52.1281836 ] } },
{ "type": "Feature", "properties": { "id": 1270, "left": -25000.0, "top": 65000.0, "right": -20000.0, "bottom": 70000.0, "row_index": 34, "col_index": 19 }, "geometry": { "type": "Point", "coordinates": [ 4.518817, 52.0832462 ] } },
{ "type": "Feature", "properties": { "id": 1271, "left": -25000.0, "top": 60000.0, "right": -20000.0, "bottom": 65000.0, "row_index": 35, "col_index": 19 }, "geometry": { "type": "Point", "coordinates": [ 4.5191813, 52.0383085 ] } },
{ "type": "Feature", "properties": { "id": 1272, "left": -25000.0, "top": 55000.0, "right": -20000.0, "bottom": 60000.0, "row_index": 36, "col_index": 19 }, "geometry": { "type": "Point", "coordinates": [ 4.5195447, 51.9933704 ] } },
{ "type": "Feature", "properties": { "id": 1273, "left": -25000.0, "top": 50000.0, "right": -20000.0, "bottom": 55000.0, "row_index": 37, "col_index": 19 }, "geometry": { "type": "Point", "coordinates": [ 4.5199072, 51.948432 ] } },
{ "type": "Feature", "properties": { "id": 1274, "left": -25000.0, "top": 45000.0, "right": -20000.0, "bottom": 50000.0, "row_index": 38, "col_index": 19 }, "geometry": { "type": "Point", "coordinates": [ 4.5202687, 51.9034932 ] } },
{ "type": "Feature", "properties": { "id": 1275, "left": -25000.0, "top": 40000.0, "right": -20000.0, "bottom": 45000.0, "row_index": 39, "col_index": 19 }, "geometry": { "type": "Point", "coordinates": [ 4.5206292, 51.8585541 ] } },
{ "type": "Feature", "properties": { "id": 1276, "left": -25000.0, "top": 35000.0, "right": -20000.0, "bottom": 40000.0, "row_index": 40, "col_index": 19 }, "geometry": { "type": "Point", "coordinates": [ 4.5209889, 51.8136146 ] } },
{ "type": "Feature", "properties": { "id": 1277, "left": -25000.0, "top": 30000.0, "right": -20000.0, "bottom": 35000.0, "row_index": 41, "col_index": 19 }, "geometry": { "type": "Point", "coordinates": [ 4.5213475, 51.7686748 ] } },
{ "type": "Feature", "properties": { "id": 1278, "left": -25000.0, "top": 25000.0, "right": -20000.0, "bottom": 30000.0, "row_index": 42, "col_index": 19 }, "geometry": { "type": "Point", "coordinates": [ 4.5217053, 51.7237346 ] } },
{ "type": "Feature", "properties": { "id": 1279, "left": -25000.0, "top": 20000.0, "right": -20000.0, "bottom": 25000.0, "row_index": 43, "col_index": 19 }, "geometry": { "type": "Point", "coordinates": [ 4.5220621, 51.6787941 ] } },
{ "type": "Feature", "properties": { "id": 1280, "left": -25000.0, "top": 15000.0, "right": -20000.0, "bottom": 20000.0, "row_index": 44, "col_index": 19 }, "geometry": { "type": "Point", "coordinates": [ 4.522418, 51.6338533 ] } },
{ "type": "Feature", "properties": { "id": 1281, "left": -25000.0, "top": 10000.0, "right": -20000.0, "bottom": 15000.0, "row_index": 45, "col_index": 19 }, "geometry": { "type": "Point", "coordinates": [ 4.5227729, 51.5889121 ] } },
{ "type": "Feature", "properties": { "id": 1282, "left": -25000.0, "top": 5000.0, "right": -20000.0, "bottom": 10000.0, "row_index": 46, "col_index": 19 }, "geometry": { "type": "Point", "coordinates": [ 4.523127, 51.5439705 ] } },
{ "type": "Feature", "properties": { "id": 1283, "left": -25000.0, "top": 0.0, "right": -20000.0, "bottom": 5000.0, "row_index": 47, "col_index": 19 }, "geometry": { "type": "Point", "coordinates": [ 4.5234801, 51.4990286 ] } },
{ "type": "Feature", "properties": { "id": 1284, "left": -25000.0, "top": -5000.0, "right": -20000.0, "bottom": 0.0, "row_index": 48, "col_index": 19 }, "geometry": { "type": "Point", "coordinates": [ 4.5238323, 51.4540864 ] } },
{ "type": "Feature", "properties": { "id": 1285, "left": -25000.0, "top": -10000.0, "right": -20000.0, "bottom": -5000.0, "row_index": 49, "col_index": 19 }, "geometry": { "type": "Point", "coordinates": [ 4.5241836, 51.4091438 ] } },
{ "type": "Feature", "properties": { "id": 1286, "left": -25000.0, "top": -15000.0, "right": -20000.0, "bottom": -10000.0, "row_index": 50, "col_index": 19 }, "geometry": { "type": "Point", "coordinates": [ 4.524534, 51.3642009 ] } },
{ "type": "Feature", "properties": { "id": 1287, "left": -25000.0, "top": -20000.0, "right": -20000.0, "bottom": -15000.0, "row_index": 51, "col_index": 19 }, "geometry": { "type": "Point", "coordinates": [ 4.5248835, 51.3192576 ] } },
{ "type": "Feature", "properties": { "id": 1288, "left": -25000.0, "top": -25000.0, "right": -20000.0, "bottom": -20000.0, "row_index": 52, "col_index": 19 }, "geometry": { "type": "Point", "coordinates": [ 4.5252321, 51.274314 ] } },
{ "type": "Feature", "properties": { "id": 1289, "left": -25000.0, "top": -30000.0, "right": -20000.0, "bottom": -25000.0, "row_index": 53, "col_index": 19 }, "geometry": { "type": "Point", "coordinates": [ 4.5255798, 51.22937 ] } },
{ "type": "Feature", "properties": { "id": 1290, "left": -25000.0, "top": -35000.0, "right": -20000.0, "bottom": -30000.0, "row_index": 54, "col_index": 19 }, "geometry": { "type": "Point", "coordinates": [ 4.5259266, 51.1844257 ] } },
{ "type": "Feature", "properties": { "id": 1291, "left": -25000.0, "top": -40000.0, "right": -20000.0, "bottom": -35000.0, "row_index": 55, "col_index": 19 }, "geometry": { "type": "Point", "coordinates": [ 4.5262725, 51.139481 ] } },
{ "type": "Feature", "properties": { "id": 1292, "left": -25000.0, "top": -45000.0, "right": -20000.0, "bottom": -40000.0, "row_index": 56, "col_index": 19 }, "geometry": { "type": "Point", "coordinates": [ 4.5266175, 51.094536 ] } },
{ "type": "Feature", "properties": { "id": 1293, "left": -25000.0, "top": -50000.0, "right": -20000.0, "bottom": -45000.0, "row_index": 57, "col_index": 19 }, "geometry": { "type": "Point", "coordinates": [ 4.5269616, 51.0495906 ] } },
{ "type": "Feature", "properties": { "id": 1294, "left": -25000.0, "top": -55000.0, "right": -20000.0, "bottom": -50000.0, "row_index": 58, "col_index": 19 }, "geometry": { "type": "Point", "coordinates": [ 4.5273048, 51.0046449 ] } },
{ "type": "Feature", "properties": { "id": 1295, "left": -25000.0, "top": -60000.0, "right": -20000.0, "bottom": -55000.0, "row_index": 59, "col_index": 19 }, "geometry": { "type": "Point", "coordinates": [ 4.5276472, 50.9596989 ] } },
{ "type": "Feature", "properties": { "id": 1296, "left": -25000.0, "top": -65000.0, "right": -20000.0, "bottom": -60000.0, "row_index": 60, "col_index": 19 }, "geometry": { "type": "Point", "coordinates": [ 4.5279886, 50.9147525 ] } },
{ "type": "Feature", "properties": { "id": 1297, "left": -25000.0, "top": -70000.0, "right": -20000.0, "bottom": -65000.0, "row_index": 61, "col_index": 19 }, "geometry": { "type": "Point", "coordinates": [ 4.5283292, 50.8698057 ] } },
{ "type": "Feature", "properties": { "id": 1298, "left": -25000.0, "top": -75000.0, "right": -20000.0, "bottom": -70000.0, "row_index": 62, "col_index": 19 }, "geometry": { "type": "Point", "coordinates": [ 4.528669, 50.8248586 ] } },
{ "type": "Feature", "properties": { "id": 1299, "left": -25000.0, "top": -80000.0, "right": -20000.0, "bottom": -75000.0, "row_index": 63, "col_index": 19 }, "geometry": { "type": "Point", "coordinates": [ 4.5290078, 50.7799111 ] } },
{ "type": "Feature", "properties": { "id": 1300, "left": -25000.0, "top": -85000.0, "right": -20000.0, "bottom": -80000.0, "row_index": 64, "col_index": 19 }, "geometry": { "type": "Point", "coordinates": [ 4.5293458, 50.7349633 ] } },
{ "type": "Feature", "properties": { "id": 1301, "left": -20000.0, "top": 235000.0, "right": -15000.0, "bottom": 240000.0, "row_index": 0, "col_index": 20 }, "geometry": { "type": "Point", "coordinates": [ 4.5813849, 53.6111324 ] } },
{ "type": "Feature", "properties": { "id": 1302, "left": -20000.0, "top": 230000.0, "right": -15000.0, "bottom": 235000.0, "row_index": 1, "col_index": 20 }, "geometry": { "type": "Point", "coordinates": [ 4.5817036, 53.5662061 ] } },
{ "type": "Feature", "properties": { "id": 1303, "left": -20000.0, "top": 225000.0, "right": -15000.0, "bottom": 230000.0, "row_index": 2, "col_index": 20 }, "geometry": { "type": "Point", "coordinates": [ 4.5820215, 53.5212795 ] } },
{ "type": "Feature", "properties": { "id": 1304, "left": -20000.0, "top": 220000.0, "right": -15000.0, "bottom": 225000.0, "row_index": 3, "col_index": 20 }, "geometry": { "type": "Point", "coordinates": [ 4.5823386, 53.4763525 ] } },
{ "type": "Feature", "properties": { "id": 1305, "left": -20000.0, "top": 215000.0, "right": -15000.0, "bottom": 220000.0, "row_index": 4, "col_index": 20 }, "geometry": { "type": "Point", "coordinates": [ 4.5826548, 53.4314252 ] } },
{ "type": "Feature", "properties": { "id": 1306, "left": -20000.0, "top": 210000.0, "right": -15000.0, "bottom": 215000.0, "row_index": 5, "col_index": 20 }, "geometry": { "type": "Point", "coordinates": [ 4.5829701, 53.3864975 ] } },
{ "type": "Feature", "properties": { "id": 1307, "left": -20000.0, "top": 205000.0, "right": -15000.0, "bottom": 210000.0, "row_index": 6, "col_index": 20 }, "geometry": { "type": "Point", "coordinates": [ 4.5832846, 53.3415695 ] } },
{ "type": "Feature", "properties": { "id": 1308, "left": -20000.0, "top": 200000.0, "right": -15000.0, "bottom": 205000.0, "row_index": 7, "col_index": 20 }, "geometry": { "type": "Point", "coordinates": [ 4.5835983, 53.2966412 ] } },
{ "type": "Feature", "properties": { "id": 1309, "left": -20000.0, "top": 195000.0, "right": -15000.0, "bottom": 200000.0, "row_index": 8, "col_index": 20 }, "geometry": { "type": "Point", "coordinates": [ 4.5839111, 53.2517125 ] } },
{ "type": "Feature", "properties": { "id": 1310, "left": -20000.0, "top": 190000.0, "right": -15000.0, "bottom": 195000.0, "row_index": 9, "col_index": 20 }, "geometry": { "type": "Point", "coordinates": [ 4.5842231, 53.2067835 ] } },
{ "type": "Feature", "properties": { "id": 1311, "left": -20000.0, "top": 185000.0, "right": -15000.0, "bottom": 190000.0, "row_index": 10, "col_index": 20 }, "geometry": { "type": "Point", "coordinates": [ 4.5845342, 53.1618541 ] } },
{ "type": "Feature", "properties": { "id": 1312, "left": -20000.0, "top": 180000.0, "right": -15000.0, "bottom": 185000.0, "row_index": 11, "col_index": 20 }, "geometry": { "type": "Point", "coordinates": [ 4.5848445, 53.1169244 ] } },
{ "type": "Feature", "properties": { "id": 1313, "left": -20000.0, "top": 175000.0, "right": -15000.0, "bottom": 180000.0, "row_index": 12, "col_index": 20 }, "geometry": { "type": "Point", "coordinates": [ 4.585154, 53.0719944 ] } },
{ "type": "Feature", "properties": { "id": 1314, "left": -20000.0, "top": 170000.0, "right": -15000.0, "bottom": 175000.0, "row_index": 13, "col_index": 20 }, "geometry": { "type": "Point", "coordinates": [ 4.5854626, 53.027064 ] } },
{ "type": "Feature", "properties": { "id": 1315, "left": -20000.0, "top": 165000.0, "right": -15000.0, "bottom": 170000.0, "row_index": 14, "col_index": 20 }, "geometry": { "type": "Point", "coordinates": [ 4.5857704, 52.9821333 ] } },
{ "type": "Feature", "properties": { "id": 1316, "left": -20000.0, "top": 160000.0, "right": -15000.0, "bottom": 165000.0, "row_index": 15, "col_index": 20 }, "geometry": { "type": "Point", "coordinates": [ 4.5860774, 52.9372022 ] } },
{ "type": "Feature", "properties": { "id": 1317, "left": -20000.0, "top": 155000.0, "right": -15000.0, "bottom": 160000.0, "row_index": 16, "col_index": 20 }, "geometry": { "type": "Point", "coordinates": [ 4.5863836, 52.8922708 ] } },
{ "type": "Feature", "properties": { "id": 1318, "left": -20000.0, "top": 150000.0, "right": -15000.0, "bottom": 155000.0, "row_index": 17, "col_index": 20 }, "geometry": { "type": "Point", "coordinates": [ 4.586689, 52.847339 ] } },
{ "type": "Feature", "properties": { "id": 1319, "left": -20000.0, "top": 145000.0, "right": -15000.0, "bottom": 150000.0, "row_index": 18, "col_index": 20 }, "geometry": { "type": "Point", "coordinates": [ 4.5869936, 52.8024069 ] } },
{ "type": "Feature", "properties": { "id": 1320, "left": -20000.0, "top": 140000.0, "right": -15000.0, "bottom": 145000.0, "row_index": 19, "col_index": 20 }, "geometry": { "type": "Point", "coordinates": [ 4.5872973, 52.7574745 ] } },
{ "type": "Feature", "properties": { "id": 1321, "left": -20000.0, "top": 135000.0, "right": -15000.0, "bottom": 140000.0, "row_index": 20, "col_index": 20 }, "geometry": { "type": "Point", "coordinates": [ 4.5876003, 52.7125417 ] } },
{ "type": "Feature", "properties": { "id": 1322, "left": -20000.0, "top": 130000.0, "right": -15000.0, "bottom": 135000.0, "row_index": 21, "col_index": 20 }, "geometry": { "type": "Point", "coordinates": [ 4.5879024, 52.6676086 ] } },
{ "type": "Feature", "properties": { "id": 1323, "left": -20000.0, "top": 125000.0, "right": -15000.0, "bottom": 130000.0, "row_index": 22, "col_index": 20 }, "geometry": { "type": "Point", "coordinates": [ 4.5882038, 52.6226751 ] } },
{ "type": "Feature", "properties": { "id": 1324, "left": -20000.0, "top": 120000.0, "right": -15000.0, "bottom": 125000.0, "row_index": 23, "col_index": 20 }, "geometry": { "type": "Point", "coordinates": [ 4.5885043, 52.5777413 ] } },
{ "type": "Feature", "properties": { "id": 1325, "left": -20000.0, "top": 115000.0, "right": -15000.0, "bottom": 120000.0, "row_index": 24, "col_index": 20 }, "geometry": { "type": "Point", "coordinates": [ 4.588804, 52.5328072 ] } },
{ "type": "Feature", "properties": { "id": 1326, "left": -20000.0, "top": 110000.0, "right": -15000.0, "bottom": 115000.0, "row_index": 25, "col_index": 20 }, "geometry": { "type": "Point", "coordinates": [ 4.589103, 52.4878727 ] } },
{ "type": "Feature", "properties": { "id": 1327, "left": -20000.0, "top": 105000.0, "right": -15000.0, "bottom": 110000.0, "row_index": 26, "col_index": 20 }, "geometry": { "type": "Point", "coordinates": [ 4.5894012, 52.4429378 ] } },
{ "type": "Feature", "properties": { "id": 1328, "left": -20000.0, "top": 100000.0, "right": -15000.0, "bottom": 105000.0, "row_index": 27, "col_index": 20 }, "geometry": { "type": "Point", "coordinates": [ 4.5896986, 52.3980027 ] } },
{ "type": "Feature", "properties": { "id": 1329, "left": -20000.0, "top": 95000.0, "right": -15000.0, "bottom": 100000.0, "row_index": 28, "col_index": 20 }, "geometry": { "type": "Point", "coordinates": [ 4.5899952, 52.3530671 ] } },
{ "type": "Feature", "properties": { "id": 1330, "left": -20000.0, "top": 90000.0, "right": -15000.0, "bottom": 95000.0, "row_index": 29, "col_index": 20 }, "geometry": { "type": "Point", "coordinates": [ 4.590291, 52.3081313 ] } },
{ "type": "Feature", "properties": { "id": 1331, "left": -20000.0, "top": 85000.0, "right": -15000.0, "bottom": 90000.0, "row_index": 30, "col_index": 20 }, "geometry": { "type": "Point", "coordinates": [ 4.590586, 52.2631951 ] } },
{ "type": "Feature", "properties": { "id": 1332, "left": -20000.0, "top": 80000.0, "right": -15000.0, "bottom": 85000.0, "row_index": 31, "col_index": 20 }, "geometry": { "type": "Point", "coordinates": [ 4.5908803, 52.2182585 ] } },
{ "type": "Feature", "properties": { "id": 1333, "left": -20000.0, "top": 75000.0, "right": -15000.0, "bottom": 80000.0, "row_index": 32, "col_index": 20 }, "geometry": { "type": "Point", "coordinates": [ 4.5911738, 52.1733216 ] } },
{ "type": "Feature", "properties": { "id": 1334, "left": -20000.0, "top": 70000.0, "right": -15000.0, "bottom": 75000.0, "row_index": 33, "col_index": 20 }, "geometry": { "type": "Point", "coordinates": [ 4.5914665, 52.1283844 ] } },
{ "type": "Feature", "properties": { "id": 1335, "left": -20000.0, "top": 65000.0, "right": -15000.0, "bottom": 70000.0, "row_index": 34, "col_index": 20 }, "geometry": { "type": "Point", "coordinates": [ 4.5917584, 52.0834468 ] } },
{ "type": "Feature", "properties": { "id": 1336, "left": -20000.0, "top": 60000.0, "right": -15000.0, "bottom": 65000.0, "row_index": 35, "col_index": 20 }, "geometry": { "type": "Point", "coordinates": [ 4.5920496, 52.0385088 ] } },
{ "type": "Feature", "properties": { "id": 1337, "left": -20000.0, "top": 55000.0, "right": -15000.0, "bottom": 60000.0, "row_index": 36, "col_index": 20 }, "geometry": { "type": "Point", "coordinates": [ 4.5923401, 51.9935706 ] } },
{ "type": "Feature", "properties": { "id": 1338, "left": -20000.0, "top": 50000.0, "right": -15000.0, "bottom": 55000.0, "row_index": 37, "col_index": 20 }, "geometry": { "type": "Point", "coordinates": [ 4.5926297, 51.9486319 ] } },
{ "type": "Feature", "properties": { "id": 1339, "left": -20000.0, "top": 45000.0, "right": -15000.0, "bottom": 50000.0, "row_index": 38, "col_index": 20 }, "geometry": { "type": "Point", "coordinates": [ 4.5929186, 51.903693 ] } },
{ "type": "Feature", "properties": { "id": 1340, "left": -20000.0, "top": 40000.0, "right": -15000.0, "bottom": 45000.0, "row_index": 39, "col_index": 20 }, "geometry": { "type": "Point", "coordinates": [ 4.5932068, 51.8587536 ] } },
{ "type": "Feature", "properties": { "id": 1341, "left": -20000.0, "top": 35000.0, "right": -15000.0, "bottom": 40000.0, "row_index": 40, "col_index": 20 }, "geometry": { "type": "Point", "coordinates": [ 4.5934942, 51.813814 ] } },
{ "type": "Feature", "properties": { "id": 1342, "left": -20000.0, "top": 30000.0, "right": -15000.0, "bottom": 35000.0, "row_index": 41, "col_index": 20 }, "geometry": { "type": "Point", "coordinates": [ 4.5937809, 51.768874 ] } },
{ "type": "Feature", "properties": { "id": 1343, "left": -20000.0, "top": 25000.0, "right": -15000.0, "bottom": 30000.0, "row_index": 42, "col_index": 20 }, "geometry": { "type": "Point", "coordinates": [ 4.5940668, 51.7239336 ] } },
{ "type": "Feature", "properties": { "id": 1344, "left": -20000.0, "top": 20000.0, "right": -15000.0, "bottom": 25000.0, "row_index": 43, "col_index": 20 }, "geometry": { "type": "Point", "coordinates": [ 4.5943519, 51.6789929 ] } },
{ "type": "Feature", "properties": { "id": 1345, "left": -20000.0, "top": 15000.0, "right": -15000.0, "bottom": 20000.0, "row_index": 44, "col_index": 20 }, "geometry": { "type": "Point", "coordinates": [ 4.5946364, 51.6340519 ] } },
{ "type": "Feature", "properties": { "id": 1346, "left": -20000.0, "top": 10000.0, "right": -15000.0, "bottom": 15000.0, "row_index": 45, "col_index": 20 }, "geometry": { "type": "Point", "coordinates": [ 4.5949201, 51.5891105 ] } },
{ "type": "Feature", "properties": { "id": 1347, "left": -20000.0, "top": 5000.0, "right": -15000.0, "bottom": 10000.0, "row_index": 46, "col_index": 20 }, "geometry": { "type": "Point", "coordinates": [ 4.595203, 51.5441687 ] } },
{ "type": "Feature", "properties": { "id": 1348, "left": -20000.0, "top": 0.0, "right": -15000.0, "bottom": 5000.0, "row_index": 47, "col_index": 20 }, "geometry": { "type": "Point", "coordinates": [ 4.5954852, 51.4992267 ] } },
{ "type": "Feature", "properties": { "id": 1349, "left": -20000.0, "top": -5000.0, "right": -15000.0, "bottom": 0.0, "row_index": 48, "col_index": 20 }, "geometry": { "type": "Point", "coordinates": [ 4.5957667, 51.4542842 ] } },
{ "type": "Feature", "properties": { "id": 1350, "left": -20000.0, "top": -10000.0, "right": -15000.0, "bottom": -5000.0, "row_index": 49, "col_index": 20 }, "geometry": { "type": "Point", "coordinates": [ 4.5960475, 51.4093415 ] } },
{ "type": "Feature", "properties": { "id": 1351, "left": -20000.0, "top": -15000.0, "right": -15000.0, "bottom": -10000.0, "row_index": 50, "col_index": 20 }, "geometry": { "type": "Point", "coordinates": [ 4.5963275, 51.3643983 ] } },
{ "type": "Feature", "properties": { "id": 1352, "left": -20000.0, "top": -20000.0, "right": -15000.0, "bottom": -15000.0, "row_index": 51, "col_index": 20 }, "geometry": { "type": "Point", "coordinates": [ 4.5966068, 51.3194549 ] } },
{ "type": "Feature", "properties": { "id": 1353, "left": -20000.0, "top": -25000.0, "right": -15000.0, "bottom": -20000.0, "row_index": 52, "col_index": 20 }, "geometry": { "type": "Point", "coordinates": [ 4.5968854, 51.274511 ] } },
{ "type": "Feature", "properties": { "id": 1354, "left": -20000.0, "top": -30000.0, "right": -15000.0, "bottom": -25000.0, "row_index": 53, "col_index": 20 }, "geometry": { "type": "Point", "coordinates": [ 4.5971633, 51.2295669 ] } },
{ "type": "Feature", "properties": { "id": 1355, "left": -20000.0, "top": -35000.0, "right": -15000.0, "bottom": -30000.0, "row_index": 54, "col_index": 20 }, "geometry": { "type": "Point", "coordinates": [ 4.5974404, 51.1846224 ] } },
{ "type": "Feature", "properties": { "id": 1356, "left": -20000.0, "top": -40000.0, "right": -15000.0, "bottom": -35000.0, "row_index": 55, "col_index": 20 }, "geometry": { "type": "Point", "coordinates": [ 4.5977169, 51.1396775 ] } },
{ "type": "Feature", "properties": { "id": 1357, "left": -20000.0, "top": -45000.0, "right": -15000.0, "bottom": -40000.0, "row_index": 56, "col_index": 20 }, "geometry": { "type": "Point", "coordinates": [ 4.5979926, 51.0947323 ] } },
{ "type": "Feature", "properties": { "id": 1358, "left": -20000.0, "top": -50000.0, "right": -15000.0, "bottom": -45000.0, "row_index": 57, "col_index": 20 }, "geometry": { "type": "Point", "coordinates": [ 4.5982676, 51.0497868 ] } },
{ "type": "Feature", "properties": { "id": 1359, "left": -20000.0, "top": -55000.0, "right": -15000.0, "bottom": -50000.0, "row_index": 58, "col_index": 20 }, "geometry": { "type": "Point", "coordinates": [ 4.5985419, 51.0048409 ] } },
{ "type": "Feature", "properties": { "id": 1360, "left": -20000.0, "top": -60000.0, "right": -15000.0, "bottom": -55000.0, "row_index": 59, "col_index": 20 }, "geometry": { "type": "Point", "coordinates": [ 4.5988155, 50.9598946 ] } },
{ "type": "Feature", "properties": { "id": 1361, "left": -20000.0, "top": -65000.0, "right": -15000.0, "bottom": -60000.0, "row_index": 60, "col_index": 20 }, "geometry": { "type": "Point", "coordinates": [ 4.5990884, 50.914948 ] } },
{ "type": "Feature", "properties": { "id": 1362, "left": -20000.0, "top": -70000.0, "right": -15000.0, "bottom": -65000.0, "row_index": 61, "col_index": 20 }, "geometry": { "type": "Point", "coordinates": [ 4.5993606, 50.8700011 ] } },
{ "type": "Feature", "properties": { "id": 1363, "left": -20000.0, "top": -75000.0, "right": -15000.0, "bottom": -70000.0, "row_index": 62, "col_index": 20 }, "geometry": { "type": "Point", "coordinates": [ 4.5996321, 50.8250538 ] } },
{ "type": "Feature", "properties": { "id": 1364, "left": -20000.0, "top": -80000.0, "right": -15000.0, "bottom": -75000.0, "row_index": 63, "col_index": 20 }, "geometry": { "type": "Point", "coordinates": [ 4.5999029, 50.7801061 ] } },
{ "type": "Feature", "properties": { "id": 1365, "left": -20000.0, "top": -85000.0, "right": -15000.0, "bottom": -80000.0, "row_index": 64, "col_index": 20 }, "geometry": { "type": "Point", "coordinates": [ 4.6001731, 50.7351581 ] } },
{ "type": "Feature", "properties": { "id": 1366, "left": -15000.0, "top": 235000.0, "right": -10000.0, "bottom": 240000.0, "row_index": 0, "col_index": 21 }, "geometry": { "type": "Point", "coordinates": [ 4.6569332, 53.6112936 ] } },
{ "type": "Feature", "properties": { "id": 1367, "left": -15000.0, "top": 230000.0, "right": -10000.0, "bottom": 235000.0, "row_index": 1, "col_index": 21 }, "geometry": { "type": "Point", "coordinates": [ 4.6571718, 53.5663671 ] } },
{ "type": "Feature", "properties": { "id": 1368, "left": -15000.0, "top": 225000.0, "right": -10000.0, "bottom": 230000.0, "row_index": 2, "col_index": 21 }, "geometry": { "type": "Point", "coordinates": [ 4.6574099, 53.5214403 ] } },
{ "type": "Feature", "properties": { "id": 1369, "left": -15000.0, "top": 220000.0, "right": -10000.0, "bottom": 225000.0, "row_index": 3, "col_index": 21 }, "geometry": { "type": "Point", "coordinates": [ 4.6576473, 53.4765132 ] } },
{ "type": "Feature", "properties": { "id": 1370, "left": -15000.0, "top": 215000.0, "right": -10000.0, "bottom": 220000.0, "row_index": 4, "col_index": 21 }, "geometry": { "type": "Point", "coordinates": [ 4.657884, 53.4315857 ] } },
{ "type": "Feature", "properties": { "id": 1371, "left": -15000.0, "top": 210000.0, "right": -10000.0, "bottom": 215000.0, "row_index": 5, "col_index": 21 }, "geometry": { "type": "Point", "coordinates": [ 4.6581202, 53.3866579 ] } },
{ "type": "Feature", "properties": { "id": 1372, "left": -15000.0, "top": 205000.0, "right": -10000.0, "bottom": 210000.0, "row_index": 6, "col_index": 21 }, "geometry": { "type": "Point", "coordinates": [ 4.6583556, 53.3417297 ] } },
{ "type": "Feature", "properties": { "id": 1373, "left": -15000.0, "top": 200000.0, "right": -10000.0, "bottom": 205000.0, "row_index": 7, "col_index": 21 }, "geometry": { "type": "Point", "coordinates": [ 4.6585905, 53.2968012 ] } },
{ "type": "Feature", "properties": { "id": 1374, "left": -15000.0, "top": 195000.0, "right": -10000.0, "bottom": 200000.0, "row_index": 8, "col_index": 21 }, "geometry": { "type": "Point", "coordinates": [ 4.6588247, 53.2518724 ] } },
{ "type": "Feature", "properties": { "id": 1375, "left": -15000.0, "top": 190000.0, "right": -10000.0, "bottom": 195000.0, "row_index": 9, "col_index": 21 }, "geometry": { "type": "Point", "coordinates": [ 4.6590583, 53.2069432 ] } },
{ "type": "Feature", "properties": { "id": 1376, "left": -15000.0, "top": 185000.0, "right": -10000.0, "bottom": 190000.0, "row_index": 10, "col_index": 21 }, "geometry": { "type": "Point", "coordinates": [ 4.6592913, 53.1620137 ] } },
{ "type": "Feature", "properties": { "id": 1377, "left": -15000.0, "top": 180000.0, "right": -10000.0, "bottom": 185000.0, "row_index": 11, "col_index": 21 }, "geometry": { "type": "Point", "coordinates": [ 4.6595236, 53.1170838 ] } },
{ "type": "Feature", "properties": { "id": 1378, "left": -15000.0, "top": 175000.0, "right": -10000.0, "bottom": 180000.0, "row_index": 12, "col_index": 21 }, "geometry": { "type": "Point", "coordinates": [ 4.6597553, 53.0721536 ] } },
{ "type": "Feature", "properties": { "id": 1379, "left": -15000.0, "top": 170000.0, "right": -10000.0, "bottom": 175000.0, "row_index": 13, "col_index": 21 }, "geometry": { "type": "Point", "coordinates": [ 4.6599865, 53.0272231 ] } },
{ "type": "Feature", "properties": { "id": 1380, "left": -15000.0, "top": 165000.0, "right": -10000.0, "bottom": 170000.0, "row_index": 14, "col_index": 21 }, "geometry": { "type": "Point", "coordinates": [ 4.6602169, 52.9822922 ] } },
{ "type": "Feature", "properties": { "id": 1381, "left": -15000.0, "top": 160000.0, "right": -10000.0, "bottom": 165000.0, "row_index": 15, "col_index": 21 }, "geometry": { "type": "Point", "coordinates": [ 4.6604468, 52.937361 ] } },
{ "type": "Feature", "properties": { "id": 1382, "left": -15000.0, "top": 155000.0, "right": -10000.0, "bottom": 160000.0, "row_index": 16, "col_index": 21 }, "geometry": { "type": "Point", "coordinates": [ 4.6606761, 52.8924294 ] } },
{ "type": "Feature", "properties": { "id": 1383, "left": -15000.0, "top": 150000.0, "right": -10000.0, "bottom": 155000.0, "row_index": 17, "col_index": 21 }, "geometry": { "type": "Point", "coordinates": [ 4.6609047, 52.8474975 ] } },
{ "type": "Feature", "properties": { "id": 1384, "left": -15000.0, "top": 145000.0, "right": -10000.0, "bottom": 150000.0, "row_index": 18, "col_index": 21 }, "geometry": { "type": "Point", "coordinates": [ 4.6611328, 52.8025652 ] } },
{ "type": "Feature", "properties": { "id": 1385, "left": -15000.0, "top": 140000.0, "right": -10000.0, "bottom": 145000.0, "row_index": 19, "col_index": 21 }, "geometry": { "type": "Point", "coordinates": [ 4.6613602, 52.7576326 ] } },
{ "type": "Feature", "properties": { "id": 1386, "left": -15000.0, "top": 135000.0, "right": -10000.0, "bottom": 140000.0, "row_index": 20, "col_index": 21 }, "geometry": { "type": "Point", "coordinates": [ 4.661587, 52.7126997 ] } },
{ "type": "Feature", "properties": { "id": 1387, "left": -15000.0, "top": 130000.0, "right": -10000.0, "bottom": 135000.0, "row_index": 21, "col_index": 21 }, "geometry": { "type": "Point", "coordinates": [ 4.6618133, 52.6677664 ] } },
{ "type": "Feature", "properties": { "id": 1388, "left": -15000.0, "top": 125000.0, "right": -10000.0, "bottom": 130000.0, "row_index": 22, "col_index": 21 }, "geometry": { "type": "Point", "coordinates": [ 4.6620389, 52.6228328 ] } },
{ "type": "Feature", "properties": { "id": 1389, "left": -15000.0, "top": 120000.0, "right": -10000.0, "bottom": 125000.0, "row_index": 23, "col_index": 21 }, "geometry": { "type": "Point", "coordinates": [ 4.6622639, 52.5778988 ] } },
{ "type": "Feature", "properties": { "id": 1390, "left": -15000.0, "top": 115000.0, "right": -10000.0, "bottom": 120000.0, "row_index": 24, "col_index": 21 }, "geometry": { "type": "Point", "coordinates": [ 4.6624884, 52.5329645 ] } },
{ "type": "Feature", "properties": { "id": 1391, "left": -15000.0, "top": 110000.0, "right": -10000.0, "bottom": 115000.0, "row_index": 25, "col_index": 21 }, "geometry": { "type": "Point", "coordinates": [ 4.6627122, 52.4880299 ] } },
{ "type": "Feature", "properties": { "id": 1392, "left": -15000.0, "top": 105000.0, "right": -10000.0, "bottom": 110000.0, "row_index": 26, "col_index": 21 }, "geometry": { "type": "Point", "coordinates": [ 4.6629355, 52.4430949 ] } },
{ "type": "Feature", "properties": { "id": 1393, "left": -15000.0, "top": 100000.0, "right": -10000.0, "bottom": 105000.0, "row_index": 27, "col_index": 21 }, "geometry": { "type": "Point", "coordinates": [ 4.6631581, 52.3981595 ] } },
{ "type": "Feature", "properties": { "id": 1394, "left": -15000.0, "top": 95000.0, "right": -10000.0, "bottom": 100000.0, "row_index": 28, "col_index": 21 }, "geometry": { "type": "Point", "coordinates": [ 4.6633802, 52.3532239 ] } },
{ "type": "Feature", "properties": { "id": 1395, "left": -15000.0, "top": 90000.0, "right": -10000.0, "bottom": 95000.0, "row_index": 29, "col_index": 21 }, "geometry": { "type": "Point", "coordinates": [ 4.6636017, 52.3082878 ] } },
{ "type": "Feature", "properties": { "id": 1396, "left": -15000.0, "top": 85000.0, "right": -10000.0, "bottom": 90000.0, "row_index": 30, "col_index": 21 }, "geometry": { "type": "Point", "coordinates": [ 4.6638226, 52.2633515 ] } },
{ "type": "Feature", "properties": { "id": 1397, "left": -15000.0, "top": 80000.0, "right": -10000.0, "bottom": 85000.0, "row_index": 31, "col_index": 21 }, "geometry": { "type": "Point", "coordinates": [ 4.664043, 52.2184148 ] } },
{ "type": "Feature", "properties": { "id": 1398, "left": -15000.0, "top": 75000.0, "right": -10000.0, "bottom": 80000.0, "row_index": 32, "col_index": 21 }, "geometry": { "type": "Point", "coordinates": [ 4.6642627, 52.1734777 ] } },
{ "type": "Feature", "properties": { "id": 1399, "left": -15000.0, "top": 70000.0, "right": -10000.0, "bottom": 75000.0, "row_index": 33, "col_index": 21 }, "geometry": { "type": "Point", "coordinates": [ 4.6644819, 52.1285403 ] } },
{ "type": "Feature", "properties": { "id": 1400, "left": -15000.0, "top": 65000.0, "right": -10000.0, "bottom": 70000.0, "row_index": 34, "col_index": 21 }, "geometry": { "type": "Point", "coordinates": [ 4.6647005, 52.0836026 ] } },
{ "type": "Feature", "properties": { "id": 1401, "left": -15000.0, "top": 60000.0, "right": -10000.0, "bottom": 65000.0, "row_index": 35, "col_index": 21 }, "geometry": { "type": "Point", "coordinates": [ 4.6649185, 52.0386645 ] } },
{ "type": "Feature", "properties": { "id": 1402, "left": -15000.0, "top": 55000.0, "right": -10000.0, "bottom": 60000.0, "row_index": 36, "col_index": 21 }, "geometry": { "type": "Point", "coordinates": [ 4.665136, 51.993726 ] } },
{ "type": "Feature", "properties": { "id": 1403, "left": -15000.0, "top": 50000.0, "right": -10000.0, "bottom": 55000.0, "row_index": 37, "col_index": 21 }, "geometry": { "type": "Point", "coordinates": [ 4.6653529, 51.9487873 ] } },
{ "type": "Feature", "properties": { "id": 1404, "left": -15000.0, "top": 45000.0, "right": -10000.0, "bottom": 50000.0, "row_index": 38, "col_index": 21 }, "geometry": { "type": "Point", "coordinates": [ 4.6655692, 51.9038481 ] } },
{ "type": "Feature", "properties": { "id": 1405, "left": -15000.0, "top": 40000.0, "right": -10000.0, "bottom": 45000.0, "row_index": 39, "col_index": 21 }, "geometry": { "type": "Point", "coordinates": [ 4.6657849, 51.8589087 ] } },
{ "type": "Feature", "properties": { "id": 1406, "left": -15000.0, "top": 35000.0, "right": -10000.0, "bottom": 40000.0, "row_index": 40, "col_index": 21 }, "geometry": { "type": "Point", "coordinates": [ 4.6660001, 51.8139689 ] } },
{ "type": "Feature", "properties": { "id": 1407, "left": -15000.0, "top": 30000.0, "right": -10000.0, "bottom": 35000.0, "row_index": 41, "col_index": 21 }, "geometry": { "type": "Point", "coordinates": [ 4.6662148, 51.7690287 ] } },
{ "type": "Feature", "properties": { "id": 1408, "left": -15000.0, "top": 25000.0, "right": -10000.0, "bottom": 30000.0, "row_index": 42, "col_index": 21 }, "geometry": { "type": "Point", "coordinates": [ 4.6664288, 51.7240882 ] } },
{ "type": "Feature", "properties": { "id": 1409, "left": -15000.0, "top": 20000.0, "right": -10000.0, "bottom": 25000.0, "row_index": 43, "col_index": 21 }, "geometry": { "type": "Point", "coordinates": [ 4.6666424, 51.6791473 ] } },
{ "type": "Feature", "properties": { "id": 1410, "left": -15000.0, "top": 15000.0, "right": -10000.0, "bottom": 20000.0, "row_index": 44, "col_index": 21 }, "geometry": { "type": "Point", "coordinates": [ 4.6668553, 51.6342061 ] } },
{ "type": "Feature", "properties": { "id": 1411, "left": -15000.0, "top": 10000.0, "right": -10000.0, "bottom": 15000.0, "row_index": 45, "col_index": 21 }, "geometry": { "type": "Point", "coordinates": [ 4.6670677, 51.5892646 ] } },
{ "type": "Feature", "properties": { "id": 1412, "left": -15000.0, "top": 5000.0, "right": -10000.0, "bottom": 10000.0, "row_index": 46, "col_index": 21 }, "geometry": { "type": "Point", "coordinates": [ 4.6672796, 51.5443227 ] } },
{ "type": "Feature", "properties": { "id": 1413, "left": -15000.0, "top": 0.0, "right": -10000.0, "bottom": 5000.0, "row_index": 47, "col_index": 21 }, "geometry": { "type": "Point", "coordinates": [ 4.6674909, 51.4993805 ] } },
{ "type": "Feature", "properties": { "id": 1414, "left": -15000.0, "top": -5000.0, "right": -10000.0, "bottom": 0.0, "row_index": 48, "col_index": 21 }, "geometry": { "type": "Point", "coordinates": [ 4.6677017, 51.4544379 ] } },
{ "type": "Feature", "properties": { "id": 1415, "left": -15000.0, "top": -10000.0, "right": -10000.0, "bottom": -5000.0, "row_index": 49, "col_index": 21 }, "geometry": { "type": "Point", "coordinates": [ 4.6679119, 51.409495 ] } },
{ "type": "Feature", "properties": { "id": 1416, "left": -15000.0, "top": -15000.0, "right": -10000.0, "bottom": -10000.0, "row_index": 50, "col_index": 21 }, "geometry": { "type": "Point", "coordinates": [ 4.6681215, 51.3645517 ] } },
{ "type": "Feature", "properties": { "id": 1417, "left": -15000.0, "top": -20000.0, "right": -10000.0, "bottom": -15000.0, "row_index": 51, "col_index": 21 }, "geometry": { "type": "Point", "coordinates": [ 4.6683307, 51.3196081 ] } },
{ "type": "Feature", "properties": { "id": 1418, "left": -15000.0, "top": -25000.0, "right": -10000.0, "bottom": -20000.0, "row_index": 52, "col_index": 21 }, "geometry": { "type": "Point", "coordinates": [ 4.6685392, 51.2746641 ] } },
{ "type": "Feature", "properties": { "id": 1419, "left": -15000.0, "top": -30000.0, "right": -10000.0, "bottom": -25000.0, "row_index": 53, "col_index": 21 }, "geometry": { "type": "Point", "coordinates": [ 4.6687473, 51.2297198 ] } },
{ "type": "Feature", "properties": { "id": 1420, "left": -15000.0, "top": -35000.0, "right": -10000.0, "bottom": -30000.0, "row_index": 54, "col_index": 21 }, "geometry": { "type": "Point", "coordinates": [ 4.6689548, 51.1847751 ] } },
{ "type": "Feature", "properties": { "id": 1421, "left": -15000.0, "top": -40000.0, "right": -10000.0, "bottom": -35000.0, "row_index": 55, "col_index": 21 }, "geometry": { "type": "Point", "coordinates": [ 4.6691618, 51.1398301 ] } },
{ "type": "Feature", "properties": { "id": 1422, "left": -15000.0, "top": -45000.0, "right": -10000.0, "bottom": -40000.0, "row_index": 56, "col_index": 21 }, "geometry": { "type": "Point", "coordinates": [ 4.6693682, 51.0948848 ] } },
{ "type": "Feature", "properties": { "id": 1423, "left": -15000.0, "top": -50000.0, "right": -10000.0, "bottom": -45000.0, "row_index": 57, "col_index": 21 }, "geometry": { "type": "Point", "coordinates": [ 4.6695741, 51.0499391 ] } },
{ "type": "Feature", "properties": { "id": 1424, "left": -15000.0, "top": -55000.0, "right": -10000.0, "bottom": -50000.0, "row_index": 58, "col_index": 21 }, "geometry": { "type": "Point", "coordinates": [ 4.6697795, 51.004993 ] } },
{ "type": "Feature", "properties": { "id": 1425, "left": -15000.0, "top": -60000.0, "right": -10000.0, "bottom": -55000.0, "row_index": 59, "col_index": 21 }, "geometry": { "type": "Point", "coordinates": [ 4.6699844, 50.9600466 ] } },
{ "type": "Feature", "properties": { "id": 1426, "left": -15000.0, "top": -65000.0, "right": -10000.0, "bottom": -60000.0, "row_index": 60, "col_index": 21 }, "geometry": { "type": "Point", "coordinates": [ 4.6701887, 50.9150999 ] } },
{ "type": "Feature", "properties": { "id": 1427, "left": -15000.0, "top": -70000.0, "right": -10000.0, "bottom": -65000.0, "row_index": 61, "col_index": 21 }, "geometry": { "type": "Point", "coordinates": [ 4.6703925, 50.8701528 ] } },
{ "type": "Feature", "properties": { "id": 1428, "left": -15000.0, "top": -75000.0, "right": -10000.0, "bottom": -70000.0, "row_index": 62, "col_index": 21 }, "geometry": { "type": "Point", "coordinates": [ 4.6705958, 50.8252054 ] } },
{ "type": "Feature", "properties": { "id": 1429, "left": -15000.0, "top": -80000.0, "right": -10000.0, "bottom": -75000.0, "row_index": 63, "col_index": 21 }, "geometry": { "type": "Point", "coordinates": [ 4.6707986, 50.7802576 ] } },
{ "type": "Feature", "properties": { "id": 1430, "left": -15000.0, "top": -85000.0, "right": -10000.0, "bottom": -80000.0, "row_index": 64, "col_index": 21 }, "geometry": { "type": "Point", "coordinates": [ 4.6710008, 50.7353094 ] } },
{ "type": "Feature", "properties": { "id": 1431, "left": -10000.0, "top": 235000.0, "right": -5000.0, "bottom": 240000.0, "row_index": 0, "col_index": 22 }, "geometry": { "type": "Point", "coordinates": [ 4.732482, 53.6114085 ] } },
{ "type": "Feature", "properties": { "id": 1432, "left": -10000.0, "top": 230000.0, "right": -5000.0, "bottom": 235000.0, "row_index": 1, "col_index": 22 }, "geometry": { "type": "Point", "coordinates": [ 4.7326406, 53.5664819 ] } },
{ "type": "Feature", "properties": { "id": 1433, "left": -10000.0, "top": 225000.0, "right": -5000.0, "bottom": 230000.0, "row_index": 2, "col_index": 22 }, "geometry": { "type": "Point", "coordinates": [ 4.7327987, 53.521555 ] } },
{ "type": "Feature", "properties": { "id": 1434, "left": -10000.0, "top": 220000.0, "right": -5000.0, "bottom": 225000.0, "row_index": 3, "col_index": 22 }, "geometry": { "type": "Point", "coordinates": [ 4.7329565, 53.4766277 ] } },
{ "type": "Feature", "properties": { "id": 1435, "left": -10000.0, "top": 215000.0, "right": -5000.0, "bottom": 220000.0, "row_index": 4, "col_index": 22 }, "geometry": { "type": "Point", "coordinates": [ 4.7331138, 53.4317001 ] } },
{ "type": "Feature", "properties": { "id": 1436, "left": -10000.0, "top": 210000.0, "right": -5000.0, "bottom": 215000.0, "row_index": 5, "col_index": 22 }, "geometry": { "type": "Point", "coordinates": [ 4.7332707, 53.3867722 ] } },
{ "type": "Feature", "properties": { "id": 1437, "left": -10000.0, "top": 205000.0, "right": -5000.0, "bottom": 210000.0, "row_index": 6, "col_index": 22 }, "geometry": { "type": "Point", "coordinates": [ 4.7334272, 53.3418439 ] } },
{ "type": "Feature", "properties": { "id": 1438, "left": -10000.0, "top": 200000.0, "right": -5000.0, "bottom": 205000.0, "row_index": 7, "col_index": 22 }, "geometry": { "type": "Point", "coordinates": [ 4.7335832, 53.2969153 ] } },
{ "type": "Feature", "properties": { "id": 1439, "left": -10000.0, "top": 195000.0, "right": -5000.0, "bottom": 200000.0, "row_index": 8, "col_index": 22 }, "geometry": { "type": "Point", "coordinates": [ 4.7337388, 53.2519864 ] } },
{ "type": "Feature", "properties": { "id": 1440, "left": -10000.0, "top": 190000.0, "right": -5000.0, "bottom": 195000.0, "row_index": 9, "col_index": 22 }, "geometry": { "type": "Point", "coordinates": [ 4.7338941, 53.2070571 ] } },
{ "type": "Feature", "properties": { "id": 1441, "left": -10000.0, "top": 185000.0, "right": -5000.0, "bottom": 190000.0, "row_index": 10, "col_index": 22 }, "geometry": { "type": "Point", "coordinates": [ 4.7340489, 53.1621274 ] } },
{ "type": "Feature", "properties": { "id": 1442, "left": -10000.0, "top": 180000.0, "right": -5000.0, "bottom": 185000.0, "row_index": 11, "col_index": 22 }, "geometry": { "type": "Point", "coordinates": [ 4.7342032, 53.1171974 ] } },
{ "type": "Feature", "properties": { "id": 1443, "left": -10000.0, "top": 175000.0, "right": -5000.0, "bottom": 180000.0, "row_index": 12, "col_index": 22 }, "geometry": { "type": "Point", "coordinates": [ 4.7343572, 53.0722671 ] } },
{ "type": "Feature", "properties": { "id": 1444, "left": -10000.0, "top": 170000.0, "right": -5000.0, "bottom": 175000.0, "row_index": 13, "col_index": 22 }, "geometry": { "type": "Point", "coordinates": [ 4.7345108, 53.0273365 ] } },
{ "type": "Feature", "properties": { "id": 1445, "left": -10000.0, "top": 165000.0, "right": -5000.0, "bottom": 170000.0, "row_index": 14, "col_index": 22 }, "geometry": { "type": "Point", "coordinates": [ 4.7346639, 52.9824055 ] } },
{ "type": "Feature", "properties": { "id": 1446, "left": -10000.0, "top": 160000.0, "right": -5000.0, "bottom": 165000.0, "row_index": 15, "col_index": 22 }, "geometry": { "type": "Point", "coordinates": [ 4.7348167, 52.9374741 ] } },
{ "type": "Feature", "properties": { "id": 1447, "left": -10000.0, "top": 155000.0, "right": -5000.0, "bottom": 160000.0, "row_index": 16, "col_index": 22 }, "geometry": { "type": "Point", "coordinates": [ 4.734969, 52.8925424 ] } },
{ "type": "Feature", "properties": { "id": 1448, "left": -10000.0, "top": 150000.0, "right": -5000.0, "bottom": 155000.0, "row_index": 17, "col_index": 22 }, "geometry": { "type": "Point", "coordinates": [ 4.7351209, 52.8476104 ] } },
{ "type": "Feature", "properties": { "id": 1449, "left": -10000.0, "top": 145000.0, "right": -5000.0, "bottom": 150000.0, "row_index": 18, "col_index": 22 }, "geometry": { "type": "Point", "coordinates": [ 4.7352724, 52.802678 ] } },
{ "type": "Feature", "properties": { "id": 1450, "left": -10000.0, "top": 140000.0, "right": -5000.0, "bottom": 145000.0, "row_index": 19, "col_index": 22 }, "geometry": { "type": "Point", "coordinates": [ 4.7354236, 52.7577453 ] } },
{ "type": "Feature", "properties": { "id": 1451, "left": -10000.0, "top": 135000.0, "right": -5000.0, "bottom": 140000.0, "row_index": 20, "col_index": 22 }, "geometry": { "type": "Point", "coordinates": [ 4.7355743, 52.7128123 ] } },
{ "type": "Feature", "properties": { "id": 1452, "left": -10000.0, "top": 130000.0, "right": -5000.0, "bottom": 135000.0, "row_index": 21, "col_index": 22 }, "geometry": { "type": "Point", "coordinates": [ 4.7357246, 52.6678789 ] } },
{ "type": "Feature", "properties": { "id": 1453, "left": -10000.0, "top": 125000.0, "right": -5000.0, "bottom": 130000.0, "row_index": 22, "col_index": 22 }, "geometry": { "type": "Point", "coordinates": [ 4.7358745, 52.6229452 ] } },
{ "type": "Feature", "properties": { "id": 1454, "left": -10000.0, "top": 120000.0, "right": -5000.0, "bottom": 125000.0, "row_index": 23, "col_index": 22 }, "geometry": { "type": "Point", "coordinates": [ 4.736024, 52.5780111 ] } },
{ "type": "Feature", "properties": { "id": 1455, "left": -10000.0, "top": 115000.0, "right": -5000.0, "bottom": 120000.0, "row_index": 24, "col_index": 22 }, "geometry": { "type": "Point", "coordinates": [ 4.7361732, 52.5330767 ] } },
{ "type": "Feature", "properties": { "id": 1456, "left": -10000.0, "top": 110000.0, "right": -5000.0, "bottom": 115000.0, "row_index": 25, "col_index": 22 }, "geometry": { "type": "Point", "coordinates": [ 4.7363219, 52.4881419 ] } },
{ "type": "Feature", "properties": { "id": 1457, "left": -10000.0, "top": 105000.0, "right": -5000.0, "bottom": 110000.0, "row_index": 26, "col_index": 22 }, "geometry": { "type": "Point", "coordinates": [ 4.7364702, 52.4432068 ] } },
{ "type": "Feature", "properties": { "id": 1458, "left": -10000.0, "top": 100000.0, "right": -5000.0, "bottom": 105000.0, "row_index": 27, "col_index": 22 }, "geometry": { "type": "Point", "coordinates": [ 4.7366182, 52.3982713 ] } },
{ "type": "Feature", "properties": { "id": 1459, "left": -10000.0, "top": 95000.0, "right": -5000.0, "bottom": 100000.0, "row_index": 28, "col_index": 22 }, "geometry": { "type": "Point", "coordinates": [ 4.7367657, 52.3533355 ] } },
{ "type": "Feature", "properties": { "id": 1460, "left": -10000.0, "top": 90000.0, "right": -5000.0, "bottom": 95000.0, "row_index": 29, "col_index": 22 }, "geometry": { "type": "Point", "coordinates": [ 4.7369129, 52.3083994 ] } },
{ "type": "Feature", "properties": { "id": 1461, "left": -10000.0, "top": 85000.0, "right": -5000.0, "bottom": 90000.0, "row_index": 30, "col_index": 22 }, "geometry": { "type": "Point", "coordinates": [ 4.7370597, 52.2634629 ] } },
{ "type": "Feature", "properties": { "id": 1462, "left": -10000.0, "top": 80000.0, "right": -5000.0, "bottom": 85000.0, "row_index": 31, "col_index": 22 }, "geometry": { "type": "Point", "coordinates": [ 4.7372061, 52.2185261 ] } },
{ "type": "Feature", "properties": { "id": 1463, "left": -10000.0, "top": 75000.0, "right": -5000.0, "bottom": 80000.0, "row_index": 32, "col_index": 22 }, "geometry": { "type": "Point", "coordinates": [ 4.7373521, 52.1735889 ] } },
{ "type": "Feature", "properties": { "id": 1464, "left": -10000.0, "top": 70000.0, "right": -5000.0, "bottom": 75000.0, "row_index": 33, "col_index": 22 }, "geometry": { "type": "Point", "coordinates": [ 4.7374977, 52.1286514 ] } },
{ "type": "Feature", "properties": { "id": 1465, "left": -10000.0, "top": 65000.0, "right": -5000.0, "bottom": 70000.0, "row_index": 34, "col_index": 22 }, "geometry": { "type": "Point", "coordinates": [ 4.737643, 52.0837136 ] } },
{ "type": "Feature", "properties": { "id": 1466, "left": -10000.0, "top": 60000.0, "right": -5000.0, "bottom": 65000.0, "row_index": 35, "col_index": 22 }, "geometry": { "type": "Point", "coordinates": [ 4.7377878, 52.0387754 ] } },
{ "type": "Feature", "properties": { "id": 1467, "left": -10000.0, "top": 55000.0, "right": -5000.0, "bottom": 60000.0, "row_index": 36, "col_index": 22 }, "geometry": { "type": "Point", "coordinates": [ 4.7379323, 51.9938368 ] } },
{ "type": "Feature", "properties": { "id": 1468, "left": -10000.0, "top": 50000.0, "right": -5000.0, "bottom": 55000.0, "row_index": 37, "col_index": 22 }, "geometry": { "type": "Point", "coordinates": [ 4.7380764, 51.948898 ] } },
{ "type": "Feature", "properties": { "id": 1469, "left": -10000.0, "top": 45000.0, "right": -5000.0, "bottom": 50000.0, "row_index": 38, "col_index": 22 }, "geometry": { "type": "Point", "coordinates": [ 4.7382202, 51.9039587 ] } },
{ "type": "Feature", "properties": { "id": 1470, "left": -10000.0, "top": 40000.0, "right": -5000.0, "bottom": 45000.0, "row_index": 39, "col_index": 22 }, "geometry": { "type": "Point", "coordinates": [ 4.7383635, 51.8590191 ] } },
{ "type": "Feature", "properties": { "id": 1471, "left": -10000.0, "top": 35000.0, "right": -5000.0, "bottom": 40000.0, "row_index": 40, "col_index": 22 }, "geometry": { "type": "Point", "coordinates": [ 4.7385065, 51.8140792 ] } },
{ "type": "Feature", "properties": { "id": 1472, "left": -10000.0, "top": 30000.0, "right": -5000.0, "bottom": 35000.0, "row_index": 41, "col_index": 22 }, "geometry": { "type": "Point", "coordinates": [ 4.7386491, 51.769139 ] } },
{ "type": "Feature", "properties": { "id": 1473, "left": -10000.0, "top": 25000.0, "right": -5000.0, "bottom": 30000.0, "row_index": 42, "col_index": 22 }, "geometry": { "type": "Point", "coordinates": [ 4.7387913, 51.7241983 ] } },
{ "type": "Feature", "properties": { "id": 1474, "left": -10000.0, "top": 20000.0, "right": -5000.0, "bottom": 25000.0, "row_index": 43, "col_index": 22 }, "geometry": { "type": "Point", "coordinates": [ 4.7389332, 51.6792574 ] } },
{ "type": "Feature", "properties": { "id": 1475, "left": -10000.0, "top": 15000.0, "right": -5000.0, "bottom": 20000.0, "row_index": 44, "col_index": 22 }, "geometry": { "type": "Point", "coordinates": [ 4.7390747, 51.6343161 ] } },
{ "type": "Feature", "properties": { "id": 1476, "left": -10000.0, "top": 10000.0, "right": -5000.0, "bottom": 15000.0, "row_index": 45, "col_index": 22 }, "geometry": { "type": "Point", "coordinates": [ 4.7392158, 51.5893744 ] } },
{ "type": "Feature", "properties": { "id": 1477, "left": -10000.0, "top": 5000.0, "right": -5000.0, "bottom": 10000.0, "row_index": 46, "col_index": 22 }, "geometry": { "type": "Point", "coordinates": [ 4.7393566, 51.5444324 ] } },
{ "type": "Feature", "properties": { "id": 1478, "left": -10000.0, "top": 0.0, "right": -5000.0, "bottom": 5000.0, "row_index": 47, "col_index": 22 }, "geometry": { "type": "Point", "coordinates": [ 4.739497, 51.4994901 ] } },
{ "type": "Feature", "properties": { "id": 1479, "left": -10000.0, "top": -5000.0, "right": -5000.0, "bottom": 0.0, "row_index": 48, "col_index": 22 }, "geometry": { "type": "Point", "coordinates": [ 4.739637, 51.4545474 ] } },
{ "type": "Feature", "properties": { "id": 1480, "left": -10000.0, "top": -10000.0, "right": -5000.0, "bottom": -5000.0, "row_index": 49, "col_index": 22 }, "geometry": { "type": "Point", "coordinates": [ 4.7397767, 51.4096044 ] } },
{ "type": "Feature", "properties": { "id": 1481, "left": -10000.0, "top": -15000.0, "right": -5000.0, "bottom": -10000.0, "row_index": 50, "col_index": 22 }, "geometry": { "type": "Point", "coordinates": [ 4.739916, 51.364661 ] } },
{ "type": "Feature", "properties": { "id": 1482, "left": -10000.0, "top": -20000.0, "right": -5000.0, "bottom": -15000.0, "row_index": 51, "col_index": 22 }, "geometry": { "type": "Point", "coordinates": [ 4.7400549, 51.3197173 ] } },
{ "type": "Feature", "properties": { "id": 1483, "left": -10000.0, "top": -25000.0, "right": -5000.0, "bottom": -20000.0, "row_index": 52, "col_index": 22 }, "geometry": { "type": "Point", "coordinates": [ 4.7401935, 51.2747732 ] } },
{ "type": "Feature", "properties": { "id": 1484, "left": -10000.0, "top": -30000.0, "right": -5000.0, "bottom": -25000.0, "row_index": 53, "col_index": 22 }, "geometry": { "type": "Point", "coordinates": [ 4.7403317, 51.2298288 ] } },
{ "type": "Feature", "properties": { "id": 1485, "left": -10000.0, "top": -35000.0, "right": -5000.0, "bottom": -30000.0, "row_index": 54, "col_index": 22 }, "geometry": { "type": "Point", "coordinates": [ 4.7404696, 51.184884 ] } },
{ "type": "Feature", "properties": { "id": 1486, "left": -10000.0, "top": -40000.0, "right": -5000.0, "bottom": -35000.0, "row_index": 55, "col_index": 22 }, "geometry": { "type": "Point", "coordinates": [ 4.7406071, 51.1399389 ] } },
{ "type": "Feature", "properties": { "id": 1487, "left": -10000.0, "top": -45000.0, "right": -5000.0, "bottom": -40000.0, "row_index": 56, "col_index": 22 }, "geometry": { "type": "Point", "coordinates": [ 4.7407443, 51.0949934 ] } },
{ "type": "Feature", "properties": { "id": 1488, "left": -10000.0, "top": -50000.0, "right": -5000.0, "bottom": -45000.0, "row_index": 57, "col_index": 22 }, "geometry": { "type": "Point", "coordinates": [ 4.7408811, 51.0500476 ] } },
{ "type": "Feature", "properties": { "id": 1489, "left": -10000.0, "top": -55000.0, "right": -5000.0, "bottom": -50000.0, "row_index": 58, "col_index": 22 }, "geometry": { "type": "Point", "coordinates": [ 4.7410176, 51.0051015 ] } },
{ "type": "Feature", "properties": { "id": 1490, "left": -10000.0, "top": -60000.0, "right": -5000.0, "bottom": -55000.0, "row_index": 59, "col_index": 22 }, "geometry": { "type": "Point", "coordinates": [ 4.7411537, 50.960155 ] } },
{ "type": "Feature", "properties": { "id": 1491, "left": -10000.0, "top": -65000.0, "right": -5000.0, "bottom": -60000.0, "row_index": 60, "col_index": 22 }, "geometry": { "type": "Point", "coordinates": [ 4.7412894, 50.9152081 ] } },
{ "type": "Feature", "properties": { "id": 1492, "left": -10000.0, "top": -70000.0, "right": -5000.0, "bottom": -65000.0, "row_index": 61, "col_index": 22 }, "geometry": { "type": "Point", "coordinates": [ 4.7414248, 50.8702609 ] } },
{ "type": "Feature", "properties": { "id": 1493, "left": -10000.0, "top": -75000.0, "right": -5000.0, "bottom": -70000.0, "row_index": 62, "col_index": 22 }, "geometry": { "type": "Point", "coordinates": [ 4.7415599, 50.8253134 ] } },
{ "type": "Feature", "properties": { "id": 1494, "left": -10000.0, "top": -80000.0, "right": -5000.0, "bottom": -75000.0, "row_index": 63, "col_index": 22 }, "geometry": { "type": "Point", "coordinates": [ 4.7416946, 50.7803655 ] } },
{ "type": "Feature", "properties": { "id": 1495, "left": -10000.0, "top": -85000.0, "right": -5000.0, "bottom": -80000.0, "row_index": 64, "col_index": 22 }, "geometry": { "type": "Point", "coordinates": [ 4.741829, 50.7354173 ] } },
{ "type": "Feature", "properties": { "id": 1496, "left": -5000.0, "top": 235000.0, "right": 0.0, "bottom": 240000.0, "row_index": 0, "col_index": 23 }, "geometry": { "type": "Point", "coordinates": [ 4.8080311, 53.611477 ] } },
{ "type": "Feature", "properties": { "id": 1497, "left": -5000.0, "top": 230000.0, "right": 0.0, "bottom": 235000.0, "row_index": 1, "col_index": 23 }, "geometry": { "type": "Point", "coordinates": [ 4.8081096, 53.5665504 ] } },
{ "type": "Feature", "properties": { "id": 1498, "left": -5000.0, "top": 225000.0, "right": 0.0, "bottom": 230000.0, "row_index": 2, "col_index": 23 }, "geometry": { "type": "Point", "coordinates": [ 4.8081879, 53.5216234 ] } },
{ "type": "Feature", "properties": { "id": 1499, "left": -5000.0, "top": 220000.0, "right": 0.0, "bottom": 225000.0, "row_index": 3, "col_index": 23 }, "geometry": { "type": "Point", "coordinates": [ 4.808266, 53.4766961 ] } },
{ "type": "Feature", "properties": { "id": 1500, "left": -5000.0, "top": 215000.0, "right": 0.0, "bottom": 220000.0, "row_index": 4, "col_index": 23 }, "geometry": { "type": "Point", "coordinates": [ 4.8083439, 53.4317684 ] } },
{ "type": "Feature", "properties": { "id": 1501, "left": -5000.0, "top": 210000.0, "right": 0.0, "bottom": 215000.0, "row_index": 5, "col_index": 23 }, "geometry": { "type": "Point", "coordinates": [ 4.8084215, 53.3868404 ] } },
{ "type": "Feature", "properties": { "id": 1502, "left": -5000.0, "top": 205000.0, "right": 0.0, "bottom": 210000.0, "row_index": 6, "col_index": 23 }, "geometry": { "type": "Point", "coordinates": [ 4.808499, 53.3419121 ] } },
{ "type": "Feature", "properties": { "id": 1503, "left": -5000.0, "top": 200000.0, "right": 0.0, "bottom": 205000.0, "row_index": 7, "col_index": 23 }, "geometry": { "type": "Point", "coordinates": [ 4.8085762, 53.2969834 ] } },
{ "type": "Feature", "properties": { "id": 1504, "left": -5000.0, "top": 195000.0, "right": 0.0, "bottom": 200000.0, "row_index": 8, "col_index": 23 }, "geometry": { "type": "Point", "coordinates": [ 4.8086533, 53.2520544 ] } },
{ "type": "Feature", "properties": { "id": 1505, "left": -5000.0, "top": 190000.0, "right": 0.0, "bottom": 195000.0, "row_index": 9, "col_index": 23 }, "geometry": { "type": "Point", "coordinates": [ 4.8087301, 53.207125 ] } },
{ "type": "Feature", "properties": { "id": 1506, "left": -5000.0, "top": 185000.0, "right": 0.0, "bottom": 190000.0, "row_index": 10, "col_index": 23 }, "geometry": { "type": "Point", "coordinates": [ 4.8088067, 53.1621953 ] } },
{ "type": "Feature", "properties": { "id": 1507, "left": -5000.0, "top": 180000.0, "right": 0.0, "bottom": 185000.0, "row_index": 11, "col_index": 23 }, "geometry": { "type": "Point", "coordinates": [ 4.8088832, 53.1172652 ] } },
{ "type": "Feature", "properties": { "id": 1508, "left": -5000.0, "top": 175000.0, "right": 0.0, "bottom": 180000.0, "row_index": 12, "col_index": 23 }, "geometry": { "type": "Point", "coordinates": [ 4.8089594, 53.0723348 ] } },
{ "type": "Feature", "properties": { "id": 1509, "left": -5000.0, "top": 170000.0, "right": 0.0, "bottom": 175000.0, "row_index": 13, "col_index": 23 }, "geometry": { "type": "Point", "coordinates": [ 4.8090354, 53.0274041 ] } },
{ "type": "Feature", "properties": { "id": 1510, "left": -5000.0, "top": 165000.0, "right": 0.0, "bottom": 170000.0, "row_index": 14, "col_index": 23 }, "geometry": { "type": "Point", "coordinates": [ 4.8091112, 52.982473 ] } },
{ "type": "Feature", "properties": { "id": 1511, "left": -5000.0, "top": 160000.0, "right": 0.0, "bottom": 165000.0, "row_index": 15, "col_index": 23 }, "geometry": { "type": "Point", "coordinates": [ 4.8091868, 52.9375416 ] } },
{ "type": "Feature", "properties": { "id": 1512, "left": -5000.0, "top": 155000.0, "right": 0.0, "bottom": 160000.0, "row_index": 16, "col_index": 23 }, "geometry": { "type": "Point", "coordinates": [ 4.8092622, 52.8926099 ] } },
{ "type": "Feature", "properties": { "id": 1513, "left": -5000.0, "top": 150000.0, "right": 0.0, "bottom": 155000.0, "row_index": 17, "col_index": 23 }, "geometry": { "type": "Point", "coordinates": [ 4.8093374, 52.8476778 ] } },
{ "type": "Feature", "properties": { "id": 1514, "left": -5000.0, "top": 145000.0, "right": 0.0, "bottom": 150000.0, "row_index": 18, "col_index": 23 }, "geometry": { "type": "Point", "coordinates": [ 4.8094124, 52.8027454 ] } },
{ "type": "Feature", "properties": { "id": 1515, "left": -5000.0, "top": 140000.0, "right": 0.0, "bottom": 145000.0, "row_index": 19, "col_index": 23 }, "geometry": { "type": "Point", "coordinates": [ 4.8094872, 52.7578126 ] } },
{ "type": "Feature", "properties": { "id": 1516, "left": -5000.0, "top": 135000.0, "right": 0.0, "bottom": 140000.0, "row_index": 20, "col_index": 23 }, "geometry": { "type": "Point", "coordinates": [ 4.8095618, 52.7128795 ] } },
{ "type": "Feature", "properties": { "id": 1517, "left": -5000.0, "top": 130000.0, "right": 0.0, "bottom": 135000.0, "row_index": 21, "col_index": 23 }, "geometry": { "type": "Point", "coordinates": [ 4.8096362, 52.667946 ] } },
{ "type": "Feature", "properties": { "id": 1518, "left": -5000.0, "top": 125000.0, "right": 0.0, "bottom": 130000.0, "row_index": 22, "col_index": 23 }, "geometry": { "type": "Point", "coordinates": [ 4.8097104, 52.6230122 ] } },
{ "type": "Feature", "properties": { "id": 1519, "left": -5000.0, "top": 120000.0, "right": 0.0, "bottom": 125000.0, "row_index": 23, "col_index": 23 }, "geometry": { "type": "Point", "coordinates": [ 4.8097844, 52.5780781 ] } },
{ "type": "Feature", "properties": { "id": 1520, "left": -5000.0, "top": 115000.0, "right": 0.0, "bottom": 120000.0, "row_index": 24, "col_index": 23 }, "geometry": { "type": "Point", "coordinates": [ 4.8098583, 52.5331436 ] } },
{ "type": "Feature", "properties": { "id": 1521, "left": -5000.0, "top": 110000.0, "right": 0.0, "bottom": 115000.0, "row_index": 25, "col_index": 23 }, "geometry": { "type": "Point", "coordinates": [ 4.8099319, 52.4882087 ] } },
{ "type": "Feature", "properties": { "id": 1522, "left": -5000.0, "top": 105000.0, "right": 0.0, "bottom": 110000.0, "row_index": 26, "col_index": 23 }, "geometry": { "type": "Point", "coordinates": [ 4.8100053, 52.4432736 ] } },
{ "type": "Feature", "properties": { "id": 1523, "left": -5000.0, "top": 100000.0, "right": 0.0, "bottom": 105000.0, "row_index": 27, "col_index": 23 }, "geometry": { "type": "Point", "coordinates": [ 4.8100785, 52.3983381 ] } },
{ "type": "Feature", "properties": { "id": 1524, "left": -5000.0, "top": 95000.0, "right": 0.0, "bottom": 100000.0, "row_index": 28, "col_index": 23 }, "geometry": { "type": "Point", "coordinates": [ 4.8101516, 52.3534022 ] } },
{ "type": "Feature", "properties": { "id": 1525, "left": -5000.0, "top": 90000.0, "right": 0.0, "bottom": 95000.0, "row_index": 29, "col_index": 23 }, "geometry": { "type": "Point", "coordinates": [ 4.8102244, 52.308466 ] } },
{ "type": "Feature", "properties": { "id": 1526, "left": -5000.0, "top": 85000.0, "right": 0.0, "bottom": 90000.0, "row_index": 30, "col_index": 23 }, "geometry": { "type": "Point", "coordinates": [ 4.8102971, 52.2635295 ] } },
{ "type": "Feature", "properties": { "id": 1527, "left": -5000.0, "top": 80000.0, "right": 0.0, "bottom": 85000.0, "row_index": 31, "col_index": 23 }, "geometry": { "type": "Point", "coordinates": [ 4.8103695, 52.2185926 ] } },
{ "type": "Feature", "properties": { "id": 1528, "left": -5000.0, "top": 75000.0, "right": 0.0, "bottom": 80000.0, "row_index": 32, "col_index": 23 }, "geometry": { "type": "Point", "coordinates": [ 4.8104418, 52.1736553 ] } },
{ "type": "Feature", "properties": { "id": 1529, "left": -5000.0, "top": 70000.0, "right": 0.0, "bottom": 75000.0, "row_index": 33, "col_index": 23 }, "geometry": { "type": "Point", "coordinates": [ 4.8105139, 52.1287178 ] } },
{ "type": "Feature", "properties": { "id": 1530, "left": -5000.0, "top": 65000.0, "right": 0.0, "bottom": 70000.0, "row_index": 34, "col_index": 23 }, "geometry": { "type": "Point", "coordinates": [ 4.8105857, 52.0837798 ] } },
{ "type": "Feature", "properties": { "id": 1531, "left": -5000.0, "top": 60000.0, "right": 0.0, "bottom": 65000.0, "row_index": 35, "col_index": 23 }, "geometry": { "type": "Point", "coordinates": [ 4.8106574, 52.0388416 ] } },
{ "type": "Feature", "properties": { "id": 1532, "left": -5000.0, "top": 55000.0, "right": 0.0, "bottom": 60000.0, "row_index": 36, "col_index": 23 }, "geometry": { "type": "Point", "coordinates": [ 4.810729, 51.993903 ] } },
{ "type": "Feature", "properties": { "id": 1533, "left": -5000.0, "top": 50000.0, "right": 0.0, "bottom": 55000.0, "row_index": 37, "col_index": 23 }, "geometry": { "type": "Point", "coordinates": [ 4.8108003, 51.948964 ] } },
{ "type": "Feature", "properties": { "id": 1534, "left": -5000.0, "top": 45000.0, "right": 0.0, "bottom": 50000.0, "row_index": 38, "col_index": 23 }, "geometry": { "type": "Point", "coordinates": [ 4.8108714, 51.9040247 ] } },
{ "type": "Feature", "properties": { "id": 1535, "left": -5000.0, "top": 40000.0, "right": 0.0, "bottom": 45000.0, "row_index": 39, "col_index": 23 }, "geometry": { "type": "Point", "coordinates": [ 4.8109424, 51.8590851 ] } },
{ "type": "Feature", "properties": { "id": 1536, "left": -5000.0, "top": 35000.0, "right": 0.0, "bottom": 40000.0, "row_index": 40, "col_index": 23 }, "geometry": { "type": "Point", "coordinates": [ 4.8110131, 51.8141451 ] } },
{ "type": "Feature", "properties": { "id": 1537, "left": -5000.0, "top": 30000.0, "right": 0.0, "bottom": 35000.0, "row_index": 41, "col_index": 23 }, "geometry": { "type": "Point", "coordinates": [ 4.8110837, 51.7692048 ] } },
{ "type": "Feature", "properties": { "id": 1538, "left": -5000.0, "top": 25000.0, "right": 0.0, "bottom": 30000.0, "row_index": 42, "col_index": 23 }, "geometry": { "type": "Point", "coordinates": [ 4.8111541, 51.7242641 ] } },
{ "type": "Feature", "properties": { "id": 1539, "left": -5000.0, "top": 20000.0, "right": 0.0, "bottom": 25000.0, "row_index": 43, "col_index": 23 }, "geometry": { "type": "Point", "coordinates": [ 4.8112243, 51.6793231 ] } },
{ "type": "Feature", "properties": { "id": 1540, "left": -5000.0, "top": 15000.0, "right": 0.0, "bottom": 20000.0, "row_index": 44, "col_index": 23 }, "geometry": { "type": "Point", "coordinates": [ 4.8112943, 51.6343817 ] } },
{ "type": "Feature", "properties": { "id": 1541, "left": -5000.0, "top": 10000.0, "right": 0.0, "bottom": 15000.0, "row_index": 45, "col_index": 23 }, "geometry": { "type": "Point", "coordinates": [ 4.8113642, 51.58944 ] } },
{ "type": "Feature", "properties": { "id": 1542, "left": -5000.0, "top": 5000.0, "right": 0.0, "bottom": 10000.0, "row_index": 46, "col_index": 23 }, "geometry": { "type": "Point", "coordinates": [ 4.8114338, 51.5444979 ] } },
{ "type": "Feature", "properties": { "id": 1543, "left": -5000.0, "top": 0.0, "right": 0.0, "bottom": 5000.0, "row_index": 47, "col_index": 23 }, "geometry": { "type": "Point", "coordinates": [ 4.8115033, 51.4995555 ] } },
{ "type": "Feature", "properties": { "id": 1544, "left": -5000.0, "top": -5000.0, "right": 0.0, "bottom": 0.0, "row_index": 48, "col_index": 23 }, "geometry": { "type": "Point", "coordinates": [ 4.8115726, 51.4546128 ] } },
{ "type": "Feature", "properties": { "id": 1545, "left": -5000.0, "top": -10000.0, "right": 0.0, "bottom": -5000.0, "row_index": 49, "col_index": 23 }, "geometry": { "type": "Point", "coordinates": [ 4.8116417, 51.4096697 ] } },
{ "type": "Feature", "properties": { "id": 1546, "left": -5000.0, "top": -15000.0, "right": 0.0, "bottom": -10000.0, "row_index": 50, "col_index": 23 }, "geometry": { "type": "Point", "coordinates": [ 4.8117107, 51.3647262 ] } },
{ "type": "Feature", "properties": { "id": 1547, "left": -5000.0, "top": -20000.0, "right": 0.0, "bottom": -15000.0, "row_index": 51, "col_index": 23 }, "geometry": { "type": "Point", "coordinates": [ 4.8117795, 51.3197824 ] } },
{ "type": "Feature", "properties": { "id": 1548, "left": -5000.0, "top": -25000.0, "right": 0.0, "bottom": -20000.0, "row_index": 52, "col_index": 23 }, "geometry": { "type": "Point", "coordinates": [ 4.811848, 51.2748383 ] } },
{ "type": "Feature", "properties": { "id": 1549, "left": -5000.0, "top": -30000.0, "right": 0.0, "bottom": -25000.0, "row_index": 53, "col_index": 23 }, "geometry": { "type": "Point", "coordinates": [ 4.8119164, 51.2298938 ] } },
{ "type": "Feature", "properties": { "id": 1550, "left": -5000.0, "top": -35000.0, "right": 0.0, "bottom": -30000.0, "row_index": 54, "col_index": 23 }, "geometry": { "type": "Point", "coordinates": [ 4.8119847, 51.184949 ] } },
{ "type": "Feature", "properties": { "id": 1551, "left": -5000.0, "top": -40000.0, "right": 0.0, "bottom": -35000.0, "row_index": 55, "col_index": 23 }, "geometry": { "type": "Point", "coordinates": [ 4.8120527, 51.1400038 ] } },
{ "type": "Feature", "properties": { "id": 1552, "left": -5000.0, "top": -45000.0, "right": 0.0, "bottom": -40000.0, "row_index": 56, "col_index": 23 }, "geometry": { "type": "Point", "coordinates": [ 4.8121206, 51.0950583 ] } },
{ "type": "Feature", "properties": { "id": 1553, "left": -5000.0, "top": -50000.0, "right": 0.0, "bottom": -45000.0, "row_index": 57, "col_index": 23 }, "geometry": { "type": "Point", "coordinates": [ 4.8121883, 51.0501124 ] } },
{ "type": "Feature", "properties": { "id": 1554, "left": -5000.0, "top": -55000.0, "right": 0.0, "bottom": -50000.0, "row_index": 58, "col_index": 23 }, "geometry": { "type": "Point", "coordinates": [ 4.8122558, 51.0051662 ] } },
{ "type": "Feature", "properties": { "id": 1555, "left": -5000.0, "top": -60000.0, "right": 0.0, "bottom": -55000.0, "row_index": 59, "col_index": 23 }, "geometry": { "type": "Point", "coordinates": [ 4.8123232, 50.9602196 ] } },
{ "type": "Feature", "properties": { "id": 1556, "left": -5000.0, "top": -65000.0, "right": 0.0, "bottom": -60000.0, "row_index": 60, "col_index": 23 }, "geometry": { "type": "Point", "coordinates": [ 4.8123904, 50.9152727 ] } },
{ "type": "Feature", "properties": { "id": 1557, "left": -5000.0, "top": -70000.0, "right": 0.0, "bottom": -65000.0, "row_index": 61, "col_index": 23 }, "geometry": { "type": "Point", "coordinates": [ 4.8124574, 50.8703255 ] } },
{ "type": "Feature", "properties": { "id": 1558, "left": -5000.0, "top": -75000.0, "right": 0.0, "bottom": -70000.0, "row_index": 62, "col_index": 23 }, "geometry": { "type": "Point", "coordinates": [ 4.8125242, 50.8253779 ] } },
{ "type": "Feature", "properties": { "id": 1559, "left": -5000.0, "top": -80000.0, "right": 0.0, "bottom": -75000.0, "row_index": 63, "col_index": 23 }, "geometry": { "type": "Point", "coordinates": [ 4.8125909, 50.7804299 ] } },
{ "type": "Feature", "properties": { "id": 1560, "left": -5000.0, "top": -85000.0, "right": 0.0, "bottom": -80000.0, "row_index": 64, "col_index": 23 }, "geometry": { "type": "Point", "coordinates": [ 4.8126574, 50.7354816 ] } },
{ "type": "Feature", "properties": { "id": 1561, "left": 0.0, "top": 235000.0, "right": 5000.0, "bottom": 240000.0, "row_index": 0, "col_index": 24 }, "geometry": { "type": "Point", "coordinates": [ 4.8835804, 53.6114993 ] } },
{ "type": "Feature", "properties": { "id": 1562, "left": 0.0, "top": 230000.0, "right": 5000.0, "bottom": 235000.0, "row_index": 1, "col_index": 24 }, "geometry": { "type": "Point", "coordinates": [ 4.8835788, 53.5665726 ] } },
{ "type": "Feature", "properties": { "id": 1563, "left": 0.0, "top": 225000.0, "right": 5000.0, "bottom": 230000.0, "row_index": 2, "col_index": 24 }, "geometry": { "type": "Point", "coordinates": [ 4.8835773, 53.5216456 ] } },
{ "type": "Feature", "properties": { "id": 1564, "left": 0.0, "top": 220000.0, "right": 5000.0, "bottom": 225000.0, "row_index": 3, "col_index": 24 }, "geometry": { "type": "Point", "coordinates": [ 4.8835757, 53.4767182 ] } },
{ "type": "Feature", "properties": { "id": 1565, "left": 0.0, "top": 215000.0, "right": 5000.0, "bottom": 220000.0, "row_index": 4, "col_index": 24 }, "geometry": { "type": "Point", "coordinates": [ 4.8835741, 53.4317906 ] } },
{ "type": "Feature", "properties": { "id": 1566, "left": 0.0, "top": 210000.0, "right": 5000.0, "bottom": 215000.0, "row_index": 5, "col_index": 24 }, "geometry": { "type": "Point", "coordinates": [ 4.8835726, 53.3868625 ] } },
{ "type": "Feature", "properties": { "id": 1567, "left": 0.0, "top": 205000.0, "right": 5000.0, "bottom": 210000.0, "row_index": 6, "col_index": 24 }, "geometry": { "type": "Point", "coordinates": [ 4.883571, 53.3419342 ] } },
{ "type": "Feature", "properties": { "id": 1568, "left": 0.0, "top": 200000.0, "right": 5000.0, "bottom": 205000.0, "row_index": 7, "col_index": 24 }, "geometry": { "type": "Point", "coordinates": [ 4.8835694, 53.2970054 ] } },
{ "type": "Feature", "properties": { "id": 1569, "left": 0.0, "top": 195000.0, "right": 5000.0, "bottom": 200000.0, "row_index": 8, "col_index": 24 }, "geometry": { "type": "Point", "coordinates": [ 4.8835679, 53.2520764 ] } },
{ "type": "Feature", "properties": { "id": 1570, "left": 0.0, "top": 190000.0, "right": 5000.0, "bottom": 195000.0, "row_index": 9, "col_index": 24 }, "geometry": { "type": "Point", "coordinates": [ 4.8835663, 53.207147 ] } },
{ "type": "Feature", "properties": { "id": 1571, "left": 0.0, "top": 185000.0, "right": 5000.0, "bottom": 190000.0, "row_index": 10, "col_index": 24 }, "geometry": { "type": "Point", "coordinates": [ 4.8835648, 53.1622173 ] } },
{ "type": "Feature", "properties": { "id": 1572, "left": 0.0, "top": 180000.0, "right": 5000.0, "bottom": 185000.0, "row_index": 11, "col_index": 24 }, "geometry": { "type": "Point", "coordinates": [ 4.8835633, 53.1172872 ] } },
{ "type": "Feature", "properties": { "id": 1573, "left": 0.0, "top": 175000.0, "right": 5000.0, "bottom": 180000.0, "row_index": 12, "col_index": 24 }, "geometry": { "type": "Point", "coordinates": [ 4.8835617, 53.0723568 ] } },
{ "type": "Feature", "properties": { "id": 1574, "left": 0.0, "top": 170000.0, "right": 5000.0, "bottom": 175000.0, "row_index": 13, "col_index": 24 }, "geometry": { "type": "Point", "coordinates": [ 4.8835602, 53.0274261 ] } },
{ "type": "Feature", "properties": { "id": 1575, "left": 0.0, "top": 165000.0, "right": 5000.0, "bottom": 170000.0, "row_index": 14, "col_index": 24 }, "geometry": { "type": "Point", "coordinates": [ 4.8835586, 52.982495 ] } },
{ "type": "Feature", "properties": { "id": 1576, "left": 0.0, "top": 160000.0, "right": 5000.0, "bottom": 165000.0, "row_index": 15, "col_index": 24 }, "geometry": { "type": "Point", "coordinates": [ 4.8835571, 52.9375635 ] } },
{ "type": "Feature", "properties": { "id": 1577, "left": 0.0, "top": 155000.0, "right": 5000.0, "bottom": 160000.0, "row_index": 16, "col_index": 24 }, "geometry": { "type": "Point", "coordinates": [ 4.8835556, 52.8926318 ] } },
{ "type": "Feature", "properties": { "id": 1578, "left": 0.0, "top": 150000.0, "right": 5000.0, "bottom": 155000.0, "row_index": 17, "col_index": 24 }, "geometry": { "type": "Point", "coordinates": [ 4.8835541, 52.8476996 ] } },
{ "type": "Feature", "properties": { "id": 1579, "left": 0.0, "top": 145000.0, "right": 5000.0, "bottom": 150000.0, "row_index": 18, "col_index": 24 }, "geometry": { "type": "Point", "coordinates": [ 4.8835525, 52.8027672 ] } },
{ "type": "Feature", "properties": { "id": 1580, "left": 0.0, "top": 140000.0, "right": 5000.0, "bottom": 145000.0, "row_index": 19, "col_index": 24 }, "geometry": { "type": "Point", "coordinates": [ 4.883551, 52.7578344 ] } },
{ "type": "Feature", "properties": { "id": 1581, "left": 0.0, "top": 135000.0, "right": 5000.0, "bottom": 140000.0, "row_index": 20, "col_index": 24 }, "geometry": { "type": "Point", "coordinates": [ 4.8835495, 52.7129012 ] } },
{ "type": "Feature", "properties": { "id": 1582, "left": 0.0, "top": 130000.0, "right": 5000.0, "bottom": 135000.0, "row_index": 21, "col_index": 24 }, "geometry": { "type": "Point", "coordinates": [ 4.883548, 52.6679678 ] } },
{ "type": "Feature", "properties": { "id": 1583, "left": 0.0, "top": 125000.0, "right": 5000.0, "bottom": 130000.0, "row_index": 22, "col_index": 24 }, "geometry": { "type": "Point", "coordinates": [ 4.8835465, 52.6230339 ] } },
{ "type": "Feature", "properties": { "id": 1584, "left": 0.0, "top": 120000.0, "right": 5000.0, "bottom": 125000.0, "row_index": 23, "col_index": 24 }, "geometry": { "type": "Point", "coordinates": [ 4.883545, 52.5780998 ] } },
{ "type": "Feature", "properties": { "id": 1585, "left": 0.0, "top": 115000.0, "right": 5000.0, "bottom": 120000.0, "row_index": 24, "col_index": 24 }, "geometry": { "type": "Point", "coordinates": [ 4.8835435, 52.5331653 ] } },
{ "type": "Feature", "properties": { "id": 1586, "left": 0.0, "top": 110000.0, "right": 5000.0, "bottom": 115000.0, "row_index": 25, "col_index": 24 }, "geometry": { "type": "Point", "coordinates": [ 4.883542, 52.4882304 ] } },
{ "type": "Feature", "properties": { "id": 1587, "left": 0.0, "top": 105000.0, "right": 5000.0, "bottom": 110000.0, "row_index": 26, "col_index": 24 }, "geometry": { "type": "Point", "coordinates": [ 4.8835405, 52.4432952 ] } },
{ "type": "Feature", "properties": { "id": 1588, "left": 0.0, "top": 100000.0, "right": 5000.0, "bottom": 105000.0, "row_index": 27, "col_index": 24 }, "geometry": { "type": "Point", "coordinates": [ 4.883539, 52.3983597 ] } },
{ "type": "Feature", "properties": { "id": 1589, "left": 0.0, "top": 95000.0, "right": 5000.0, "bottom": 100000.0, "row_index": 28, "col_index": 24 }, "geometry": { "type": "Point", "coordinates": [ 4.8835375, 52.3534238 ] } },
{ "type": "Feature", "properties": { "id": 1590, "left": 0.0, "top": 90000.0, "right": 5000.0, "bottom": 95000.0, "row_index": 29, "col_index": 24 }, "geometry": { "type": "Point", "coordinates": [ 4.883536, 52.3084876 ] } },
{ "type": "Feature", "properties": { "id": 1591, "left": 0.0, "top": 85000.0, "right": 5000.0, "bottom": 90000.0, "row_index": 30, "col_index": 24 }, "geometry": { "type": "Point", "coordinates": [ 4.8835346, 52.263551 ] } },
{ "type": "Feature", "properties": { "id": 1592, "left": 0.0, "top": 80000.0, "right": 5000.0, "bottom": 85000.0, "row_index": 31, "col_index": 24 }, "geometry": { "type": "Point", "coordinates": [ 4.8835331, 52.2186141 ] } },
{ "type": "Feature", "properties": { "id": 1593, "left": 0.0, "top": 75000.0, "right": 5000.0, "bottom": 80000.0, "row_index": 32, "col_index": 24 }, "geometry": { "type": "Point", "coordinates": [ 4.8835316, 52.1736769 ] } },
{ "type": "Feature", "properties": { "id": 1594, "left": 0.0, "top": 70000.0, "right": 5000.0, "bottom": 75000.0, "row_index": 33, "col_index": 24 }, "geometry": { "type": "Point", "coordinates": [ 4.8835301, 52.1287393 ] } },
{ "type": "Feature", "properties": { "id": 1595, "left": 0.0, "top": 65000.0, "right": 5000.0, "bottom": 70000.0, "row_index": 34, "col_index": 24 }, "geometry": { "type": "Point", "coordinates": [ 4.8835287, 52.0838013 ] } },
{ "type": "Feature", "properties": { "id": 1596, "left": 0.0, "top": 60000.0, "right": 5000.0, "bottom": 65000.0, "row_index": 35, "col_index": 24 }, "geometry": { "type": "Point", "coordinates": [ 4.8835272, 52.038863 ] } },
{ "type": "Feature", "properties": { "id": 1597, "left": 0.0, "top": 55000.0, "right": 5000.0, "bottom": 60000.0, "row_index": 36, "col_index": 24 }, "geometry": { "type": "Point", "coordinates": [ 4.8835257, 51.9939244 ] } },
{ "type": "Feature", "properties": { "id": 1598, "left": 0.0, "top": 50000.0, "right": 5000.0, "bottom": 55000.0, "row_index": 37, "col_index": 24 }, "geometry": { "type": "Point", "coordinates": [ 4.8835243, 51.9489854 ] } },
{ "type": "Feature", "properties": { "id": 1599, "left": 0.0, "top": 45000.0, "right": 5000.0, "bottom": 50000.0, "row_index": 38, "col_index": 24 }, "geometry": { "type": "Point", "coordinates": [ 4.8835228, 51.9040461 ] } },
{ "type": "Feature", "properties": { "id": 1600, "left": 0.0, "top": 40000.0, "right": 5000.0, "bottom": 45000.0, "row_index": 39, "col_index": 24 }, "geometry": { "type": "Point", "coordinates": [ 4.8835214, 51.8591064 ] } },
{ "type": "Feature", "properties": { "id": 1601, "left": 0.0, "top": 35000.0, "right": 5000.0, "bottom": 40000.0, "row_index": 40, "col_index": 24 }, "geometry": { "type": "Point", "coordinates": [ 4.8835199, 51.8141664 ] } },
{ "type": "Feature", "properties": { "id": 1602, "left": 0.0, "top": 30000.0, "right": 5000.0, "bottom": 35000.0, "row_index": 41, "col_index": 24 }, "geometry": { "type": "Point", "coordinates": [ 4.8835185, 51.7692261 ] } },
{ "type": "Feature", "properties": { "id": 1603, "left": 0.0, "top": 25000.0, "right": 5000.0, "bottom": 30000.0, "row_index": 42, "col_index": 24 }, "geometry": { "type": "Point", "coordinates": [ 4.883517, 51.7242854 ] } },
{ "type": "Feature", "properties": { "id": 1604, "left": 0.0, "top": 20000.0, "right": 5000.0, "bottom": 25000.0, "row_index": 43, "col_index": 24 }, "geometry": { "type": "Point", "coordinates": [ 4.8835156, 51.6793443 ] } },
{ "type": "Feature", "properties": { "id": 1605, "left": 0.0, "top": 15000.0, "right": 5000.0, "bottom": 20000.0, "row_index": 44, "col_index": 24 }, "geometry": { "type": "Point", "coordinates": [ 4.8835141, 51.634403 ] } },
{ "type": "Feature", "properties": { "id": 1606, "left": 0.0, "top": 10000.0, "right": 5000.0, "bottom": 15000.0, "row_index": 45, "col_index": 24 }, "geometry": { "type": "Point", "coordinates": [ 4.8835127, 51.5894612 ] } },
{ "type": "Feature", "properties": { "id": 1607, "left": 0.0, "top": 5000.0, "right": 5000.0, "bottom": 10000.0, "row_index": 46, "col_index": 24 }, "geometry": { "type": "Point", "coordinates": [ 4.8835112, 51.5445191 ] } },
{ "type": "Feature", "properties": { "id": 1608, "left": 0.0, "top": 0.0, "right": 5000.0, "bottom": 5000.0, "row_index": 47, "col_index": 24 }, "geometry": { "type": "Point", "coordinates": [ 4.8835098, 51.4995767 ] } },
{ "type": "Feature", "properties": { "id": 1609, "left": 0.0, "top": -5000.0, "right": 5000.0, "bottom": 0.0, "row_index": 48, "col_index": 24 }, "geometry": { "type": "Point", "coordinates": [ 4.8835084, 51.4546339 ] } },
{ "type": "Feature", "properties": { "id": 1610, "left": 0.0, "top": -10000.0, "right": 5000.0, "bottom": -5000.0, "row_index": 49, "col_index": 24 }, "geometry": { "type": "Point", "coordinates": [ 4.883507, 51.4096908 ] } },
{ "type": "Feature", "properties": { "id": 1611, "left": 0.0, "top": -15000.0, "right": 5000.0, "bottom": -10000.0, "row_index": 50, "col_index": 24 }, "geometry": { "type": "Point", "coordinates": [ 4.8835055, 51.3647474 ] } },
{ "type": "Feature", "properties": { "id": 1612, "left": 0.0, "top": -20000.0, "right": 5000.0, "bottom": -15000.0, "row_index": 51, "col_index": 24 }, "geometry": { "type": "Point", "coordinates": [ 4.8835041, 51.3198036 ] } },
{ "type": "Feature", "properties": { "id": 1613, "left": 0.0, "top": -25000.0, "right": 5000.0, "bottom": -20000.0, "row_index": 52, "col_index": 24 }, "geometry": { "type": "Point", "coordinates": [ 4.8835027, 51.2748594 ] } },
{ "type": "Feature", "properties": { "id": 1614, "left": 0.0, "top": -30000.0, "right": 5000.0, "bottom": -25000.0, "row_index": 53, "col_index": 24 }, "geometry": { "type": "Point", "coordinates": [ 4.8835013, 51.2299149 ] } },
{ "type": "Feature", "properties": { "id": 1615, "left": 0.0, "top": -35000.0, "right": 5000.0, "bottom": -30000.0, "row_index": 54, "col_index": 24 }, "geometry": { "type": "Point", "coordinates": [ 4.8834999, 51.1849701 ] } },
{ "type": "Feature", "properties": { "id": 1616, "left": 0.0, "top": -40000.0, "right": 5000.0, "bottom": -35000.0, "row_index": 55, "col_index": 24 }, "geometry": { "type": "Point", "coordinates": [ 4.8834985, 51.1400249 ] } },
{ "type": "Feature", "properties": { "id": 1617, "left": 0.0, "top": -45000.0, "right": 5000.0, "bottom": -40000.0, "row_index": 56, "col_index": 24 }, "geometry": { "type": "Point", "coordinates": [ 4.8834971, 51.0950793 ] } },
{ "type": "Feature", "properties": { "id": 1618, "left": 0.0, "top": -50000.0, "right": 5000.0, "bottom": -45000.0, "row_index": 57, "col_index": 24 }, "geometry": { "type": "Point", "coordinates": [ 4.8834957, 51.0501334 ] } },
{ "type": "Feature", "properties": { "id": 1619, "left": 0.0, "top": -55000.0, "right": 5000.0, "bottom": -50000.0, "row_index": 58, "col_index": 24 }, "geometry": { "type": "Point", "coordinates": [ 4.8834943, 51.0051872 ] } },
{ "type": "Feature", "properties": { "id": 1620, "left": 0.0, "top": -60000.0, "right": 5000.0, "bottom": -55000.0, "row_index": 59, "col_index": 24 }, "geometry": { "type": "Point", "coordinates": [ 4.8834929, 50.9602406 ] } },
{ "type": "Feature", "properties": { "id": 1621, "left": 0.0, "top": -65000.0, "right": 5000.0, "bottom": -60000.0, "row_index": 60, "col_index": 24 }, "geometry": { "type": "Point", "coordinates": [ 4.8834915, 50.9152937 ] } },
{ "type": "Feature", "properties": { "id": 1622, "left": 0.0, "top": -70000.0, "right": 5000.0, "bottom": -65000.0, "row_index": 61, "col_index": 24 }, "geometry": { "type": "Point", "coordinates": [ 4.8834901, 50.8703464 ] } },
{ "type": "Feature", "properties": { "id": 1623, "left": 0.0, "top": -75000.0, "right": 5000.0, "bottom": -70000.0, "row_index": 62, "col_index": 24 }, "geometry": { "type": "Point", "coordinates": [ 4.8834887, 50.8253988 ] } },
{ "type": "Feature", "properties": { "id": 1624, "left": 0.0, "top": -80000.0, "right": 5000.0, "bottom": -75000.0, "row_index": 63, "col_index": 24 }, "geometry": { "type": "Point", "coordinates": [ 4.8834873, 50.7804508 ] } },
{ "type": "Feature", "properties": { "id": 1625, "left": 0.0, "top": -85000.0, "right": 5000.0, "bottom": -80000.0, "row_index": 64, "col_index": 24 }, "geometry": { "type": "Point", "coordinates": [ 4.8834859, 50.7355025 ] } },
{ "type": "Feature", "properties": { "id": 1626, "left": 5000.0, "top": 235000.0, "right": 10000.0, "bottom": 240000.0, "row_index": 0, "col_index": 25 }, "geometry": { "type": "Point", "coordinates": [ 4.9591297, 53.6114752 ] } },
{ "type": "Feature", "properties": { "id": 1627, "left": 5000.0, "top": 230000.0, "right": 10000.0, "bottom": 235000.0, "row_index": 1, "col_index": 25 }, "geometry": { "type": "Point", "coordinates": [ 4.959048, 53.5665485 ] } },
{ "type": "Feature", "properties": { "id": 1628, "left": 5000.0, "top": 225000.0, "right": 10000.0, "bottom": 230000.0, "row_index": 2, "col_index": 25 }, "geometry": { "type": "Point", "coordinates": [ 4.9589666, 53.5216215 ] } },
{ "type": "Feature", "properties": { "id": 1629, "left": 5000.0, "top": 220000.0, "right": 10000.0, "bottom": 225000.0, "row_index": 3, "col_index": 25 }, "geometry": { "type": "Point", "coordinates": [ 4.9588854, 53.4766942 ] } },
{ "type": "Feature", "properties": { "id": 1630, "left": 5000.0, "top": 215000.0, "right": 10000.0, "bottom": 220000.0, "row_index": 4, "col_index": 25 }, "geometry": { "type": "Point", "coordinates": [ 4.9588044, 53.4317665 ] } },
{ "type": "Feature", "properties": { "id": 1631, "left": 5000.0, "top": 210000.0, "right": 10000.0, "bottom": 215000.0, "row_index": 5, "col_index": 25 }, "geometry": { "type": "Point", "coordinates": [ 4.9587236, 53.3868385 ] } },
{ "type": "Feature", "properties": { "id": 1632, "left": 5000.0, "top": 205000.0, "right": 10000.0, "bottom": 210000.0, "row_index": 6, "col_index": 25 }, "geometry": { "type": "Point", "coordinates": [ 4.958643, 53.3419102 ] } },
{ "type": "Feature", "properties": { "id": 1633, "left": 5000.0, "top": 200000.0, "right": 10000.0, "bottom": 205000.0, "row_index": 7, "col_index": 25 }, "geometry": { "type": "Point", "coordinates": [ 4.9585626, 53.2969815 ] } },
{ "type": "Feature", "properties": { "id": 1634, "left": 5000.0, "top": 195000.0, "right": 10000.0, "bottom": 200000.0, "row_index": 8, "col_index": 25 }, "geometry": { "type": "Point", "coordinates": [ 4.9584825, 53.2520525 ] } },
{ "type": "Feature", "properties": { "id": 1635, "left": 5000.0, "top": 190000.0, "right": 10000.0, "bottom": 195000.0, "row_index": 9, "col_index": 25 }, "geometry": { "type": "Point", "coordinates": [ 4.9584026, 53.2071231 ] } },
{ "type": "Feature", "properties": { "id": 1636, "left": 5000.0, "top": 185000.0, "right": 10000.0, "bottom": 190000.0, "row_index": 10, "col_index": 25 }, "geometry": { "type": "Point", "coordinates": [ 4.9583228, 53.1621934 ] } },
{ "type": "Feature", "properties": { "id": 1637, "left": 5000.0, "top": 180000.0, "right": 10000.0, "bottom": 185000.0, "row_index": 11, "col_index": 25 }, "geometry": { "type": "Point", "coordinates": [ 4.9582433, 53.1172634 ] } },
{ "type": "Feature", "properties": { "id": 1638, "left": 5000.0, "top": 175000.0, "right": 10000.0, "bottom": 180000.0, "row_index": 12, "col_index": 25 }, "geometry": { "type": "Point", "coordinates": [ 4.958164, 53.072333 ] } },
{ "type": "Feature", "properties": { "id": 1639, "left": 5000.0, "top": 170000.0, "right": 10000.0, "bottom": 175000.0, "row_index": 13, "col_index": 25 }, "geometry": { "type": "Point", "coordinates": [ 4.958085, 53.0274023 ] } },
{ "type": "Feature", "properties": { "id": 1640, "left": 5000.0, "top": 165000.0, "right": 10000.0, "bottom": 170000.0, "row_index": 14, "col_index": 25 }, "geometry": { "type": "Point", "coordinates": [ 4.9580061, 52.9824712 ] } },
{ "type": "Feature", "properties": { "id": 1641, "left": 5000.0, "top": 160000.0, "right": 10000.0, "bottom": 165000.0, "row_index": 15, "col_index": 25 }, "geometry": { "type": "Point", "coordinates": [ 4.9579274, 52.9375398 ] } },
{ "type": "Feature", "properties": { "id": 1642, "left": 5000.0, "top": 155000.0, "right": 10000.0, "bottom": 160000.0, "row_index": 16, "col_index": 25 }, "geometry": { "type": "Point", "coordinates": [ 4.957849, 52.892608 ] } },
{ "type": "Feature", "properties": { "id": 1643, "left": 5000.0, "top": 150000.0, "right": 10000.0, "bottom": 155000.0, "row_index": 17, "col_index": 25 }, "geometry": { "type": "Point", "coordinates": [ 4.9577707, 52.847676 ] } },
{ "type": "Feature", "properties": { "id": 1644, "left": 5000.0, "top": 145000.0, "right": 10000.0, "bottom": 150000.0, "row_index": 18, "col_index": 25 }, "geometry": { "type": "Point", "coordinates": [ 4.9576927, 52.8027435 ] } },
{ "type": "Feature", "properties": { "id": 1645, "left": 5000.0, "top": 140000.0, "right": 10000.0, "bottom": 145000.0, "row_index": 19, "col_index": 25 }, "geometry": { "type": "Point", "coordinates": [ 4.9576148, 52.7578107 ] } },
{ "type": "Feature", "properties": { "id": 1646, "left": 5000.0, "top": 135000.0, "right": 10000.0, "bottom": 140000.0, "row_index": 20, "col_index": 25 }, "geometry": { "type": "Point", "coordinates": [ 4.9575372, 52.7128776 ] } },
{ "type": "Feature", "properties": { "id": 1647, "left": 5000.0, "top": 130000.0, "right": 10000.0, "bottom": 135000.0, "row_index": 21, "col_index": 25 }, "geometry": { "type": "Point", "coordinates": [ 4.9574598, 52.6679442 ] } },
{ "type": "Feature", "properties": { "id": 1648, "left": 5000.0, "top": 125000.0, "right": 10000.0, "bottom": 130000.0, "row_index": 22, "col_index": 25 }, "geometry": { "type": "Point", "coordinates": [ 4.9573826, 52.6230104 ] } },
{ "type": "Feature", "properties": { "id": 1649, "left": 5000.0, "top": 120000.0, "right": 10000.0, "bottom": 125000.0, "row_index": 23, "col_index": 25 }, "geometry": { "type": "Point", "coordinates": [ 4.9573055, 52.5780762 ] } },
{ "type": "Feature", "properties": { "id": 1650, "left": 5000.0, "top": 115000.0, "right": 10000.0, "bottom": 120000.0, "row_index": 24, "col_index": 25 }, "geometry": { "type": "Point", "coordinates": [ 4.9572287, 52.5331417 ] } },
{ "type": "Feature", "properties": { "id": 1651, "left": 5000.0, "top": 110000.0, "right": 10000.0, "bottom": 115000.0, "row_index": 25, "col_index": 25 }, "geometry": { "type": "Point", "coordinates": [ 4.9571521, 52.4882069 ] } },
{ "type": "Feature", "properties": { "id": 1652, "left": 5000.0, "top": 105000.0, "right": 10000.0, "bottom": 110000.0, "row_index": 26, "col_index": 25 }, "geometry": { "type": "Point", "coordinates": [ 4.9570757, 52.4432717 ] } },
{ "type": "Feature", "properties": { "id": 1653, "left": 5000.0, "top": 100000.0, "right": 10000.0, "bottom": 105000.0, "row_index": 27, "col_index": 25 }, "geometry": { "type": "Point", "coordinates": [ 4.9569995, 52.3983362 ] } },
{ "type": "Feature", "properties": { "id": 1654, "left": 5000.0, "top": 95000.0, "right": 10000.0, "bottom": 100000.0, "row_index": 28, "col_index": 25 }, "geometry": { "type": "Point", "coordinates": [ 4.9569235, 52.3534004 ] } },
{ "type": "Feature", "properties": { "id": 1655, "left": 5000.0, "top": 90000.0, "right": 10000.0, "bottom": 95000.0, "row_index": 29, "col_index": 25 }, "geometry": { "type": "Point", "coordinates": [ 4.9568477, 52.3084642 ] } },
{ "type": "Feature", "properties": { "id": 1656, "left": 5000.0, "top": 85000.0, "right": 10000.0, "bottom": 90000.0, "row_index": 30, "col_index": 25 }, "geometry": { "type": "Point", "coordinates": [ 4.9567721, 52.2635276 ] } },
{ "type": "Feature", "properties": { "id": 1657, "left": 5000.0, "top": 80000.0, "right": 10000.0, "bottom": 85000.0, "row_index": 31, "col_index": 25 }, "geometry": { "type": "Point", "coordinates": [ 4.9566966, 52.2185907 ] } },
{ "type": "Feature", "properties": { "id": 1658, "left": 5000.0, "top": 75000.0, "right": 10000.0, "bottom": 80000.0, "row_index": 32, "col_index": 25 }, "geometry": { "type": "Point", "coordinates": [ 4.9566214, 52.1736535 ] } },
{ "type": "Feature", "properties": { "id": 1659, "left": 5000.0, "top": 70000.0, "right": 10000.0, "bottom": 75000.0, "row_index": 33, "col_index": 25 }, "geometry": { "type": "Point", "coordinates": [ 4.9565464, 52.1287159 ] } },
{ "type": "Feature", "properties": { "id": 1660, "left": 5000.0, "top": 65000.0, "right": 10000.0, "bottom": 70000.0, "row_index": 34, "col_index": 25 }, "geometry": { "type": "Point", "coordinates": [ 4.9564716, 52.083778 ] } },
{ "type": "Feature", "properties": { "id": 1661, "left": 5000.0, "top": 60000.0, "right": 10000.0, "bottom": 65000.0, "row_index": 35, "col_index": 25 }, "geometry": { "type": "Point", "coordinates": [ 4.9563969, 52.0388398 ] } },
{ "type": "Feature", "properties": { "id": 1662, "left": 5000.0, "top": 55000.0, "right": 10000.0, "bottom": 60000.0, "row_index": 36, "col_index": 25 }, "geometry": { "type": "Point", "coordinates": [ 4.9563225, 51.9939012 ] } },
{ "type": "Feature", "properties": { "id": 1663, "left": 5000.0, "top": 50000.0, "right": 10000.0, "bottom": 55000.0, "row_index": 37, "col_index": 25 }, "geometry": { "type": "Point", "coordinates": [ 4.9562483, 51.9489622 ] } },
{ "type": "Feature", "properties": { "id": 1664, "left": 5000.0, "top": 45000.0, "right": 10000.0, "bottom": 50000.0, "row_index": 38, "col_index": 25 }, "geometry": { "type": "Point", "coordinates": [ 4.9561742, 51.9040229 ] } },
{ "type": "Feature", "properties": { "id": 1665, "left": 5000.0, "top": 40000.0, "right": 10000.0, "bottom": 45000.0, "row_index": 39, "col_index": 25 }, "geometry": { "type": "Point", "coordinates": [ 4.9561003, 51.8590833 ] } },
{ "type": "Feature", "properties": { "id": 1666, "left": 5000.0, "top": 35000.0, "right": 10000.0, "bottom": 40000.0, "row_index": 40, "col_index": 25 }, "geometry": { "type": "Point", "coordinates": [ 4.9560267, 51.8141433 ] } },
{ "type": "Feature", "properties": { "id": 1667, "left": 5000.0, "top": 30000.0, "right": 10000.0, "bottom": 35000.0, "row_index": 41, "col_index": 25 }, "geometry": { "type": "Point", "coordinates": [ 4.9559532, 51.769203 ] } },
{ "type": "Feature", "properties": { "id": 1668, "left": 5000.0, "top": 25000.0, "right": 10000.0, "bottom": 30000.0, "row_index": 42, "col_index": 25 }, "geometry": { "type": "Point", "coordinates": [ 4.9558799, 51.7242623 ] } },
{ "type": "Feature", "properties": { "id": 1669, "left": 5000.0, "top": 20000.0, "right": 10000.0, "bottom": 25000.0, "row_index": 43, "col_index": 25 }, "geometry": { "type": "Point", "coordinates": [ 4.9558068, 51.6793213 ] } },
{ "type": "Feature", "properties": { "id": 1670, "left": 5000.0, "top": 15000.0, "right": 10000.0, "bottom": 20000.0, "row_index": 44, "col_index": 25 }, "geometry": { "type": "Point", "coordinates": [ 4.9557339, 51.6343799 ] } },
{ "type": "Feature", "properties": { "id": 1671, "left": 5000.0, "top": 10000.0, "right": 10000.0, "bottom": 15000.0, "row_index": 45, "col_index": 25 }, "geometry": { "type": "Point", "coordinates": [ 4.9556612, 51.5894382 ] } },
{ "type": "Feature", "properties": { "id": 1672, "left": 5000.0, "top": 5000.0, "right": 10000.0, "bottom": 10000.0, "row_index": 46, "col_index": 25 }, "geometry": { "type": "Point", "coordinates": [ 4.9555887, 51.5444961 ] } },
{ "type": "Feature", "properties": { "id": 1673, "left": 5000.0, "top": 0.0, "right": 10000.0, "bottom": 5000.0, "row_index": 47, "col_index": 25 }, "geometry": { "type": "Point", "coordinates": [ 4.9555163, 51.4995537 ] } },
{ "type": "Feature", "properties": { "id": 1674, "left": 5000.0, "top": -5000.0, "right": 10000.0, "bottom": 0.0, "row_index": 48, "col_index": 25 }, "geometry": { "type": "Point", "coordinates": [ 4.9554441, 51.454611 ] } },
{ "type": "Feature", "properties": { "id": 1675, "left": 5000.0, "top": -10000.0, "right": 10000.0, "bottom": -5000.0, "row_index": 49, "col_index": 25 }, "geometry": { "type": "Point", "coordinates": [ 4.9553722, 51.4096679 ] } },
{ "type": "Feature", "properties": { "id": 1676, "left": 5000.0, "top": -15000.0, "right": 10000.0, "bottom": -10000.0, "row_index": 50, "col_index": 25 }, "geometry": { "type": "Point", "coordinates": [ 4.9553004, 51.3647244 ] } },
{ "type": "Feature", "properties": { "id": 1677, "left": 5000.0, "top": -20000.0, "right": 10000.0, "bottom": -15000.0, "row_index": 51, "col_index": 25 }, "geometry": { "type": "Point", "coordinates": [ 4.9552288, 51.3197807 ] } },
{ "type": "Feature", "properties": { "id": 1678, "left": 5000.0, "top": -25000.0, "right": 10000.0, "bottom": -20000.0, "row_index": 52, "col_index": 25 }, "geometry": { "type": "Point", "coordinates": [ 4.9551574, 51.2748365 ] } },
{ "type": "Feature", "properties": { "id": 1679, "left": 5000.0, "top": -30000.0, "right": 10000.0, "bottom": -25000.0, "row_index": 53, "col_index": 25 }, "geometry": { "type": "Point", "coordinates": [ 4.9550861, 51.229892 ] } },
{ "type": "Feature", "properties": { "id": 1680, "left": 5000.0, "top": -35000.0, "right": 10000.0, "bottom": -30000.0, "row_index": 54, "col_index": 25 }, "geometry": { "type": "Point", "coordinates": [ 4.9550151, 51.1849472 ] } },
{ "type": "Feature", "properties": { "id": 1681, "left": 5000.0, "top": -40000.0, "right": 10000.0, "bottom": -35000.0, "row_index": 55, "col_index": 25 }, "geometry": { "type": "Point", "coordinates": [ 4.9549442, 51.140002 ] } },
{ "type": "Feature", "properties": { "id": 1682, "left": 5000.0, "top": -45000.0, "right": 10000.0, "bottom": -40000.0, "row_index": 56, "col_index": 25 }, "geometry": { "type": "Point", "coordinates": [ 4.9548735, 51.0950565 ] } },
{ "type": "Feature", "properties": { "id": 1683, "left": 5000.0, "top": -50000.0, "right": 10000.0, "bottom": -45000.0, "row_index": 57, "col_index": 25 }, "geometry": { "type": "Point", "coordinates": [ 4.954803, 51.0501107 ] } },
{ "type": "Feature", "properties": { "id": 1684, "left": 5000.0, "top": -55000.0, "right": 10000.0, "bottom": -50000.0, "row_index": 58, "col_index": 25 }, "geometry": { "type": "Point", "coordinates": [ 4.9547327, 51.0051644 ] } },
{ "type": "Feature", "properties": { "id": 1685, "left": 5000.0, "top": -60000.0, "right": 10000.0, "bottom": -55000.0, "row_index": 59, "col_index": 25 }, "geometry": { "type": "Point", "coordinates": [ 4.9546625, 50.9602179 ] } },
{ "type": "Feature", "properties": { "id": 1686, "left": 5000.0, "top": -65000.0, "right": 10000.0, "bottom": -60000.0, "row_index": 60, "col_index": 25 }, "geometry": { "type": "Point", "coordinates": [ 4.9545925, 50.915271 ] } },
{ "type": "Feature", "properties": { "id": 1687, "left": 5000.0, "top": -70000.0, "right": 10000.0, "bottom": -65000.0, "row_index": 61, "col_index": 25 }, "geometry": { "type": "Point", "coordinates": [ 4.9545228, 50.8703237 ] } },
{ "type": "Feature", "properties": { "id": 1688, "left": 5000.0, "top": -75000.0, "right": 10000.0, "bottom": -70000.0, "row_index": 62, "col_index": 25 }, "geometry": { "type": "Point", "coordinates": [ 4.9544531, 50.8253761 ] } },
{ "type": "Feature", "properties": { "id": 1689, "left": 5000.0, "top": -80000.0, "right": 10000.0, "bottom": -75000.0, "row_index": 63, "col_index": 25 }, "geometry": { "type": "Point", "coordinates": [ 4.9543837, 50.7804282 ] } },
{ "type": "Feature", "properties": { "id": 1690, "left": 5000.0, "top": -85000.0, "right": 10000.0, "bottom": -80000.0, "row_index": 64, "col_index": 25 }, "geometry": { "type": "Point", "coordinates": [ 4.9543144, 50.7354799 ] } },
{ "type": "Feature", "properties": { "id": 1691, "left": 10000.0, "top": 235000.0, "right": 15000.0, "bottom": 240000.0, "row_index": 0, "col_index": 26 }, "geometry": { "type": "Point", "coordinates": [ 5.0346788, 53.6114047 ] } },
{ "type": "Feature", "properties": { "id": 1692, "left": 10000.0, "top": 230000.0, "right": 15000.0, "bottom": 235000.0, "row_index": 1, "col_index": 26 }, "geometry": { "type": "Point", "coordinates": [ 5.0345171, 53.5664782 ] } },
{ "type": "Feature", "properties": { "id": 1693, "left": 10000.0, "top": 225000.0, "right": 15000.0, "bottom": 230000.0, "row_index": 2, "col_index": 26 }, "geometry": { "type": "Point", "coordinates": [ 5.0343558, 53.5215513 ] } },
{ "type": "Feature", "properties": { "id": 1694, "left": 10000.0, "top": 220000.0, "right": 15000.0, "bottom": 225000.0, "row_index": 3, "col_index": 26 }, "geometry": { "type": "Point", "coordinates": [ 5.0341949, 53.476624 ] } },
{ "type": "Feature", "properties": { "id": 1695, "left": 10000.0, "top": 215000.0, "right": 15000.0, "bottom": 220000.0, "row_index": 4, "col_index": 26 }, "geometry": { "type": "Point", "coordinates": [ 5.0340344, 53.4316964 ] } },
{ "type": "Feature", "properties": { "id": 1696, "left": 10000.0, "top": 210000.0, "right": 15000.0, "bottom": 215000.0, "row_index": 5, "col_index": 26 }, "geometry": { "type": "Point", "coordinates": [ 5.0338744, 53.3867685 ] } },
{ "type": "Feature", "properties": { "id": 1697, "left": 10000.0, "top": 205000.0, "right": 15000.0, "bottom": 210000.0, "row_index": 6, "col_index": 26 }, "geometry": { "type": "Point", "coordinates": [ 5.0337148, 53.3418402 ] } },
{ "type": "Feature", "properties": { "id": 1698, "left": 10000.0, "top": 200000.0, "right": 15000.0, "bottom": 205000.0, "row_index": 7, "col_index": 26 }, "geometry": { "type": "Point", "coordinates": [ 5.0335557, 53.2969116 ] } },
{ "type": "Feature", "properties": { "id": 1699, "left": 10000.0, "top": 195000.0, "right": 15000.0, "bottom": 200000.0, "row_index": 8, "col_index": 26 }, "geometry": { "type": "Point", "coordinates": [ 5.0333969, 53.2519826 ] } },
{ "type": "Feature", "properties": { "id": 1700, "left": 10000.0, "top": 190000.0, "right": 15000.0, "bottom": 195000.0, "row_index": 9, "col_index": 26 }, "geometry": { "type": "Point", "coordinates": [ 5.0332386, 53.2070533 ] } },
{ "type": "Feature", "properties": { "id": 1701, "left": 10000.0, "top": 185000.0, "right": 15000.0, "bottom": 190000.0, "row_index": 10, "col_index": 26 }, "geometry": { "type": "Point", "coordinates": [ 5.0330807, 53.1621237 ] } },
{ "type": "Feature", "properties": { "id": 1702, "left": 10000.0, "top": 180000.0, "right": 15000.0, "bottom": 185000.0, "row_index": 11, "col_index": 26 }, "geometry": { "type": "Point", "coordinates": [ 5.0329233, 53.1171937 ] } },
{ "type": "Feature", "properties": { "id": 1703, "left": 10000.0, "top": 175000.0, "right": 15000.0, "bottom": 180000.0, "row_index": 12, "col_index": 26 }, "geometry": { "type": "Point", "coordinates": [ 5.0327662, 53.0722634 ] } },
{ "type": "Feature", "properties": { "id": 1704, "left": 10000.0, "top": 170000.0, "right": 15000.0, "bottom": 175000.0, "row_index": 13, "col_index": 26 }, "geometry": { "type": "Point", "coordinates": [ 5.0326096, 53.0273328 ] } },
{ "type": "Feature", "properties": { "id": 1705, "left": 10000.0, "top": 165000.0, "right": 15000.0, "bottom": 170000.0, "row_index": 14, "col_index": 26 }, "geometry": { "type": "Point", "coordinates": [ 5.0324534, 52.9824018 ] } },
{ "type": "Feature", "properties": { "id": 1706, "left": 10000.0, "top": 160000.0, "right": 15000.0, "bottom": 165000.0, "row_index": 15, "col_index": 26 }, "geometry": { "type": "Point", "coordinates": [ 5.0322976, 52.9374704 ] } },
{ "type": "Feature", "properties": { "id": 1707, "left": 10000.0, "top": 155000.0, "right": 15000.0, "bottom": 160000.0, "row_index": 16, "col_index": 26 }, "geometry": { "type": "Point", "coordinates": [ 5.0321422, 52.8925387 ] } },
{ "type": "Feature", "properties": { "id": 1708, "left": 10000.0, "top": 150000.0, "right": 15000.0, "bottom": 155000.0, "row_index": 17, "col_index": 26 }, "geometry": { "type": "Point", "coordinates": [ 5.0319872, 52.8476067 ] } },
{ "type": "Feature", "properties": { "id": 1709, "left": 10000.0, "top": 145000.0, "right": 15000.0, "bottom": 150000.0, "row_index": 18, "col_index": 26 }, "geometry": { "type": "Point", "coordinates": [ 5.0318326, 52.8026744 ] } },
{ "type": "Feature", "properties": { "id": 1710, "left": 10000.0, "top": 140000.0, "right": 15000.0, "bottom": 145000.0, "row_index": 19, "col_index": 26 }, "geometry": { "type": "Point", "coordinates": [ 5.0316785, 52.7577417 ] } },
{ "type": "Feature", "properties": { "id": 1711, "left": 10000.0, "top": 135000.0, "right": 15000.0, "bottom": 140000.0, "row_index": 20, "col_index": 26 }, "geometry": { "type": "Point", "coordinates": [ 5.0315247, 52.7128086 ] } },
{ "type": "Feature", "properties": { "id": 1712, "left": 10000.0, "top": 130000.0, "right": 15000.0, "bottom": 135000.0, "row_index": 21, "col_index": 26 }, "geometry": { "type": "Point", "coordinates": [ 5.0313714, 52.6678752 ] } },
{ "type": "Feature", "properties": { "id": 1713, "left": 10000.0, "top": 125000.0, "right": 15000.0, "bottom": 130000.0, "row_index": 22, "col_index": 26 }, "geometry": { "type": "Point", "coordinates": [ 5.0312185, 52.6229415 ] } },
{ "type": "Feature", "properties": { "id": 1714, "left": 10000.0, "top": 120000.0, "right": 15000.0, "bottom": 125000.0, "row_index": 23, "col_index": 26 }, "geometry": { "type": "Point", "coordinates": [ 5.0310659, 52.5780074 ] } },
{ "type": "Feature", "properties": { "id": 1715, "left": 10000.0, "top": 115000.0, "right": 15000.0, "bottom": 120000.0, "row_index": 24, "col_index": 26 }, "geometry": { "type": "Point", "coordinates": [ 5.0309138, 52.533073 ] } },
{ "type": "Feature", "properties": { "id": 1716, "left": 10000.0, "top": 110000.0, "right": 15000.0, "bottom": 115000.0, "row_index": 25, "col_index": 26 }, "geometry": { "type": "Point", "coordinates": [ 5.0307621, 52.4881382 ] } },
{ "type": "Feature", "properties": { "id": 1717, "left": 10000.0, "top": 105000.0, "right": 15000.0, "bottom": 110000.0, "row_index": 26, "col_index": 26 }, "geometry": { "type": "Point", "coordinates": [ 5.0306108, 52.4432031 ] } },
{ "type": "Feature", "properties": { "id": 1718, "left": 10000.0, "top": 100000.0, "right": 15000.0, "bottom": 105000.0, "row_index": 27, "col_index": 26 }, "geometry": { "type": "Point", "coordinates": [ 5.0304598, 52.3982677 ] } },
{ "type": "Feature", "properties": { "id": 1719, "left": 10000.0, "top": 95000.0, "right": 15000.0, "bottom": 100000.0, "row_index": 28, "col_index": 26 }, "geometry": { "type": "Point", "coordinates": [ 5.0303093, 52.3533319 ] } },
{ "type": "Feature", "properties": { "id": 1720, "left": 10000.0, "top": 90000.0, "right": 15000.0, "bottom": 95000.0, "row_index": 29, "col_index": 26 }, "geometry": { "type": "Point", "coordinates": [ 5.0301591, 52.3083958 ] } },
{ "type": "Feature", "properties": { "id": 1721, "left": 10000.0, "top": 85000.0, "right": 15000.0, "bottom": 90000.0, "row_index": 30, "col_index": 26 }, "geometry": { "type": "Point", "coordinates": [ 5.0300094, 52.2634593 ] } },
{ "type": "Feature", "properties": { "id": 1722, "left": 10000.0, "top": 80000.0, "right": 15000.0, "bottom": 85000.0, "row_index": 31, "col_index": 26 }, "geometry": { "type": "Point", "coordinates": [ 5.0298601, 52.2185225 ] } },
{ "type": "Feature", "properties": { "id": 1723, "left": 10000.0, "top": 75000.0, "right": 15000.0, "bottom": 80000.0, "row_index": 32, "col_index": 26 }, "geometry": { "type": "Point", "coordinates": [ 5.0297111, 52.1735853 ] } },
{ "type": "Feature", "properties": { "id": 1724, "left": 10000.0, "top": 70000.0, "right": 15000.0, "bottom": 75000.0, "row_index": 33, "col_index": 26 }, "geometry": { "type": "Point", "coordinates": [ 5.0295625, 52.1286478 ] } },
{ "type": "Feature", "properties": { "id": 1725, "left": 10000.0, "top": 65000.0, "right": 15000.0, "bottom": 70000.0, "row_index": 34, "col_index": 26 }, "geometry": { "type": "Point", "coordinates": [ 5.0294143, 52.08371 ] } },
{ "type": "Feature", "properties": { "id": 1726, "left": 10000.0, "top": 60000.0, "right": 15000.0, "bottom": 65000.0, "row_index": 35, "col_index": 26 }, "geometry": { "type": "Point", "coordinates": [ 5.0292665, 52.0387718 ] } },
{ "type": "Feature", "properties": { "id": 1727, "left": 10000.0, "top": 55000.0, "right": 15000.0, "bottom": 60000.0, "row_index": 36, "col_index": 26 }, "geometry": { "type": "Point", "coordinates": [ 5.0291191, 51.9938332 ] } },
{ "type": "Feature", "properties": { "id": 1728, "left": 10000.0, "top": 50000.0, "right": 15000.0, "bottom": 55000.0, "row_index": 37, "col_index": 26 }, "geometry": { "type": "Point", "coordinates": [ 5.0289721, 51.9488943 ] } },
{ "type": "Feature", "properties": { "id": 1729, "left": 10000.0, "top": 45000.0, "right": 15000.0, "bottom": 50000.0, "row_index": 38, "col_index": 26 }, "geometry": { "type": "Point", "coordinates": [ 5.0288254, 51.9039551 ] } },
{ "type": "Feature", "properties": { "id": 1730, "left": 10000.0, "top": 40000.0, "right": 15000.0, "bottom": 45000.0, "row_index": 39, "col_index": 26 }, "geometry": { "type": "Point", "coordinates": [ 5.0286792, 51.8590155 ] } },
{ "type": "Feature", "properties": { "id": 1731, "left": 10000.0, "top": 35000.0, "right": 15000.0, "bottom": 40000.0, "row_index": 40, "col_index": 26 }, "geometry": { "type": "Point", "coordinates": [ 5.0285333, 51.8140756 ] } },
{ "type": "Feature", "properties": { "id": 1732, "left": 10000.0, "top": 30000.0, "right": 15000.0, "bottom": 35000.0, "row_index": 41, "col_index": 26 }, "geometry": { "type": "Point", "coordinates": [ 5.0283878, 51.7691354 ] } },
{ "type": "Feature", "properties": { "id": 1733, "left": 10000.0, "top": 25000.0, "right": 15000.0, "bottom": 30000.0, "row_index": 42, "col_index": 26 }, "geometry": { "type": "Point", "coordinates": [ 5.0282427, 51.7241948 ] } },
{ "type": "Feature", "properties": { "id": 1734, "left": 10000.0, "top": 20000.0, "right": 15000.0, "bottom": 25000.0, "row_index": 43, "col_index": 26 }, "geometry": { "type": "Point", "coordinates": [ 5.0280979, 51.6792538 ] } },
{ "type": "Feature", "properties": { "id": 1735, "left": 10000.0, "top": 15000.0, "right": 15000.0, "bottom": 20000.0, "row_index": 44, "col_index": 26 }, "geometry": { "type": "Point", "coordinates": [ 5.0279535, 51.6343125 ] } },
{ "type": "Feature", "properties": { "id": 1736, "left": 10000.0, "top": 10000.0, "right": 15000.0, "bottom": 15000.0, "row_index": 45, "col_index": 26 }, "geometry": { "type": "Point", "coordinates": [ 5.0278095, 51.5893709 ] } },
{ "type": "Feature", "properties": { "id": 1737, "left": 10000.0, "top": 5000.0, "right": 15000.0, "bottom": 10000.0, "row_index": 46, "col_index": 26 }, "geometry": { "type": "Point", "coordinates": [ 5.0276659, 51.5444289 ] } },
{ "type": "Feature", "properties": { "id": 1738, "left": 10000.0, "top": 0.0, "right": 15000.0, "bottom": 5000.0, "row_index": 47, "col_index": 26 }, "geometry": { "type": "Point", "coordinates": [ 5.0275227, 51.4994865 ] } },
{ "type": "Feature", "properties": { "id": 1739, "left": 10000.0, "top": -5000.0, "right": 15000.0, "bottom": 0.0, "row_index": 48, "col_index": 26 }, "geometry": { "type": "Point", "coordinates": [ 5.0273798, 51.4545438 ] } },
{ "type": "Feature", "properties": { "id": 1740, "left": 10000.0, "top": -10000.0, "right": 15000.0, "bottom": -5000.0, "row_index": 49, "col_index": 26 }, "geometry": { "type": "Point", "coordinates": [ 5.0272372, 51.4096008 ] } },
{ "type": "Feature", "properties": { "id": 1741, "left": 10000.0, "top": -15000.0, "right": 15000.0, "bottom": -10000.0, "row_index": 50, "col_index": 26 }, "geometry": { "type": "Point", "coordinates": [ 5.0270951, 51.3646574 ] } },
{ "type": "Feature", "properties": { "id": 1742, "left": 10000.0, "top": -20000.0, "right": 15000.0, "bottom": -15000.0, "row_index": 51, "col_index": 26 }, "geometry": { "type": "Point", "coordinates": [ 5.0269533, 51.3197137 ] } },
{ "type": "Feature", "properties": { "id": 1743, "left": 10000.0, "top": -25000.0, "right": 15000.0, "bottom": -20000.0, "row_index": 52, "col_index": 26 }, "geometry": { "type": "Point", "coordinates": [ 5.0268119, 51.2747697 ] } },
{ "type": "Feature", "properties": { "id": 1744, "left": 10000.0, "top": -30000.0, "right": 15000.0, "bottom": -25000.0, "row_index": 53, "col_index": 26 }, "geometry": { "type": "Point", "coordinates": [ 5.0266708, 51.2298252 ] } },
{ "type": "Feature", "properties": { "id": 1745, "left": 10000.0, "top": -35000.0, "right": 15000.0, "bottom": -30000.0, "row_index": 54, "col_index": 26 }, "geometry": { "type": "Point", "coordinates": [ 5.0265301, 51.1848805 ] } },
{ "type": "Feature", "properties": { "id": 1746, "left": 10000.0, "top": -40000.0, "right": 15000.0, "bottom": -35000.0, "row_index": 55, "col_index": 26 }, "geometry": { "type": "Point", "coordinates": [ 5.0263898, 51.1399354 ] } },
{ "type": "Feature", "properties": { "id": 1747, "left": 10000.0, "top": -45000.0, "right": 15000.0, "bottom": -40000.0, "row_index": 56, "col_index": 26 }, "geometry": { "type": "Point", "coordinates": [ 5.0262498, 51.0949899 ] } },
{ "type": "Feature", "properties": { "id": 1748, "left": 10000.0, "top": -50000.0, "right": 15000.0, "bottom": -45000.0, "row_index": 57, "col_index": 26 }, "geometry": { "type": "Point", "coordinates": [ 5.0261102, 51.0500441 ] } },
{ "type": "Feature", "properties": { "id": 1749, "left": 10000.0, "top": -55000.0, "right": 15000.0, "bottom": -50000.0, "row_index": 58, "col_index": 26 }, "geometry": { "type": "Point", "coordinates": [ 5.0259709, 51.005098 ] } },
{ "type": "Feature", "properties": { "id": 1750, "left": 10000.0, "top": -60000.0, "right": 15000.0, "bottom": -55000.0, "row_index": 59, "col_index": 26 }, "geometry": { "type": "Point", "coordinates": [ 5.025832, 50.9601515 ] } },
{ "type": "Feature", "properties": { "id": 1751, "left": 10000.0, "top": -65000.0, "right": 15000.0, "bottom": -60000.0, "row_index": 60, "col_index": 26 }, "geometry": { "type": "Point", "coordinates": [ 5.0256935, 50.9152046 ] } },
{ "type": "Feature", "properties": { "id": 1752, "left": 10000.0, "top": -70000.0, "right": 15000.0, "bottom": -65000.0, "row_index": 61, "col_index": 26 }, "geometry": { "type": "Point", "coordinates": [ 5.0255553, 50.8702574 ] } },
{ "type": "Feature", "properties": { "id": 1753, "left": 10000.0, "top": -75000.0, "right": 15000.0, "bottom": -70000.0, "row_index": 62, "col_index": 26 }, "geometry": { "type": "Point", "coordinates": [ 5.0254175, 50.8253099 ] } },
{ "type": "Feature", "properties": { "id": 1754, "left": 10000.0, "top": -80000.0, "right": 15000.0, "bottom": -75000.0, "row_index": 63, "col_index": 26 }, "geometry": { "type": "Point", "coordinates": [ 5.02528, 50.780362 ] } },
{ "type": "Feature", "properties": { "id": 1755, "left": 10000.0, "top": -85000.0, "right": 15000.0, "bottom": -80000.0, "row_index": 64, "col_index": 26 }, "geometry": { "type": "Point", "coordinates": [ 5.0251428, 50.7354138 ] } },
{ "type": "Feature", "properties": { "id": 1756, "left": 15000.0, "top": 235000.0, "right": 20000.0, "bottom": 240000.0, "row_index": 0, "col_index": 27 }, "geometry": { "type": "Point", "coordinates": [ 5.1102276, 53.611288 ] } },
{ "type": "Feature", "properties": { "id": 1757, "left": 15000.0, "top": 230000.0, "right": 20000.0, "bottom": 235000.0, "row_index": 1, "col_index": 27 }, "geometry": { "type": "Point", "coordinates": [ 5.1099858, 53.5663615 ] } },
{ "type": "Feature", "properties": { "id": 1758, "left": 15000.0, "top": 225000.0, "right": 20000.0, "bottom": 230000.0, "row_index": 2, "col_index": 27 }, "geometry": { "type": "Point", "coordinates": [ 5.1097446, 53.5214347 ] } },
{ "type": "Feature", "properties": { "id": 1759, "left": 15000.0, "top": 220000.0, "right": 20000.0, "bottom": 225000.0, "row_index": 3, "col_index": 27 }, "geometry": { "type": "Point", "coordinates": [ 5.1095041, 53.4765076 ] } },
{ "type": "Feature", "properties": { "id": 1760, "left": 15000.0, "top": 215000.0, "right": 20000.0, "bottom": 220000.0, "row_index": 4, "col_index": 27 }, "geometry": { "type": "Point", "coordinates": [ 5.1092642, 53.4315801 ] } },
{ "type": "Feature", "properties": { "id": 1761, "left": 15000.0, "top": 210000.0, "right": 20000.0, "bottom": 215000.0, "row_index": 5, "col_index": 27 }, "geometry": { "type": "Point", "coordinates": [ 5.1090249, 53.3866523 ] } },
{ "type": "Feature", "properties": { "id": 1762, "left": 15000.0, "top": 205000.0, "right": 20000.0, "bottom": 210000.0, "row_index": 6, "col_index": 27 }, "geometry": { "type": "Point", "coordinates": [ 5.1087863, 53.3417242 ] } },
{ "type": "Feature", "properties": { "id": 1763, "left": 15000.0, "top": 200000.0, "right": 20000.0, "bottom": 205000.0, "row_index": 7, "col_index": 27 }, "geometry": { "type": "Point", "coordinates": [ 5.1085484, 53.2967957 ] } },
{ "type": "Feature", "properties": { "id": 1764, "left": 15000.0, "top": 195000.0, "right": 20000.0, "bottom": 200000.0, "row_index": 8, "col_index": 27 }, "geometry": { "type": "Point", "coordinates": [ 5.108311, 53.2518668 ] } },
{ "type": "Feature", "properties": { "id": 1765, "left": 15000.0, "top": 190000.0, "right": 20000.0, "bottom": 195000.0, "row_index": 9, "col_index": 27 }, "geometry": { "type": "Point", "coordinates": [ 5.1080743, 53.2069376 ] } },
{ "type": "Feature", "properties": { "id": 1766, "left": 15000.0, "top": 185000.0, "right": 20000.0, "bottom": 190000.0, "row_index": 10, "col_index": 27 }, "geometry": { "type": "Point", "coordinates": [ 5.1078383, 53.1620081 ] } },
{ "type": "Feature", "properties": { "id": 1767, "left": 15000.0, "top": 180000.0, "right": 20000.0, "bottom": 185000.0, "row_index": 11, "col_index": 27 }, "geometry": { "type": "Point", "coordinates": [ 5.1076028, 53.1170783 ] } },
{ "type": "Feature", "properties": { "id": 1768, "left": 15000.0, "top": 175000.0, "right": 20000.0, "bottom": 180000.0, "row_index": 12, "col_index": 27 }, "geometry": { "type": "Point", "coordinates": [ 5.107368, 53.0721481 ] } },
{ "type": "Feature", "properties": { "id": 1769, "left": 15000.0, "top": 170000.0, "right": 20000.0, "bottom": 175000.0, "row_index": 13, "col_index": 27 }, "geometry": { "type": "Point", "coordinates": [ 5.1071339, 53.0272175 ] } },
{ "type": "Feature", "properties": { "id": 1770, "left": 15000.0, "top": 165000.0, "right": 20000.0, "bottom": 170000.0, "row_index": 14, "col_index": 27 }, "geometry": { "type": "Point", "coordinates": [ 5.1069003, 52.9822867 ] } },
{ "type": "Feature", "properties": { "id": 1771, "left": 15000.0, "top": 160000.0, "right": 20000.0, "bottom": 165000.0, "row_index": 15, "col_index": 27 }, "geometry": { "type": "Point", "coordinates": [ 5.1066674, 52.9373554 ] } },
{ "type": "Feature", "properties": { "id": 1772, "left": 15000.0, "top": 155000.0, "right": 20000.0, "bottom": 160000.0, "row_index": 16, "col_index": 27 }, "geometry": { "type": "Point", "coordinates": [ 5.1064351, 52.8924239 ] } },
{ "type": "Feature", "properties": { "id": 1773, "left": 15000.0, "top": 150000.0, "right": 20000.0, "bottom": 155000.0, "row_index": 17, "col_index": 27 }, "geometry": { "type": "Point", "coordinates": [ 5.1062034, 52.847492 ] } },
{ "type": "Feature", "properties": { "id": 1774, "left": 15000.0, "top": 145000.0, "right": 20000.0, "bottom": 150000.0, "row_index": 18, "col_index": 27 }, "geometry": { "type": "Point", "coordinates": [ 5.1059723, 52.8025597 ] } },
{ "type": "Feature", "properties": { "id": 1775, "left": 15000.0, "top": 140000.0, "right": 20000.0, "bottom": 145000.0, "row_index": 19, "col_index": 27 }, "geometry": { "type": "Point", "coordinates": [ 5.1057418, 52.7576271 ] } },
{ "type": "Feature", "properties": { "id": 1776, "left": 15000.0, "top": 135000.0, "right": 20000.0, "bottom": 140000.0, "row_index": 20, "col_index": 27 }, "geometry": { "type": "Point", "coordinates": [ 5.105512, 52.7126942 ] } },
{ "type": "Feature", "properties": { "id": 1777, "left": 15000.0, "top": 130000.0, "right": 20000.0, "bottom": 135000.0, "row_index": 21, "col_index": 27 }, "geometry": { "type": "Point", "coordinates": [ 5.1052827, 52.6677609 ] } },
{ "type": "Feature", "properties": { "id": 1778, "left": 15000.0, "top": 125000.0, "right": 20000.0, "bottom": 130000.0, "row_index": 22, "col_index": 27 }, "geometry": { "type": "Point", "coordinates": [ 5.1050541, 52.6228273 ] } },
{ "type": "Feature", "properties": { "id": 1779, "left": 15000.0, "top": 120000.0, "right": 20000.0, "bottom": 125000.0, "row_index": 23, "col_index": 27 }, "geometry": { "type": "Point", "coordinates": [ 5.104826, 52.5778933 ] } },
{ "type": "Feature", "properties": { "id": 1780, "left": 15000.0, "top": 115000.0, "right": 20000.0, "bottom": 120000.0, "row_index": 24, "col_index": 27 }, "geometry": { "type": "Point", "coordinates": [ 5.1045986, 52.532959 ] } },
{ "type": "Feature", "properties": { "id": 1781, "left": 15000.0, "top": 110000.0, "right": 20000.0, "bottom": 115000.0, "row_index": 25, "col_index": 27 }, "geometry": { "type": "Point", "coordinates": [ 5.1043717, 52.4880244 ] } },
{ "type": "Feature", "properties": { "id": 1782, "left": 15000.0, "top": 105000.0, "right": 20000.0, "bottom": 110000.0, "row_index": 26, "col_index": 27 }, "geometry": { "type": "Point", "coordinates": [ 5.1041455, 52.4430894 ] } },
{ "type": "Feature", "properties": { "id": 1783, "left": 15000.0, "top": 100000.0, "right": 20000.0, "bottom": 105000.0, "row_index": 27, "col_index": 27 }, "geometry": { "type": "Point", "coordinates": [ 5.1039198, 52.3981541 ] } },
{ "type": "Feature", "properties": { "id": 1784, "left": 15000.0, "top": 95000.0, "right": 20000.0, "bottom": 100000.0, "row_index": 28, "col_index": 27 }, "geometry": { "type": "Point", "coordinates": [ 5.1036948, 52.3532184 ] } },
{ "type": "Feature", "properties": { "id": 1785, "left": 15000.0, "top": 90000.0, "right": 20000.0, "bottom": 95000.0, "row_index": 29, "col_index": 27 }, "geometry": { "type": "Point", "coordinates": [ 5.1034703, 52.3082824 ] } },
{ "type": "Feature", "properties": { "id": 1786, "left": 15000.0, "top": 85000.0, "right": 20000.0, "bottom": 90000.0, "row_index": 30, "col_index": 27 }, "geometry": { "type": "Point", "coordinates": [ 5.1032465, 52.263346 ] } },
{ "type": "Feature", "properties": { "id": 1787, "left": 15000.0, "top": 80000.0, "right": 20000.0, "bottom": 85000.0, "row_index": 31, "col_index": 27 }, "geometry": { "type": "Point", "coordinates": [ 5.1030232, 52.2184093 ] } },
{ "type": "Feature", "properties": { "id": 1788, "left": 15000.0, "top": 75000.0, "right": 20000.0, "bottom": 80000.0, "row_index": 32, "col_index": 27 }, "geometry": { "type": "Point", "coordinates": [ 5.1028005, 52.1734723 ] } },
{ "type": "Feature", "properties": { "id": 1789, "left": 15000.0, "top": 70000.0, "right": 20000.0, "bottom": 75000.0, "row_index": 33, "col_index": 27 }, "geometry": { "type": "Point", "coordinates": [ 5.1025783, 52.1285349 ] } },
{ "type": "Feature", "properties": { "id": 1790, "left": 15000.0, "top": 65000.0, "right": 20000.0, "bottom": 70000.0, "row_index": 34, "col_index": 27 }, "geometry": { "type": "Point", "coordinates": [ 5.1023568, 52.0835971 ] } },
{ "type": "Feature", "properties": { "id": 1791, "left": 15000.0, "top": 60000.0, "right": 20000.0, "bottom": 65000.0, "row_index": 35, "col_index": 27 }, "geometry": { "type": "Point", "coordinates": [ 5.1021358, 52.038659 ] } },
{ "type": "Feature", "properties": { "id": 1792, "left": 15000.0, "top": 55000.0, "right": 20000.0, "bottom": 60000.0, "row_index": 36, "col_index": 27 }, "geometry": { "type": "Point", "coordinates": [ 5.1019155, 51.9937206 ] } },
{ "type": "Feature", "properties": { "id": 1793, "left": 15000.0, "top": 50000.0, "right": 20000.0, "bottom": 55000.0, "row_index": 37, "col_index": 27 }, "geometry": { "type": "Point", "coordinates": [ 5.1016956, 51.9487818 ] } },
{ "type": "Feature", "properties": { "id": 1794, "left": 15000.0, "top": 45000.0, "right": 20000.0, "bottom": 50000.0, "row_index": 38, "col_index": 27 }, "geometry": { "type": "Point", "coordinates": [ 5.1014764, 51.9038427 ] } },
{ "type": "Feature", "properties": { "id": 1795, "left": 15000.0, "top": 40000.0, "right": 20000.0, "bottom": 45000.0, "row_index": 39, "col_index": 27 }, "geometry": { "type": "Point", "coordinates": [ 5.1012577, 51.8589033 ] } },
{ "type": "Feature", "properties": { "id": 1796, "left": 15000.0, "top": 35000.0, "right": 20000.0, "bottom": 40000.0, "row_index": 40, "col_index": 27 }, "geometry": { "type": "Point", "coordinates": [ 5.1010396, 51.8139635 ] } },
{ "type": "Feature", "properties": { "id": 1797, "left": 15000.0, "top": 30000.0, "right": 20000.0, "bottom": 35000.0, "row_index": 41, "col_index": 27 }, "geometry": { "type": "Point", "coordinates": [ 5.1008221, 51.7690233 ] } },
{ "type": "Feature", "properties": { "id": 1798, "left": 15000.0, "top": 25000.0, "right": 20000.0, "bottom": 30000.0, "row_index": 42, "col_index": 27 }, "geometry": { "type": "Point", "coordinates": [ 5.1006051, 51.7240828 ] } },
{ "type": "Feature", "properties": { "id": 1799, "left": 15000.0, "top": 20000.0, "right": 20000.0, "bottom": 25000.0, "row_index": 43, "col_index": 27 }, "geometry": { "type": "Point", "coordinates": [ 5.1003887, 51.679142 ] } },
{ "type": "Feature", "properties": { "id": 1800, "left": 15000.0, "top": 15000.0, "right": 20000.0, "bottom": 20000.0, "row_index": 44, "col_index": 27 }, "geometry": { "type": "Point", "coordinates": [ 5.1001729, 51.6342008 ] } },
{ "type": "Feature", "properties": { "id": 1801, "left": 15000.0, "top": 10000.0, "right": 20000.0, "bottom": 15000.0, "row_index": 45, "col_index": 27 }, "geometry": { "type": "Point", "coordinates": [ 5.0999576, 51.5892592 ] } },
{ "type": "Feature", "properties": { "id": 1802, "left": 15000.0, "top": 5000.0, "right": 20000.0, "bottom": 10000.0, "row_index": 46, "col_index": 27 }, "geometry": { "type": "Point", "coordinates": [ 5.0997429, 51.5443174 ] } },
{ "type": "Feature", "properties": { "id": 1803, "left": 15000.0, "top": 0.0, "right": 20000.0, "bottom": 5000.0, "row_index": 47, "col_index": 27 }, "geometry": { "type": "Point", "coordinates": [ 5.0995287, 51.4993751 ] } },
{ "type": "Feature", "properties": { "id": 1804, "left": 15000.0, "top": -5000.0, "right": 20000.0, "bottom": 0.0, "row_index": 48, "col_index": 27 }, "geometry": { "type": "Point", "coordinates": [ 5.0993151, 51.4544326 ] } },
{ "type": "Feature", "properties": { "id": 1805, "left": 15000.0, "top": -10000.0, "right": 20000.0, "bottom": -5000.0, "row_index": 49, "col_index": 27 }, "geometry": { "type": "Point", "coordinates": [ 5.099102, 51.4094896 ] } },
{ "type": "Feature", "properties": { "id": 1806, "left": 15000.0, "top": -15000.0, "right": 20000.0, "bottom": -10000.0, "row_index": 50, "col_index": 27 }, "geometry": { "type": "Point", "coordinates": [ 5.0988895, 51.3645464 ] } },
{ "type": "Feature", "properties": { "id": 1807, "left": 15000.0, "top": -20000.0, "right": 20000.0, "bottom": -15000.0, "row_index": 51, "col_index": 27 }, "geometry": { "type": "Point", "coordinates": [ 5.0986775, 51.3196028 ] } },
{ "type": "Feature", "properties": { "id": 1808, "left": 15000.0, "top": -25000.0, "right": 20000.0, "bottom": -20000.0, "row_index": 52, "col_index": 27 }, "geometry": { "type": "Point", "coordinates": [ 5.0984661, 51.2746588 ] } },
{ "type": "Feature", "properties": { "id": 1809, "left": 15000.0, "top": -30000.0, "right": 20000.0, "bottom": -25000.0, "row_index": 53, "col_index": 27 }, "geometry": { "type": "Point", "coordinates": [ 5.0982552, 51.2297145 ] } },
{ "type": "Feature", "properties": { "id": 1810, "left": 15000.0, "top": -35000.0, "right": 20000.0, "bottom": -30000.0, "row_index": 54, "col_index": 27 }, "geometry": { "type": "Point", "coordinates": [ 5.0980449, 51.1847698 ] } },
{ "type": "Feature", "properties": { "id": 1811, "left": 15000.0, "top": -40000.0, "right": 20000.0, "bottom": -35000.0, "row_index": 55, "col_index": 27 }, "geometry": { "type": "Point", "coordinates": [ 5.0978351, 51.1398248 ] } },
{ "type": "Feature", "properties": { "id": 1812, "left": 15000.0, "top": -45000.0, "right": 20000.0, "bottom": -40000.0, "row_index": 56, "col_index": 27 }, "geometry": { "type": "Point", "coordinates": [ 5.0976259, 51.0948795 ] } },
{ "type": "Feature", "properties": { "id": 1813, "left": 15000.0, "top": -50000.0, "right": 20000.0, "bottom": -45000.0, "row_index": 57, "col_index": 27 }, "geometry": { "type": "Point", "coordinates": [ 5.0974171, 51.0499338 ] } },
{ "type": "Feature", "properties": { "id": 1814, "left": 15000.0, "top": -55000.0, "right": 20000.0, "bottom": -50000.0, "row_index": 58, "col_index": 27 }, "geometry": { "type": "Point", "coordinates": [ 5.097209, 51.0049877 ] } },
{ "type": "Feature", "properties": { "id": 1815, "left": 15000.0, "top": -60000.0, "right": 20000.0, "bottom": -55000.0, "row_index": 59, "col_index": 27 }, "geometry": { "type": "Point", "coordinates": [ 5.0970013, 50.9600413 ] } },
{ "type": "Feature", "properties": { "id": 1816, "left": 15000.0, "top": -65000.0, "right": 20000.0, "bottom": -60000.0, "row_index": 60, "col_index": 27 }, "geometry": { "type": "Point", "coordinates": [ 5.0967942, 50.9150946 ] } },
{ "type": "Feature", "properties": { "id": 1817, "left": 15000.0, "top": -70000.0, "right": 20000.0, "bottom": -65000.0, "row_index": 61, "col_index": 27 }, "geometry": { "type": "Point", "coordinates": [ 5.0965876, 50.8701475 ] } },
{ "type": "Feature", "properties": { "id": 1818, "left": 15000.0, "top": -75000.0, "right": 20000.0, "bottom": -70000.0, "row_index": 62, "col_index": 27 }, "geometry": { "type": "Point", "coordinates": [ 5.0963815, 50.8252001 ] } },
{ "type": "Feature", "properties": { "id": 1819, "left": 15000.0, "top": -80000.0, "right": 20000.0, "bottom": -75000.0, "row_index": 63, "col_index": 27 }, "geometry": { "type": "Point", "coordinates": [ 5.096176, 50.7802523 ] } },
{ "type": "Feature", "properties": { "id": 1820, "left": 15000.0, "top": -85000.0, "right": 20000.0, "bottom": -80000.0, "row_index": 64, "col_index": 27 }, "geometry": { "type": "Point", "coordinates": [ 5.095971, 50.7353042 ] } },
{ "type": "Feature", "properties": { "id": 1821, "left": 20000.0, "top": 235000.0, "right": 25000.0, "bottom": 240000.0, "row_index": 0, "col_index": 28 }, "geometry": { "type": "Point", "coordinates": [ 5.1857759, 53.6111249 ] } },
{ "type": "Feature", "properties": { "id": 1822, "left": 20000.0, "top": 230000.0, "right": 25000.0, "bottom": 235000.0, "row_index": 1, "col_index": 28 }, "geometry": { "type": "Point", "coordinates": [ 5.185454, 53.5661986 ] } },
{ "type": "Feature", "properties": { "id": 1823, "left": 20000.0, "top": 225000.0, "right": 25000.0, "bottom": 230000.0, "row_index": 2, "col_index": 28 }, "geometry": { "type": "Point", "coordinates": [ 5.1851329, 53.521272 ] } },
{ "type": "Feature", "properties": { "id": 1824, "left": 20000.0, "top": 220000.0, "right": 25000.0, "bottom": 225000.0, "row_index": 3, "col_index": 28 }, "geometry": { "type": "Point", "coordinates": [ 5.1848127, 53.476345 ] } },
{ "type": "Feature", "properties": { "id": 1825, "left": 20000.0, "top": 215000.0, "right": 25000.0, "bottom": 220000.0, "row_index": 4, "col_index": 28 }, "geometry": { "type": "Point", "coordinates": [ 5.1844934, 53.4314177 ] } },
{ "type": "Feature", "properties": { "id": 1826, "left": 20000.0, "top": 210000.0, "right": 25000.0, "bottom": 215000.0, "row_index": 5, "col_index": 28 }, "geometry": { "type": "Point", "coordinates": [ 5.1841749, 53.38649 ] } },
{ "type": "Feature", "properties": { "id": 1827, "left": 20000.0, "top": 205000.0, "right": 25000.0, "bottom": 210000.0, "row_index": 6, "col_index": 28 }, "geometry": { "type": "Point", "coordinates": [ 5.1838573, 53.3415621 ] } },
{ "type": "Feature", "properties": { "id": 1828, "left": 20000.0, "top": 200000.0, "right": 25000.0, "bottom": 205000.0, "row_index": 7, "col_index": 28 }, "geometry": { "type": "Point", "coordinates": [ 5.1835406, 53.2966337 ] } },
{ "type": "Feature", "properties": { "id": 1829, "left": 20000.0, "top": 195000.0, "right": 25000.0, "bottom": 200000.0, "row_index": 8, "col_index": 28 }, "geometry": { "type": "Point", "coordinates": [ 5.1832246, 53.2517051 ] } },
{ "type": "Feature", "properties": { "id": 1830, "left": 20000.0, "top": 190000.0, "right": 25000.0, "bottom": 195000.0, "row_index": 9, "col_index": 28 }, "geometry": { "type": "Point", "coordinates": [ 5.1829096, 53.206776 ] } },
{ "type": "Feature", "properties": { "id": 1831, "left": 20000.0, "top": 185000.0, "right": 25000.0, "bottom": 190000.0, "row_index": 10, "col_index": 28 }, "geometry": { "type": "Point", "coordinates": [ 5.1825953, 53.1618467 ] } },
{ "type": "Feature", "properties": { "id": 1832, "left": 20000.0, "top": 180000.0, "right": 25000.0, "bottom": 185000.0, "row_index": 11, "col_index": 28 }, "geometry": { "type": "Point", "coordinates": [ 5.182282, 53.116917 ] } },
{ "type": "Feature", "properties": { "id": 1833, "left": 20000.0, "top": 175000.0, "right": 25000.0, "bottom": 180000.0, "row_index": 12, "col_index": 28 }, "geometry": { "type": "Point", "coordinates": [ 5.1819694, 53.071987 ] } },
{ "type": "Feature", "properties": { "id": 1834, "left": 20000.0, "top": 170000.0, "right": 25000.0, "bottom": 175000.0, "row_index": 13, "col_index": 28 }, "geometry": { "type": "Point", "coordinates": [ 5.1816577, 53.0270566 ] } },
{ "type": "Feature", "properties": { "id": 1835, "left": 20000.0, "top": 165000.0, "right": 25000.0, "bottom": 170000.0, "row_index": 14, "col_index": 28 }, "geometry": { "type": "Point", "coordinates": [ 5.1813468, 52.9821259 ] } },
{ "type": "Feature", "properties": { "id": 1836, "left": 20000.0, "top": 160000.0, "right": 25000.0, "bottom": 165000.0, "row_index": 15, "col_index": 28 }, "geometry": { "type": "Point", "coordinates": [ 5.1810367, 52.9371948 ] } },
{ "type": "Feature", "properties": { "id": 1837, "left": 20000.0, "top": 155000.0, "right": 25000.0, "bottom": 160000.0, "row_index": 16, "col_index": 28 }, "geometry": { "type": "Point", "coordinates": [ 5.1807275, 52.8922634 ] } },
{ "type": "Feature", "properties": { "id": 1838, "left": 20000.0, "top": 150000.0, "right": 25000.0, "bottom": 155000.0, "row_index": 17, "col_index": 28 }, "geometry": { "type": "Point", "coordinates": [ 5.1804191, 52.8473317 ] } },
{ "type": "Feature", "properties": { "id": 1839, "left": 20000.0, "top": 145000.0, "right": 25000.0, "bottom": 150000.0, "row_index": 18, "col_index": 28 }, "geometry": { "type": "Point", "coordinates": [ 5.1801115, 52.8023996 ] } },
{ "type": "Feature", "properties": { "id": 1840, "left": 20000.0, "top": 140000.0, "right": 25000.0, "bottom": 145000.0, "row_index": 19, "col_index": 28 }, "geometry": { "type": "Point", "coordinates": [ 5.1798047, 52.7574672 ] } },
{ "type": "Feature", "properties": { "id": 1841, "left": 20000.0, "top": 135000.0, "right": 25000.0, "bottom": 140000.0, "row_index": 20, "col_index": 28 }, "geometry": { "type": "Point", "coordinates": [ 5.1794987, 52.7125344 ] } },
{ "type": "Feature", "properties": { "id": 1842, "left": 20000.0, "top": 130000.0, "right": 25000.0, "bottom": 135000.0, "row_index": 21, "col_index": 28 }, "geometry": { "type": "Point", "coordinates": [ 5.1791936, 52.6676013 ] } },
{ "type": "Feature", "properties": { "id": 1843, "left": 20000.0, "top": 125000.0, "right": 25000.0, "bottom": 130000.0, "row_index": 22, "col_index": 28 }, "geometry": { "type": "Point", "coordinates": [ 5.1788892, 52.6226678 ] } },
{ "type": "Feature", "properties": { "id": 1844, "left": 20000.0, "top": 120000.0, "right": 25000.0, "bottom": 125000.0, "row_index": 23, "col_index": 28 }, "geometry": { "type": "Point", "coordinates": [ 5.1785856, 52.577734 ] } },
{ "type": "Feature", "properties": { "id": 1845, "left": 20000.0, "top": 115000.0, "right": 25000.0, "bottom": 120000.0, "row_index": 24, "col_index": 28 }, "geometry": { "type": "Point", "coordinates": [ 5.1782829, 52.5327999 ] } },
{ "type": "Feature", "properties": { "id": 1846, "left": 20000.0, "top": 110000.0, "right": 25000.0, "bottom": 115000.0, "row_index": 25, "col_index": 28 }, "geometry": { "type": "Point", "coordinates": [ 5.1779809, 52.4878654 ] } },
{ "type": "Feature", "properties": { "id": 1847, "left": 20000.0, "top": 105000.0, "right": 25000.0, "bottom": 110000.0, "row_index": 26, "col_index": 28 }, "geometry": { "type": "Point", "coordinates": [ 5.1776798, 52.4429305 ] } },
{ "type": "Feature", "properties": { "id": 1848, "left": 20000.0, "top": 100000.0, "right": 25000.0, "bottom": 105000.0, "row_index": 27, "col_index": 28 }, "geometry": { "type": "Point", "coordinates": [ 5.1773794, 52.3979954 ] } },
{ "type": "Feature", "properties": { "id": 1849, "left": 20000.0, "top": 95000.0, "right": 25000.0, "bottom": 100000.0, "row_index": 28, "col_index": 28 }, "geometry": { "type": "Point", "coordinates": [ 5.1770798, 52.3530599 ] } },
{ "type": "Feature", "properties": { "id": 1850, "left": 20000.0, "top": 90000.0, "right": 25000.0, "bottom": 95000.0, "row_index": 29, "col_index": 28 }, "geometry": { "type": "Point", "coordinates": [ 5.1767811, 52.308124 ] } },
{ "type": "Feature", "properties": { "id": 1851, "left": 20000.0, "top": 85000.0, "right": 25000.0, "bottom": 90000.0, "row_index": 30, "col_index": 28 }, "geometry": { "type": "Point", "coordinates": [ 5.176483, 52.2631878 ] } },
{ "type": "Feature", "properties": { "id": 1852, "left": 20000.0, "top": 80000.0, "right": 25000.0, "bottom": 85000.0, "row_index": 31, "col_index": 28 }, "geometry": { "type": "Point", "coordinates": [ 5.1761858, 52.2182512 ] } },
{ "type": "Feature", "properties": { "id": 1853, "left": 20000.0, "top": 75000.0, "right": 25000.0, "bottom": 80000.0, "row_index": 32, "col_index": 28 }, "geometry": { "type": "Point", "coordinates": [ 5.1758894, 52.1733143 ] } },
{ "type": "Feature", "properties": { "id": 1854, "left": 20000.0, "top": 70000.0, "right": 25000.0, "bottom": 75000.0, "row_index": 33, "col_index": 28 }, "geometry": { "type": "Point", "coordinates": [ 5.1755937, 52.1283771 ] } },
{ "type": "Feature", "properties": { "id": 1855, "left": 20000.0, "top": 65000.0, "right": 25000.0, "bottom": 70000.0, "row_index": 34, "col_index": 28 }, "geometry": { "type": "Point", "coordinates": [ 5.1752988, 52.0834395 ] } },
{ "type": "Feature", "properties": { "id": 1856, "left": 20000.0, "top": 60000.0, "right": 25000.0, "bottom": 65000.0, "row_index": 35, "col_index": 28 }, "geometry": { "type": "Point", "coordinates": [ 5.1750047, 52.0385016 ] } },
{ "type": "Feature", "properties": { "id": 1857, "left": 20000.0, "top": 55000.0, "right": 25000.0, "bottom": 60000.0, "row_index": 36, "col_index": 28 }, "geometry": { "type": "Point", "coordinates": [ 5.1747113, 51.9935633 ] } },
{ "type": "Feature", "properties": { "id": 1858, "left": 20000.0, "top": 50000.0, "right": 25000.0, "bottom": 55000.0, "row_index": 37, "col_index": 28 }, "geometry": { "type": "Point", "coordinates": [ 5.1744187, 51.9486247 ] } },
{ "type": "Feature", "properties": { "id": 1859, "left": 20000.0, "top": 45000.0, "right": 25000.0, "bottom": 50000.0, "row_index": 38, "col_index": 28 }, "geometry": { "type": "Point", "coordinates": [ 5.1741269, 51.9036857 ] } },
{ "type": "Feature", "properties": { "id": 1860, "left": 20000.0, "top": 40000.0, "right": 25000.0, "bottom": 45000.0, "row_index": 39, "col_index": 28 }, "geometry": { "type": "Point", "coordinates": [ 5.1738359, 51.8587464 ] } },
{ "type": "Feature", "properties": { "id": 1861, "left": 20000.0, "top": 35000.0, "right": 25000.0, "bottom": 40000.0, "row_index": 40, "col_index": 28 }, "geometry": { "type": "Point", "coordinates": [ 5.1735455, 51.8138068 ] } },
{ "type": "Feature", "properties": { "id": 1862, "left": 20000.0, "top": 30000.0, "right": 25000.0, "bottom": 35000.0, "row_index": 41, "col_index": 28 }, "geometry": { "type": "Point", "coordinates": [ 5.173256, 51.7688668 ] } },
{ "type": "Feature", "properties": { "id": 1863, "left": 20000.0, "top": 25000.0, "right": 25000.0, "bottom": 30000.0, "row_index": 42, "col_index": 28 }, "geometry": { "type": "Point", "coordinates": [ 5.1729672, 51.7239264 ] } },
{ "type": "Feature", "properties": { "id": 1864, "left": 20000.0, "top": 20000.0, "right": 25000.0, "bottom": 25000.0, "row_index": 43, "col_index": 28 }, "geometry": { "type": "Point", "coordinates": [ 5.1726791, 51.6789857 ] } },
{ "type": "Feature", "properties": { "id": 1865, "left": 20000.0, "top": 15000.0, "right": 25000.0, "bottom": 20000.0, "row_index": 44, "col_index": 28 }, "geometry": { "type": "Point", "coordinates": [ 5.1723918, 51.6340447 ] } },
{ "type": "Feature", "properties": { "id": 1866, "left": 20000.0, "top": 10000.0, "right": 25000.0, "bottom": 15000.0, "row_index": 45, "col_index": 28 }, "geometry": { "type": "Point", "coordinates": [ 5.1721053, 51.5891033 ] } },
{ "type": "Feature", "properties": { "id": 1867, "left": 20000.0, "top": 5000.0, "right": 25000.0, "bottom": 10000.0, "row_index": 46, "col_index": 28 }, "geometry": { "type": "Point", "coordinates": [ 5.1718194, 51.5441616 ] } },
{ "type": "Feature", "properties": { "id": 1868, "left": 20000.0, "top": 0.0, "right": 25000.0, "bottom": 5000.0, "row_index": 47, "col_index": 28 }, "geometry": { "type": "Point", "coordinates": [ 5.1715344, 51.4992195 ] } },
{ "type": "Feature", "properties": { "id": 1869, "left": 20000.0, "top": -5000.0, "right": 25000.0, "bottom": 0.0, "row_index": 48, "col_index": 28 }, "geometry": { "type": "Point", "coordinates": [ 5.17125, 51.4542771 ] } },
{ "type": "Feature", "properties": { "id": 1870, "left": 20000.0, "top": -10000.0, "right": 25000.0, "bottom": -5000.0, "row_index": 49, "col_index": 28 }, "geometry": { "type": "Point", "coordinates": [ 5.1709664, 51.4093343 ] } },
{ "type": "Feature", "properties": { "id": 1871, "left": 20000.0, "top": -15000.0, "right": 25000.0, "bottom": -10000.0, "row_index": 50, "col_index": 28 }, "geometry": { "type": "Point", "coordinates": [ 5.1706835, 51.3643912 ] } },
{ "type": "Feature", "properties": { "id": 1872, "left": 20000.0, "top": -20000.0, "right": 25000.0, "bottom": -15000.0, "row_index": 51, "col_index": 28 }, "geometry": { "type": "Point", "coordinates": [ 5.1704014, 51.3194478 ] } },
{ "type": "Feature", "properties": { "id": 1873, "left": 20000.0, "top": -25000.0, "right": 25000.0, "bottom": -20000.0, "row_index": 52, "col_index": 28 }, "geometry": { "type": "Point", "coordinates": [ 5.17012, 51.2745039 ] } },
{ "type": "Feature", "properties": { "id": 1874, "left": 20000.0, "top": -30000.0, "right": 25000.0, "bottom": -25000.0, "row_index": 53, "col_index": 28 }, "geometry": { "type": "Point", "coordinates": [ 5.1698393, 51.2295598 ] } },
{ "type": "Feature", "properties": { "id": 1875, "left": 20000.0, "top": -35000.0, "right": 25000.0, "bottom": -30000.0, "row_index": 54, "col_index": 28 }, "geometry": { "type": "Point", "coordinates": [ 5.1695593, 51.1846153 ] } },
{ "type": "Feature", "properties": { "id": 1876, "left": 20000.0, "top": -40000.0, "right": 25000.0, "bottom": -35000.0, "row_index": 55, "col_index": 28 }, "geometry": { "type": "Point", "coordinates": [ 5.16928, 51.1396704 ] } },
{ "type": "Feature", "properties": { "id": 1877, "left": 20000.0, "top": -45000.0, "right": 25000.0, "bottom": -40000.0, "row_index": 56, "col_index": 28 }, "geometry": { "type": "Point", "coordinates": [ 5.1690015, 51.0947252 ] } },
{ "type": "Feature", "properties": { "id": 1878, "left": 20000.0, "top": -50000.0, "right": 25000.0, "bottom": -45000.0, "row_index": 57, "col_index": 28 }, "geometry": { "type": "Point", "coordinates": [ 5.1687237, 51.0497797 ] } },
{ "type": "Feature", "properties": { "id": 1879, "left": 20000.0, "top": -55000.0, "right": 25000.0, "bottom": -50000.0, "row_index": 58, "col_index": 28 }, "geometry": { "type": "Point", "coordinates": [ 5.1684466, 51.0048338 ] } },
{ "type": "Feature", "properties": { "id": 1880, "left": 20000.0, "top": -60000.0, "right": 25000.0, "bottom": -55000.0, "row_index": 59, "col_index": 28 }, "geometry": { "type": "Point", "coordinates": [ 5.1681702, 50.9598875 ] } },
{ "type": "Feature", "properties": { "id": 1881, "left": 20000.0, "top": -65000.0, "right": 25000.0, "bottom": -60000.0, "row_index": 60, "col_index": 28 }, "geometry": { "type": "Point", "coordinates": [ 5.1678945, 50.914941 ] } },
{ "type": "Feature", "properties": { "id": 1882, "left": 20000.0, "top": -70000.0, "right": 25000.0, "bottom": -65000.0, "row_index": 61, "col_index": 28 }, "geometry": { "type": "Point", "coordinates": [ 5.1676195, 50.869994 ] } },
{ "type": "Feature", "properties": { "id": 1883, "left": 20000.0, "top": -75000.0, "right": 25000.0, "bottom": -70000.0, "row_index": 62, "col_index": 28 }, "geometry": { "type": "Point", "coordinates": [ 5.1673452, 50.8250467 ] } },
{ "type": "Feature", "properties": { "id": 1884, "left": 20000.0, "top": -80000.0, "right": 25000.0, "bottom": -75000.0, "row_index": 63, "col_index": 28 }, "geometry": { "type": "Point", "coordinates": [ 5.1670716, 50.7800991 ] } },
{ "type": "Feature", "properties": { "id": 1885, "left": 20000.0, "top": -85000.0, "right": 25000.0, "bottom": -80000.0, "row_index": 64, "col_index": 28 }, "geometry": { "type": "Point", "coordinates": [ 5.1667987, 50.7351511 ] } },
{ "type": "Feature", "properties": { "id": 1886, "left": 25000.0, "top": 235000.0, "right": 30000.0, "bottom": 240000.0, "row_index": 0, "col_index": 29 }, "geometry": { "type": "Point", "coordinates": [ 5.2613235, 53.6109155 ] } },
{ "type": "Feature", "properties": { "id": 1887, "left": 25000.0, "top": 230000.0, "right": 30000.0, "bottom": 235000.0, "row_index": 1, "col_index": 29 }, "geometry": { "type": "Point", "coordinates": [ 5.2609215, 53.5659894 ] } },
{ "type": "Feature", "properties": { "id": 1888, "left": 25000.0, "top": 225000.0, "right": 30000.0, "bottom": 230000.0, "row_index": 2, "col_index": 29 }, "geometry": { "type": "Point", "coordinates": [ 5.2605206, 53.521063 ] } },
{ "type": "Feature", "properties": { "id": 1889, "left": 25000.0, "top": 220000.0, "right": 30000.0, "bottom": 225000.0, "row_index": 3, "col_index": 29 }, "geometry": { "type": "Point", "coordinates": [ 5.2601207, 53.4761362 ] } },
{ "type": "Feature", "properties": { "id": 1890, "left": 25000.0, "top": 215000.0, "right": 30000.0, "bottom": 220000.0, "row_index": 4, "col_index": 29 }, "geometry": { "type": "Point", "coordinates": [ 5.259722, 53.4312091 ] } },
{ "type": "Feature", "properties": { "id": 1891, "left": 25000.0, "top": 210000.0, "right": 30000.0, "bottom": 215000.0, "row_index": 5, "col_index": 29 }, "geometry": { "type": "Point", "coordinates": [ 5.2593243, 53.3862817 ] } },
{ "type": "Feature", "properties": { "id": 1892, "left": 25000.0, "top": 205000.0, "right": 30000.0, "bottom": 210000.0, "row_index": 6, "col_index": 29 }, "geometry": { "type": "Point", "coordinates": [ 5.2589277, 53.3413539 ] } },
{ "type": "Feature", "properties": { "id": 1893, "left": 25000.0, "top": 200000.0, "right": 30000.0, "bottom": 205000.0, "row_index": 7, "col_index": 29 }, "geometry": { "type": "Point", "coordinates": [ 5.2585321, 53.2964258 ] } },
{ "type": "Feature", "properties": { "id": 1894, "left": 25000.0, "top": 195000.0, "right": 30000.0, "bottom": 200000.0, "row_index": 8, "col_index": 29 }, "geometry": { "type": "Point", "coordinates": [ 5.2581376, 53.2514973 ] } },
{ "type": "Feature", "properties": { "id": 1895, "left": 25000.0, "top": 190000.0, "right": 30000.0, "bottom": 195000.0, "row_index": 9, "col_index": 29 }, "geometry": { "type": "Point", "coordinates": [ 5.2577442, 53.2065685 ] } },
{ "type": "Feature", "properties": { "id": 1896, "left": 25000.0, "top": 185000.0, "right": 30000.0, "bottom": 190000.0, "row_index": 10, "col_index": 29 }, "geometry": { "type": "Point", "coordinates": [ 5.2573518, 53.1616394 ] } },
{ "type": "Feature", "properties": { "id": 1897, "left": 25000.0, "top": 180000.0, "right": 30000.0, "bottom": 185000.0, "row_index": 11, "col_index": 29 }, "geometry": { "type": "Point", "coordinates": [ 5.2569604, 53.1167099 ] } },
{ "type": "Feature", "properties": { "id": 1898, "left": 25000.0, "top": 175000.0, "right": 30000.0, "bottom": 180000.0, "row_index": 12, "col_index": 29 }, "geometry": { "type": "Point", "coordinates": [ 5.2565701, 53.0717801 ] } },
{ "type": "Feature", "properties": { "id": 1899, "left": 25000.0, "top": 170000.0, "right": 30000.0, "bottom": 175000.0, "row_index": 13, "col_index": 29 }, "geometry": { "type": "Point", "coordinates": [ 5.2561809, 53.0268499 ] } },
{ "type": "Feature", "properties": { "id": 1900, "left": 25000.0, "top": 165000.0, "right": 30000.0, "bottom": 170000.0, "row_index": 14, "col_index": 29 }, "geometry": { "type": "Point", "coordinates": [ 5.2557926, 52.9819194 ] } },
{ "type": "Feature", "properties": { "id": 1901, "left": 25000.0, "top": 160000.0, "right": 30000.0, "bottom": 165000.0, "row_index": 15, "col_index": 29 }, "geometry": { "type": "Point", "coordinates": [ 5.2554054, 52.9369886 ] } },
{ "type": "Feature", "properties": { "id": 1902, "left": 25000.0, "top": 155000.0, "right": 30000.0, "bottom": 160000.0, "row_index": 16, "col_index": 29 }, "geometry": { "type": "Point", "coordinates": [ 5.2550193, 52.8920574 ] } },
{ "type": "Feature", "properties": { "id": 1903, "left": 25000.0, "top": 150000.0, "right": 30000.0, "bottom": 155000.0, "row_index": 17, "col_index": 29 }, "geometry": { "type": "Point", "coordinates": [ 5.2546341, 52.8471258 ] } },
{ "type": "Feature", "properties": { "id": 1904, "left": 25000.0, "top": 145000.0, "right": 30000.0, "bottom": 150000.0, "row_index": 18, "col_index": 29 }, "geometry": { "type": "Point", "coordinates": [ 5.25425, 52.802194 ] } },
{ "type": "Feature", "properties": { "id": 1905, "left": 25000.0, "top": 140000.0, "right": 30000.0, "bottom": 145000.0, "row_index": 19, "col_index": 29 }, "geometry": { "type": "Point", "coordinates": [ 5.2538669, 52.7572617 ] } },
{ "type": "Feature", "properties": { "id": 1906, "left": 25000.0, "top": 135000.0, "right": 30000.0, "bottom": 140000.0, "row_index": 20, "col_index": 29 }, "geometry": { "type": "Point", "coordinates": [ 5.2534848, 52.7123292 ] } },
{ "type": "Feature", "properties": { "id": 1907, "left": 25000.0, "top": 130000.0, "right": 30000.0, "bottom": 135000.0, "row_index": 21, "col_index": 29 }, "geometry": { "type": "Point", "coordinates": [ 5.2531038, 52.6673963 ] } },
{ "type": "Feature", "properties": { "id": 1908, "left": 25000.0, "top": 125000.0, "right": 30000.0, "bottom": 130000.0, "row_index": 22, "col_index": 29 }, "geometry": { "type": "Point", "coordinates": [ 5.2527237, 52.622463 ] } },
{ "type": "Feature", "properties": { "id": 1909, "left": 25000.0, "top": 120000.0, "right": 30000.0, "bottom": 125000.0, "row_index": 23, "col_index": 29 }, "geometry": { "type": "Point", "coordinates": [ 5.2523447, 52.5775294 ] } },
{ "type": "Feature", "properties": { "id": 1910, "left": 25000.0, "top": 115000.0, "right": 30000.0, "bottom": 120000.0, "row_index": 24, "col_index": 29 }, "geometry": { "type": "Point", "coordinates": [ 5.2519666, 52.5325955 ] } },
{ "type": "Feature", "properties": { "id": 1911, "left": 25000.0, "top": 110000.0, "right": 30000.0, "bottom": 115000.0, "row_index": 25, "col_index": 29 }, "geometry": { "type": "Point", "coordinates": [ 5.2515895, 52.4876612 ] } },
{ "type": "Feature", "properties": { "id": 1912, "left": 25000.0, "top": 105000.0, "right": 30000.0, "bottom": 110000.0, "row_index": 26, "col_index": 29 }, "geometry": { "type": "Point", "coordinates": [ 5.2512135, 52.4427266 ] } },
{ "type": "Feature", "properties": { "id": 1913, "left": 25000.0, "top": 100000.0, "right": 30000.0, "bottom": 105000.0, "row_index": 27, "col_index": 29 }, "geometry": { "type": "Point", "coordinates": [ 5.2508384, 52.3977916 ] } },
{ "type": "Feature", "properties": { "id": 1914, "left": 25000.0, "top": 95000.0, "right": 30000.0, "bottom": 100000.0, "row_index": 28, "col_index": 29 }, "geometry": { "type": "Point", "coordinates": [ 5.2504643, 52.3528563 ] } },
{ "type": "Feature", "properties": { "id": 1915, "left": 25000.0, "top": 90000.0, "right": 30000.0, "bottom": 95000.0, "row_index": 29, "col_index": 29 }, "geometry": { "type": "Point", "coordinates": [ 5.2500912, 52.3079206 ] } },
{ "type": "Feature", "properties": { "id": 1916, "left": 25000.0, "top": 85000.0, "right": 30000.0, "bottom": 90000.0, "row_index": 30, "col_index": 29 }, "geometry": { "type": "Point", "coordinates": [ 5.249719, 52.2629846 ] } },
{ "type": "Feature", "properties": { "id": 1917, "left": 25000.0, "top": 80000.0, "right": 30000.0, "bottom": 85000.0, "row_index": 31, "col_index": 29 }, "geometry": { "type": "Point", "coordinates": [ 5.2493479, 52.2180483 ] } },
{ "type": "Feature", "properties": { "id": 1918, "left": 25000.0, "top": 75000.0, "right": 30000.0, "bottom": 80000.0, "row_index": 32, "col_index": 29 }, "geometry": { "type": "Point", "coordinates": [ 5.2489777, 52.1731116 ] } },
{ "type": "Feature", "properties": { "id": 1919, "left": 25000.0, "top": 70000.0, "right": 30000.0, "bottom": 75000.0, "row_index": 33, "col_index": 29 }, "geometry": { "type": "Point", "coordinates": [ 5.2486085, 52.1281745 ] } },
{ "type": "Feature", "properties": { "id": 1920, "left": 25000.0, "top": 65000.0, "right": 30000.0, "bottom": 70000.0, "row_index": 34, "col_index": 29 }, "geometry": { "type": "Point", "coordinates": [ 5.2482403, 52.0832372 ] } },
{ "type": "Feature", "properties": { "id": 1921, "left": 25000.0, "top": 60000.0, "right": 30000.0, "bottom": 65000.0, "row_index": 35, "col_index": 29 }, "geometry": { "type": "Point", "coordinates": [ 5.247873, 52.0382994 ] } },
{ "type": "Feature", "properties": { "id": 1922, "left": 25000.0, "top": 55000.0, "right": 30000.0, "bottom": 60000.0, "row_index": 36, "col_index": 29 }, "geometry": { "type": "Point", "coordinates": [ 5.2475066, 51.9933614 ] } },
{ "type": "Feature", "properties": { "id": 1923, "left": 25000.0, "top": 50000.0, "right": 30000.0, "bottom": 55000.0, "row_index": 37, "col_index": 29 }, "geometry": { "type": "Point", "coordinates": [ 5.2471413, 51.9484229 ] } },
{ "type": "Feature", "properties": { "id": 1924, "left": 25000.0, "top": 45000.0, "right": 30000.0, "bottom": 50000.0, "row_index": 38, "col_index": 29 }, "geometry": { "type": "Point", "coordinates": [ 5.2467769, 51.9034842 ] } },
{ "type": "Feature", "properties": { "id": 1925, "left": 25000.0, "top": 40000.0, "right": 30000.0, "bottom": 45000.0, "row_index": 39, "col_index": 29 }, "geometry": { "type": "Point", "coordinates": [ 5.2464134, 51.8585451 ] } },
{ "type": "Feature", "properties": { "id": 1926, "left": 25000.0, "top": 35000.0, "right": 30000.0, "bottom": 40000.0, "row_index": 40, "col_index": 29 }, "geometry": { "type": "Point", "coordinates": [ 5.2460509, 51.8136056 ] } },
{ "type": "Feature", "properties": { "id": 1927, "left": 25000.0, "top": 30000.0, "right": 30000.0, "bottom": 35000.0, "row_index": 41, "col_index": 29 }, "geometry": { "type": "Point", "coordinates": [ 5.2456893, 51.7686658 ] } },
{ "type": "Feature", "properties": { "id": 1928, "left": 25000.0, "top": 25000.0, "right": 30000.0, "bottom": 30000.0, "row_index": 42, "col_index": 29 }, "geometry": { "type": "Point", "coordinates": [ 5.2453287, 51.7237257 ] } },
{ "type": "Feature", "properties": { "id": 1929, "left": 25000.0, "top": 20000.0, "right": 30000.0, "bottom": 25000.0, "row_index": 43, "col_index": 29 }, "geometry": { "type": "Point", "coordinates": [ 5.244969, 51.6787852 ] } },
{ "type": "Feature", "properties": { "id": 1930, "left": 25000.0, "top": 15000.0, "right": 30000.0, "bottom": 20000.0, "row_index": 44, "col_index": 29 }, "geometry": { "type": "Point", "coordinates": [ 5.2446102, 51.6338443 ] } },
{ "type": "Feature", "properties": { "id": 1931, "left": 25000.0, "top": 10000.0, "right": 30000.0, "bottom": 15000.0, "row_index": 45, "col_index": 29 }, "geometry": { "type": "Point", "coordinates": [ 5.2442523, 51.5889031 ] } },
{ "type": "Feature", "properties": { "id": 1932, "left": 25000.0, "top": 5000.0, "right": 30000.0, "bottom": 10000.0, "row_index": 46, "col_index": 29 }, "geometry": { "type": "Point", "coordinates": [ 5.2438954, 51.5439616 ] } },
{ "type": "Feature", "properties": { "id": 1933, "left": 25000.0, "top": 0.0, "right": 30000.0, "bottom": 5000.0, "row_index": 47, "col_index": 29 }, "geometry": { "type": "Point", "coordinates": [ 5.2435394, 51.4990197 ] } },
{ "type": "Feature", "properties": { "id": 1934, "left": 25000.0, "top": -5000.0, "right": 30000.0, "bottom": 0.0, "row_index": 48, "col_index": 29 }, "geometry": { "type": "Point", "coordinates": [ 5.2431844, 51.4540775 ] } },
{ "type": "Feature", "properties": { "id": 1935, "left": 25000.0, "top": -10000.0, "right": 30000.0, "bottom": -5000.0, "row_index": 49, "col_index": 29 }, "geometry": { "type": "Point", "coordinates": [ 5.2428302, 51.4091349 ] } },
{ "type": "Feature", "properties": { "id": 1936, "left": 25000.0, "top": -15000.0, "right": 30000.0, "bottom": -10000.0, "row_index": 50, "col_index": 29 }, "geometry": { "type": "Point", "coordinates": [ 5.242477, 51.364192 ] } },
{ "type": "Feature", "properties": { "id": 1937, "left": 25000.0, "top": -20000.0, "right": 30000.0, "bottom": -15000.0, "row_index": 51, "col_index": 29 }, "geometry": { "type": "Point", "coordinates": [ 5.2421247, 51.3192487 ] } },
{ "type": "Feature", "properties": { "id": 1938, "left": 25000.0, "top": -25000.0, "right": 30000.0, "bottom": -20000.0, "row_index": 52, "col_index": 29 }, "geometry": { "type": "Point", "coordinates": [ 5.2417732, 51.2743051 ] } },
{ "type": "Feature", "properties": { "id": 1939, "left": 25000.0, "top": -30000.0, "right": 30000.0, "bottom": -25000.0, "row_index": 53, "col_index": 29 }, "geometry": { "type": "Point", "coordinates": [ 5.2414227, 51.2293611 ] } },
{ "type": "Feature", "properties": { "id": 1940, "left": 25000.0, "top": -35000.0, "right": 30000.0, "bottom": -30000.0, "row_index": 54, "col_index": 29 }, "geometry": { "type": "Point", "coordinates": [ 5.2410731, 51.1844168 ] } },
{ "type": "Feature", "properties": { "id": 1941, "left": 25000.0, "top": -40000.0, "right": 30000.0, "bottom": -35000.0, "row_index": 55, "col_index": 29 }, "geometry": { "type": "Point", "coordinates": [ 5.2407244, 51.1394722 ] } },
{ "type": "Feature", "properties": { "id": 1942, "left": 25000.0, "top": -45000.0, "right": 30000.0, "bottom": -40000.0, "row_index": 56, "col_index": 29 }, "geometry": { "type": "Point", "coordinates": [ 5.2403766, 51.0945272 ] } },
{ "type": "Feature", "properties": { "id": 1943, "left": 25000.0, "top": -50000.0, "right": 30000.0, "bottom": -45000.0, "row_index": 57, "col_index": 29 }, "geometry": { "type": "Point", "coordinates": [ 5.2400297, 51.0495818 ] } },
{ "type": "Feature", "properties": { "id": 1944, "left": 25000.0, "top": -55000.0, "right": 30000.0, "bottom": -50000.0, "row_index": 58, "col_index": 29 }, "geometry": { "type": "Point", "coordinates": [ 5.2396836, 51.0046361 ] } },
{ "type": "Feature", "properties": { "id": 1945, "left": 25000.0, "top": -60000.0, "right": 30000.0, "bottom": -55000.0, "row_index": 59, "col_index": 29 }, "geometry": { "type": "Point", "coordinates": [ 5.2393385, 50.9596901 ] } },
{ "type": "Feature", "properties": { "id": 1946, "left": 25000.0, "top": -65000.0, "right": 30000.0, "bottom": -60000.0, "row_index": 60, "col_index": 29 }, "geometry": { "type": "Point", "coordinates": [ 5.2389942, 50.9147437 ] } },
{ "type": "Feature", "properties": { "id": 1947, "left": 25000.0, "top": -70000.0, "right": 30000.0, "bottom": -65000.0, "row_index": 61, "col_index": 29 }, "geometry": { "type": "Point", "coordinates": [ 5.2386508, 50.8697969 ] } },
{ "type": "Feature", "properties": { "id": 1948, "left": 25000.0, "top": -75000.0, "right": 30000.0, "bottom": -70000.0, "row_index": 62, "col_index": 29 }, "geometry": { "type": "Point", "coordinates": [ 5.2383083, 50.8248498 ] } },
{ "type": "Feature", "properties": { "id": 1949, "left": 25000.0, "top": -80000.0, "right": 30000.0, "bottom": -75000.0, "row_index": 63, "col_index": 29 }, "geometry": { "type": "Point", "coordinates": [ 5.2379667, 50.7799024 ] } },
{ "type": "Feature", "properties": { "id": 1950, "left": 25000.0, "top": -85000.0, "right": 30000.0, "bottom": -80000.0, "row_index": 64, "col_index": 29 }, "geometry": { "type": "Point", "coordinates": [ 5.2376259, 50.7349546 ] } },
{ "type": "Feature", "properties": { "id": 1951, "left": 30000.0, "top": 235000.0, "right": 35000.0, "bottom": 240000.0, "row_index": 0, "col_index": 30 }, "geometry": { "type": "Point", "coordinates": [ 5.3368702, 53.6106597 ] } },
{ "type": "Feature", "properties": { "id": 1952, "left": 30000.0, "top": 230000.0, "right": 35000.0, "bottom": 235000.0, "row_index": 1, "col_index": 30 }, "geometry": { "type": "Point", "coordinates": [ 5.3363882, 53.5657339 ] } },
{ "type": "Feature", "properties": { "id": 1953, "left": 30000.0, "top": 225000.0, "right": 35000.0, "bottom": 230000.0, "row_index": 2, "col_index": 30 }, "geometry": { "type": "Point", "coordinates": [ 5.3359074, 53.5208078 ] } },
{ "type": "Feature", "properties": { "id": 1954, "left": 30000.0, "top": 220000.0, "right": 35000.0, "bottom": 225000.0, "row_index": 3, "col_index": 30 }, "geometry": { "type": "Point", "coordinates": [ 5.3354279, 53.4758813 ] } },
{ "type": "Feature", "properties": { "id": 1955, "left": 30000.0, "top": 215000.0, "right": 35000.0, "bottom": 220000.0, "row_index": 4, "col_index": 30 }, "geometry": { "type": "Point", "coordinates": [ 5.3349497, 53.4309544 ] } },
{ "type": "Feature", "properties": { "id": 1956, "left": 30000.0, "top": 210000.0, "right": 35000.0, "bottom": 215000.0, "row_index": 5, "col_index": 30 }, "geometry": { "type": "Point", "coordinates": [ 5.3344728, 53.3860273 ] } },
{ "type": "Feature", "properties": { "id": 1957, "left": 30000.0, "top": 205000.0, "right": 35000.0, "bottom": 210000.0, "row_index": 6, "col_index": 30 }, "geometry": { "type": "Point", "coordinates": [ 5.3339972, 53.3410997 ] } },
{ "type": "Feature", "properties": { "id": 1958, "left": 30000.0, "top": 200000.0, "right": 35000.0, "bottom": 205000.0, "row_index": 7, "col_index": 30 }, "geometry": { "type": "Point", "coordinates": [ 5.3335228, 53.2961719 ] } },
{ "type": "Feature", "properties": { "id": 1959, "left": 30000.0, "top": 195000.0, "right": 35000.0, "bottom": 200000.0, "row_index": 8, "col_index": 30 }, "geometry": { "type": "Point", "coordinates": [ 5.3330498, 53.2512437 ] } },
{ "type": "Feature", "properties": { "id": 1960, "left": 30000.0, "top": 190000.0, "right": 35000.0, "bottom": 195000.0, "row_index": 9, "col_index": 30 }, "geometry": { "type": "Point", "coordinates": [ 5.3325779, 53.2063151 ] } },
{ "type": "Feature", "properties": { "id": 1961, "left": 30000.0, "top": 185000.0, "right": 35000.0, "bottom": 190000.0, "row_index": 10, "col_index": 30 }, "geometry": { "type": "Point", "coordinates": [ 5.3321074, 53.1613863 ] } },
{ "type": "Feature", "properties": { "id": 1962, "left": 30000.0, "top": 180000.0, "right": 35000.0, "bottom": 185000.0, "row_index": 11, "col_index": 30 }, "geometry": { "type": "Point", "coordinates": [ 5.3316381, 53.116457 ] } },
{ "type": "Feature", "properties": { "id": 1963, "left": 30000.0, "top": 175000.0, "right": 35000.0, "bottom": 180000.0, "row_index": 12, "col_index": 30 }, "geometry": { "type": "Point", "coordinates": [ 5.33117, 53.0715275 ] } },
{ "type": "Feature", "properties": { "id": 1964, "left": 30000.0, "top": 170000.0, "right": 35000.0, "bottom": 175000.0, "row_index": 13, "col_index": 30 }, "geometry": { "type": "Point", "coordinates": [ 5.3307032, 53.0265975 ] } },
{ "type": "Feature", "properties": { "id": 1965, "left": 30000.0, "top": 165000.0, "right": 35000.0, "bottom": 170000.0, "row_index": 14, "col_index": 30 }, "geometry": { "type": "Point", "coordinates": [ 5.3302377, 52.9816673 ] } },
{ "type": "Feature", "properties": { "id": 1966, "left": 30000.0, "top": 160000.0, "right": 35000.0, "bottom": 165000.0, "row_index": 15, "col_index": 30 }, "geometry": { "type": "Point", "coordinates": [ 5.3297734, 52.9367367 ] } },
{ "type": "Feature", "properties": { "id": 1967, "left": 30000.0, "top": 155000.0, "right": 35000.0, "bottom": 160000.0, "row_index": 16, "col_index": 30 }, "geometry": { "type": "Point", "coordinates": [ 5.3293103, 52.8918057 ] } },
{ "type": "Feature", "properties": { "id": 1968, "left": 30000.0, "top": 150000.0, "right": 35000.0, "bottom": 155000.0, "row_index": 17, "col_index": 30 }, "geometry": { "type": "Point", "coordinates": [ 5.3288484, 52.8468745 ] } },
{ "type": "Feature", "properties": { "id": 1969, "left": 30000.0, "top": 145000.0, "right": 35000.0, "bottom": 150000.0, "row_index": 18, "col_index": 30 }, "geometry": { "type": "Point", "coordinates": [ 5.3283878, 52.8019428 ] } },
{ "type": "Feature", "properties": { "id": 1970, "left": 30000.0, "top": 140000.0, "right": 35000.0, "bottom": 145000.0, "row_index": 19, "col_index": 30 }, "geometry": { "type": "Point", "coordinates": [ 5.3279284, 52.7570109 ] } },
{ "type": "Feature", "properties": { "id": 1971, "left": 30000.0, "top": 135000.0, "right": 35000.0, "bottom": 140000.0, "row_index": 20, "col_index": 30 }, "geometry": { "type": "Point", "coordinates": [ 5.3274702, 52.7120786 ] } },
{ "type": "Feature", "properties": { "id": 1972, "left": 30000.0, "top": 130000.0, "right": 35000.0, "bottom": 135000.0, "row_index": 21, "col_index": 30 }, "geometry": { "type": "Point", "coordinates": [ 5.3270132, 52.6671459 ] } },
{ "type": "Feature", "properties": { "id": 1973, "left": 30000.0, "top": 125000.0, "right": 35000.0, "bottom": 130000.0, "row_index": 22, "col_index": 30 }, "geometry": { "type": "Point", "coordinates": [ 5.3265575, 52.6222129 ] } },
{ "type": "Feature", "properties": { "id": 1974, "left": 30000.0, "top": 120000.0, "right": 35000.0, "bottom": 125000.0, "row_index": 23, "col_index": 30 }, "geometry": { "type": "Point", "coordinates": [ 5.3261029, 52.5772796 ] } },
{ "type": "Feature", "properties": { "id": 1975, "left": 30000.0, "top": 115000.0, "right": 35000.0, "bottom": 120000.0, "row_index": 24, "col_index": 30 }, "geometry": { "type": "Point", "coordinates": [ 5.3256495, 52.5323459 ] } },
{ "type": "Feature", "properties": { "id": 1976, "left": 30000.0, "top": 110000.0, "right": 35000.0, "bottom": 115000.0, "row_index": 25, "col_index": 30 }, "geometry": { "type": "Point", "coordinates": [ 5.3251974, 52.4874118 ] } },
{ "type": "Feature", "properties": { "id": 1977, "left": 30000.0, "top": 105000.0, "right": 35000.0, "bottom": 110000.0, "row_index": 26, "col_index": 30 }, "geometry": { "type": "Point", "coordinates": [ 5.3247464, 52.4424775 ] } },
{ "type": "Feature", "properties": { "id": 1978, "left": 30000.0, "top": 100000.0, "right": 35000.0, "bottom": 105000.0, "row_index": 27, "col_index": 30 }, "geometry": { "type": "Point", "coordinates": [ 5.3242966, 52.3975427 ] } },
{ "type": "Feature", "properties": { "id": 1979, "left": 30000.0, "top": 95000.0, "right": 35000.0, "bottom": 100000.0, "row_index": 28, "col_index": 30 }, "geometry": { "type": "Point", "coordinates": [ 5.323848, 52.3526077 ] } },
{ "type": "Feature", "properties": { "id": 1980, "left": 30000.0, "top": 90000.0, "right": 35000.0, "bottom": 95000.0, "row_index": 29, "col_index": 30 }, "geometry": { "type": "Point", "coordinates": [ 5.3234006, 52.3076722 ] } },
{ "type": "Feature", "properties": { "id": 1981, "left": 30000.0, "top": 85000.0, "right": 35000.0, "bottom": 90000.0, "row_index": 30, "col_index": 30 }, "geometry": { "type": "Point", "coordinates": [ 5.3229543, 52.2627365 ] } },
{ "type": "Feature", "properties": { "id": 1982, "left": 30000.0, "top": 80000.0, "right": 35000.0, "bottom": 85000.0, "row_index": 31, "col_index": 30 }, "geometry": { "type": "Point", "coordinates": [ 5.3225092, 52.2178004 ] } },
{ "type": "Feature", "properties": { "id": 1983, "left": 30000.0, "top": 75000.0, "right": 35000.0, "bottom": 80000.0, "row_index": 32, "col_index": 30 }, "geometry": { "type": "Point", "coordinates": [ 5.3220653, 52.1728639 ] } },
{ "type": "Feature", "properties": { "id": 1984, "left": 30000.0, "top": 70000.0, "right": 35000.0, "bottom": 75000.0, "row_index": 33, "col_index": 30 }, "geometry": { "type": "Point", "coordinates": [ 5.3216225, 52.1279272 ] } },
{ "type": "Feature", "properties": { "id": 1985, "left": 30000.0, "top": 65000.0, "right": 35000.0, "bottom": 70000.0, "row_index": 34, "col_index": 30 }, "geometry": { "type": "Point", "coordinates": [ 5.321181, 52.08299 ] } },
{ "type": "Feature", "properties": { "id": 1986, "left": 30000.0, "top": 60000.0, "right": 35000.0, "bottom": 65000.0, "row_index": 35, "col_index": 30 }, "geometry": { "type": "Point", "coordinates": [ 5.3207405, 52.0380525 ] } },
{ "type": "Feature", "properties": { "id": 1987, "left": 30000.0, "top": 55000.0, "right": 35000.0, "bottom": 60000.0, "row_index": 36, "col_index": 30 }, "geometry": { "type": "Point", "coordinates": [ 5.3203012, 51.9931147 ] } },
{ "type": "Feature", "properties": { "id": 1988, "left": 30000.0, "top": 50000.0, "right": 35000.0, "bottom": 55000.0, "row_index": 37, "col_index": 30 }, "geometry": { "type": "Point", "coordinates": [ 5.3198631, 51.9481765 ] } },
{ "type": "Feature", "properties": { "id": 1989, "left": 30000.0, "top": 45000.0, "right": 35000.0, "bottom": 50000.0, "row_index": 38, "col_index": 30 }, "geometry": { "type": "Point", "coordinates": [ 5.3194261, 51.903238 ] } },
{ "type": "Feature", "properties": { "id": 1990, "left": 30000.0, "top": 40000.0, "right": 35000.0, "bottom": 45000.0, "row_index": 39, "col_index": 30 }, "geometry": { "type": "Point", "coordinates": [ 5.3189902, 51.8582991 ] } },
{ "type": "Feature", "properties": { "id": 1991, "left": 30000.0, "top": 35000.0, "right": 35000.0, "bottom": 40000.0, "row_index": 40, "col_index": 30 }, "geometry": { "type": "Point", "coordinates": [ 5.3185555, 51.8133599 ] } },
{ "type": "Feature", "properties": { "id": 1992, "left": 30000.0, "top": 30000.0, "right": 35000.0, "bottom": 35000.0, "row_index": 41, "col_index": 30 }, "geometry": { "type": "Point", "coordinates": [ 5.3181219, 51.7684204 ] } },
{ "type": "Feature", "properties": { "id": 1993, "left": 30000.0, "top": 25000.0, "right": 35000.0, "bottom": 30000.0, "row_index": 42, "col_index": 30 }, "geometry": { "type": "Point", "coordinates": [ 5.3176894, 51.7234805 ] } },
{ "type": "Feature", "properties": { "id": 1994, "left": 30000.0, "top": 20000.0, "right": 35000.0, "bottom": 25000.0, "row_index": 43, "col_index": 30 }, "geometry": { "type": "Point", "coordinates": [ 5.3172581, 51.6785402 ] } },
{ "type": "Feature", "properties": { "id": 1995, "left": 30000.0, "top": 15000.0, "right": 35000.0, "bottom": 20000.0, "row_index": 44, "col_index": 30 }, "geometry": { "type": "Point", "coordinates": [ 5.3168278, 51.6335996 ] } },
{ "type": "Feature", "properties": { "id": 1996, "left": 30000.0, "top": 10000.0, "right": 35000.0, "bottom": 15000.0, "row_index": 45, "col_index": 30 }, "geometry": { "type": "Point", "coordinates": [ 5.3163987, 51.5886586 ] } },
{ "type": "Feature", "properties": { "id": 1997, "left": 30000.0, "top": 5000.0, "right": 35000.0, "bottom": 10000.0, "row_index": 46, "col_index": 30 }, "geometry": { "type": "Point", "coordinates": [ 5.3159707, 51.5437174 ] } },
{ "type": "Feature", "properties": { "id": 1998, "left": 30000.0, "top": 0.0, "right": 35000.0, "bottom": 5000.0, "row_index": 47, "col_index": 30 }, "geometry": { "type": "Point", "coordinates": [ 5.3155438, 51.4987757 ] } },
{ "type": "Feature", "properties": { "id": 1999, "left": 30000.0, "top": -5000.0, "right": 35000.0, "bottom": 0.0, "row_index": 48, "col_index": 30 }, "geometry": { "type": "Point", "coordinates": [ 5.315118, 51.4538337 ] } },
{ "type": "Feature", "properties": { "id": 2000, "left": 30000.0, "top": -10000.0, "right": 35000.0, "bottom": -5000.0, "row_index": 49, "col_index": 30 }, "geometry": { "type": "Point", "coordinates": [ 5.3146933, 51.4088914 ] } },
{ "type": "Feature", "properties": { "id": 2001, "left": 30000.0, "top": -15000.0, "right": 35000.0, "bottom": -10000.0, "row_index": 50, "col_index": 30 }, "geometry": { "type": "Point", "coordinates": [ 5.3142698, 51.3639487 ] } },
{ "type": "Feature", "properties": { "id": 2002, "left": 30000.0, "top": -20000.0, "right": 35000.0, "bottom": -15000.0, "row_index": 51, "col_index": 30 }, "geometry": { "type": "Point", "coordinates": [ 5.3138473, 51.3190057 ] } },
{ "type": "Feature", "properties": { "id": 2003, "left": 30000.0, "top": -25000.0, "right": 35000.0, "bottom": -20000.0, "row_index": 52, "col_index": 30 }, "geometry": { "type": "Point", "coordinates": [ 5.3134258, 51.2740623 ] } },
{ "type": "Feature", "properties": { "id": 2004, "left": 30000.0, "top": -30000.0, "right": 35000.0, "bottom": -25000.0, "row_index": 53, "col_index": 30 }, "geometry": { "type": "Point", "coordinates": [ 5.3130055, 51.2291186 ] } },
{ "type": "Feature", "properties": { "id": 2005, "left": 30000.0, "top": -35000.0, "right": 35000.0, "bottom": -30000.0, "row_index": 54, "col_index": 30 }, "geometry": { "type": "Point", "coordinates": [ 5.3125863, 51.1841745 ] } },
{ "type": "Feature", "properties": { "id": 2006, "left": 30000.0, "top": -40000.0, "right": 35000.0, "bottom": -35000.0, "row_index": 55, "col_index": 30 }, "geometry": { "type": "Point", "coordinates": [ 5.3121681, 51.1392301 ] } },
{ "type": "Feature", "properties": { "id": 2007, "left": 30000.0, "top": -45000.0, "right": 35000.0, "bottom": -40000.0, "row_index": 56, "col_index": 30 }, "geometry": { "type": "Point", "coordinates": [ 5.311751, 51.0942853 ] } },
{ "type": "Feature", "properties": { "id": 2008, "left": 30000.0, "top": -50000.0, "right": 35000.0, "bottom": -45000.0, "row_index": 57, "col_index": 30 }, "geometry": { "type": "Point", "coordinates": [ 5.311335, 51.0493402 ] } },
{ "type": "Feature", "properties": { "id": 2009, "left": 30000.0, "top": -55000.0, "right": 35000.0, "bottom": -50000.0, "row_index": 58, "col_index": 30 }, "geometry": { "type": "Point", "coordinates": [ 5.31092, 51.0043947 ] } },
{ "type": "Feature", "properties": { "id": 2010, "left": 30000.0, "top": -60000.0, "right": 35000.0, "bottom": -55000.0, "row_index": 59, "col_index": 30 }, "geometry": { "type": "Point", "coordinates": [ 5.3105061, 50.9594489 ] } },
{ "type": "Feature", "properties": { "id": 2011, "left": 30000.0, "top": -65000.0, "right": 35000.0, "bottom": -60000.0, "row_index": 60, "col_index": 30 }, "geometry": { "type": "Point", "coordinates": [ 5.3100933, 50.9145027 ] } },
{ "type": "Feature", "properties": { "id": 2012, "left": 30000.0, "top": -70000.0, "right": 35000.0, "bottom": -65000.0, "row_index": 61, "col_index": 30 }, "geometry": { "type": "Point", "coordinates": [ 5.3096815, 50.8695562 ] } },
{ "type": "Feature", "properties": { "id": 2013, "left": 30000.0, "top": -75000.0, "right": 35000.0, "bottom": -70000.0, "row_index": 62, "col_index": 30 }, "geometry": { "type": "Point", "coordinates": [ 5.3092708, 50.8246093 ] } },
{ "type": "Feature", "properties": { "id": 2014, "left": 30000.0, "top": -80000.0, "right": 35000.0, "bottom": -75000.0, "row_index": 63, "col_index": 30 }, "geometry": { "type": "Point", "coordinates": [ 5.3088611, 50.7796621 ] } },
{ "type": "Feature", "properties": { "id": 2015, "left": 30000.0, "top": -85000.0, "right": 35000.0, "bottom": -80000.0, "row_index": 64, "col_index": 30 }, "geometry": { "type": "Point", "coordinates": [ 5.3084525, 50.7347145 ] } },
{ "type": "Feature", "properties": { "id": 2016, "left": 35000.0, "top": 235000.0, "right": 40000.0, "bottom": 240000.0, "row_index": 0, "col_index": 31 }, "geometry": { "type": "Point", "coordinates": [ 5.412416, 53.6103577 ] } },
{ "type": "Feature", "properties": { "id": 2017, "left": 35000.0, "top": 230000.0, "right": 40000.0, "bottom": 235000.0, "row_index": 1, "col_index": 31 }, "geometry": { "type": "Point", "coordinates": [ 5.4118539, 53.5654322 ] } },
{ "type": "Feature", "properties": { "id": 2018, "left": 35000.0, "top": 225000.0, "right": 40000.0, "bottom": 230000.0, "row_index": 2, "col_index": 31 }, "geometry": { "type": "Point", "coordinates": [ 5.4112932, 53.5205063 ] } },
{ "type": "Feature", "properties": { "id": 2019, "left": 35000.0, "top": 220000.0, "right": 40000.0, "bottom": 225000.0, "row_index": 3, "col_index": 31 }, "geometry": { "type": "Point", "coordinates": [ 5.4107341, 53.4755801 ] } },
{ "type": "Feature", "properties": { "id": 2020, "left": 35000.0, "top": 215000.0, "right": 40000.0, "bottom": 220000.0, "row_index": 4, "col_index": 31 }, "geometry": { "type": "Point", "coordinates": [ 5.4101765, 53.4306536 ] } },
{ "type": "Feature", "properties": { "id": 2021, "left": 35000.0, "top": 210000.0, "right": 40000.0, "bottom": 215000.0, "row_index": 5, "col_index": 31 }, "geometry": { "type": "Point", "coordinates": [ 5.4096204, 53.3857267 ] } },
{ "type": "Feature", "properties": { "id": 2022, "left": 35000.0, "top": 205000.0, "right": 40000.0, "bottom": 210000.0, "row_index": 6, "col_index": 31 }, "geometry": { "type": "Point", "coordinates": [ 5.4090657, 53.3407995 ] } },
{ "type": "Feature", "properties": { "id": 2023, "left": 35000.0, "top": 200000.0, "right": 40000.0, "bottom": 205000.0, "row_index": 7, "col_index": 31 }, "geometry": { "type": "Point", "coordinates": [ 5.4085126, 53.295872 ] } },
{ "type": "Feature", "properties": { "id": 2024, "left": 35000.0, "top": 195000.0, "right": 40000.0, "bottom": 200000.0, "row_index": 8, "col_index": 31 }, "geometry": { "type": "Point", "coordinates": [ 5.4079609, 53.2509441 ] } },
{ "type": "Feature", "properties": { "id": 2025, "left": 35000.0, "top": 190000.0, "right": 40000.0, "bottom": 195000.0, "row_index": 9, "col_index": 31 }, "geometry": { "type": "Point", "coordinates": [ 5.4074107, 53.2060158 ] } },
{ "type": "Feature", "properties": { "id": 2026, "left": 35000.0, "top": 185000.0, "right": 40000.0, "bottom": 190000.0, "row_index": 10, "col_index": 31 }, "geometry": { "type": "Point", "coordinates": [ 5.406862, 53.1610872 ] } },
{ "type": "Feature", "properties": { "id": 2027, "left": 35000.0, "top": 180000.0, "right": 40000.0, "bottom": 185000.0, "row_index": 11, "col_index": 31 }, "geometry": { "type": "Point", "coordinates": [ 5.4063148, 53.1161583 ] } },
{ "type": "Feature", "properties": { "id": 2028, "left": 35000.0, "top": 175000.0, "right": 40000.0, "bottom": 180000.0, "row_index": 12, "col_index": 31 }, "geometry": { "type": "Point", "coordinates": [ 5.405769, 53.0712291 ] } },
{ "type": "Feature", "properties": { "id": 2029, "left": 35000.0, "top": 170000.0, "right": 40000.0, "bottom": 175000.0, "row_index": 13, "col_index": 31 }, "geometry": { "type": "Point", "coordinates": [ 5.4052247, 53.0262994 ] } },
{ "type": "Feature", "properties": { "id": 2030, "left": 35000.0, "top": 165000.0, "right": 40000.0, "bottom": 170000.0, "row_index": 14, "col_index": 31 }, "geometry": { "type": "Point", "coordinates": [ 5.4046818, 52.9813695 ] } },
{ "type": "Feature", "properties": { "id": 2031, "left": 35000.0, "top": 160000.0, "right": 40000.0, "bottom": 165000.0, "row_index": 15, "col_index": 31 }, "geometry": { "type": "Point", "coordinates": [ 5.4041403, 52.9364392 ] } },
{ "type": "Feature", "properties": { "id": 2032, "left": 35000.0, "top": 155000.0, "right": 40000.0, "bottom": 160000.0, "row_index": 16, "col_index": 31 }, "geometry": { "type": "Point", "coordinates": [ 5.4036003, 52.8915085 ] } },
{ "type": "Feature", "properties": { "id": 2033, "left": 35000.0, "top": 150000.0, "right": 40000.0, "bottom": 155000.0, "row_index": 17, "col_index": 31 }, "geometry": { "type": "Point", "coordinates": [ 5.4030618, 52.8465776 ] } },
{ "type": "Feature", "properties": { "id": 2034, "left": 35000.0, "top": 145000.0, "right": 40000.0, "bottom": 150000.0, "row_index": 18, "col_index": 31 }, "geometry": { "type": "Point", "coordinates": [ 5.4025246, 52.8016462 ] } },
{ "type": "Feature", "properties": { "id": 2035, "left": 35000.0, "top": 140000.0, "right": 40000.0, "bottom": 145000.0, "row_index": 19, "col_index": 31 }, "geometry": { "type": "Point", "coordinates": [ 5.4019889, 52.7567146 ] } },
{ "type": "Feature", "properties": { "id": 2036, "left": 35000.0, "top": 135000.0, "right": 40000.0, "bottom": 140000.0, "row_index": 20, "col_index": 31 }, "geometry": { "type": "Point", "coordinates": [ 5.4014546, 52.7117825 ] } },
{ "type": "Feature", "properties": { "id": 2037, "left": 35000.0, "top": 130000.0, "right": 40000.0, "bottom": 135000.0, "row_index": 21, "col_index": 31 }, "geometry": { "type": "Point", "coordinates": [ 5.4009217, 52.6668502 ] } },
{ "type": "Feature", "properties": { "id": 2038, "left": 35000.0, "top": 125000.0, "right": 40000.0, "bottom": 130000.0, "row_index": 22, "col_index": 31 }, "geometry": { "type": "Point", "coordinates": [ 5.4003903, 52.6219175 ] } },
{ "type": "Feature", "properties": { "id": 2039, "left": 35000.0, "top": 120000.0, "right": 40000.0, "bottom": 125000.0, "row_index": 23, "col_index": 31 }, "geometry": { "type": "Point", "coordinates": [ 5.3998602, 52.5769844 ] } },
{ "type": "Feature", "properties": { "id": 2040, "left": 35000.0, "top": 115000.0, "right": 40000.0, "bottom": 120000.0, "row_index": 24, "col_index": 31 }, "geometry": { "type": "Point", "coordinates": [ 5.3993315, 52.532051 ] } },
{ "type": "Feature", "properties": { "id": 2041, "left": 35000.0, "top": 110000.0, "right": 40000.0, "bottom": 115000.0, "row_index": 25, "col_index": 31 }, "geometry": { "type": "Point", "coordinates": [ 5.3988043, 52.4871173 ] } },
{ "type": "Feature", "properties": { "id": 2042, "left": 35000.0, "top": 105000.0, "right": 40000.0, "bottom": 110000.0, "row_index": 26, "col_index": 31 }, "geometry": { "type": "Point", "coordinates": [ 5.3982784, 52.4421832 ] } },
{ "type": "Feature", "properties": { "id": 2043, "left": 35000.0, "top": 100000.0, "right": 40000.0, "bottom": 105000.0, "row_index": 27, "col_index": 31 }, "geometry": { "type": "Point", "coordinates": [ 5.3977539, 52.3972488 ] } },
{ "type": "Feature", "properties": { "id": 2044, "left": 35000.0, "top": 95000.0, "right": 40000.0, "bottom": 100000.0, "row_index": 28, "col_index": 31 }, "geometry": { "type": "Point", "coordinates": [ 5.3972308, 52.352314 ] } },
{ "type": "Feature", "properties": { "id": 2045, "left": 35000.0, "top": 90000.0, "right": 40000.0, "bottom": 95000.0, "row_index": 29, "col_index": 31 }, "geometry": { "type": "Point", "coordinates": [ 5.396709, 52.3073789 ] } },
{ "type": "Feature", "properties": { "id": 2046, "left": 35000.0, "top": 85000.0, "right": 40000.0, "bottom": 90000.0, "row_index": 30, "col_index": 31 }, "geometry": { "type": "Point", "coordinates": [ 5.3961887, 52.2624434 ] } },
{ "type": "Feature", "properties": { "id": 2047, "left": 35000.0, "top": 80000.0, "right": 40000.0, "bottom": 85000.0, "row_index": 31, "col_index": 31 }, "geometry": { "type": "Point", "coordinates": [ 5.3956696, 52.2175076 ] } },
{ "type": "Feature", "properties": { "id": 2048, "left": 35000.0, "top": 75000.0, "right": 40000.0, "bottom": 80000.0, "row_index": 32, "col_index": 31 }, "geometry": { "type": "Point", "coordinates": [ 5.395152, 52.1725715 ] } },
{ "type": "Feature", "properties": { "id": 2049, "left": 35000.0, "top": 70000.0, "right": 40000.0, "bottom": 75000.0, "row_index": 33, "col_index": 31 }, "geometry": { "type": "Point", "coordinates": [ 5.3946357, 52.127635 ] } },
{ "type": "Feature", "properties": { "id": 2050, "left": 35000.0, "top": 65000.0, "right": 40000.0, "bottom": 70000.0, "row_index": 34, "col_index": 31 }, "geometry": { "type": "Point", "coordinates": [ 5.3941208, 52.0826981 ] } },
{ "type": "Feature", "properties": { "id": 2051, "left": 35000.0, "top": 60000.0, "right": 40000.0, "bottom": 65000.0, "row_index": 35, "col_index": 31 }, "geometry": { "type": "Point", "coordinates": [ 5.3936072, 52.0377609 ] } },
{ "type": "Feature", "properties": { "id": 2052, "left": 35000.0, "top": 55000.0, "right": 40000.0, "bottom": 60000.0, "row_index": 36, "col_index": 31 }, "geometry": { "type": "Point", "coordinates": [ 5.3930949, 51.9928234 ] } },
{ "type": "Feature", "properties": { "id": 2053, "left": 35000.0, "top": 50000.0, "right": 40000.0, "bottom": 55000.0, "row_index": 37, "col_index": 31 }, "geometry": { "type": "Point", "coordinates": [ 5.392584, 51.9478855 ] } },
{ "type": "Feature", "properties": { "id": 2054, "left": 35000.0, "top": 45000.0, "right": 40000.0, "bottom": 50000.0, "row_index": 38, "col_index": 31 }, "geometry": { "type": "Point", "coordinates": [ 5.3920744, 51.9029472 ] } },
{ "type": "Feature", "properties": { "id": 2055, "left": 35000.0, "top": 40000.0, "right": 40000.0, "bottom": 45000.0, "row_index": 39, "col_index": 31 }, "geometry": { "type": "Point", "coordinates": [ 5.3915662, 51.8580087 ] } },
{ "type": "Feature", "properties": { "id": 2056, "left": 35000.0, "top": 35000.0, "right": 40000.0, "bottom": 40000.0, "row_index": 40, "col_index": 31 }, "geometry": { "type": "Point", "coordinates": [ 5.3910592, 51.8130697 ] } },
{ "type": "Feature", "properties": { "id": 2057, "left": 35000.0, "top": 30000.0, "right": 40000.0, "bottom": 35000.0, "row_index": 41, "col_index": 31 }, "geometry": { "type": "Point", "coordinates": [ 5.3905536, 51.7681305 ] } },
{ "type": "Feature", "properties": { "id": 2058, "left": 35000.0, "top": 25000.0, "right": 40000.0, "bottom": 30000.0, "row_index": 42, "col_index": 31 }, "geometry": { "type": "Point", "coordinates": [ 5.3900493, 51.7231908 ] } },
{ "type": "Feature", "properties": { "id": 2059, "left": 35000.0, "top": 20000.0, "right": 40000.0, "bottom": 25000.0, "row_index": 43, "col_index": 31 }, "geometry": { "type": "Point", "coordinates": [ 5.3895463, 51.6782509 ] } },
{ "type": "Feature", "properties": { "id": 2060, "left": 35000.0, "top": 15000.0, "right": 40000.0, "bottom": 20000.0, "row_index": 44, "col_index": 31 }, "geometry": { "type": "Point", "coordinates": [ 5.3890446, 51.6333105 ] } },
{ "type": "Feature", "properties": { "id": 2061, "left": 35000.0, "top": 10000.0, "right": 40000.0, "bottom": 15000.0, "row_index": 45, "col_index": 31 }, "geometry": { "type": "Point", "coordinates": [ 5.3885443, 51.5883699 ] } },
{ "type": "Feature", "properties": { "id": 2062, "left": 35000.0, "top": 5000.0, "right": 40000.0, "bottom": 10000.0, "row_index": 46, "col_index": 31 }, "geometry": { "type": "Point", "coordinates": [ 5.3880452, 51.5434289 ] } },
{ "type": "Feature", "properties": { "id": 2063, "left": 35000.0, "top": 0.0, "right": 40000.0, "bottom": 5000.0, "row_index": 47, "col_index": 31 }, "geometry": { "type": "Point", "coordinates": [ 5.3875474, 51.4984875 ] } },
{ "type": "Feature", "properties": { "id": 2064, "left": 35000.0, "top": -5000.0, "right": 40000.0, "bottom": 0.0, "row_index": 48, "col_index": 31 }, "geometry": { "type": "Point", "coordinates": [ 5.3870509, 51.4535458 ] } },
{ "type": "Feature", "properties": { "id": 2065, "left": 35000.0, "top": -10000.0, "right": 40000.0, "bottom": -5000.0, "row_index": 49, "col_index": 31 }, "geometry": { "type": "Point", "coordinates": [ 5.3865556, 51.4086037 ] } },
{ "type": "Feature", "properties": { "id": 2066, "left": 35000.0, "top": -15000.0, "right": 40000.0, "bottom": -10000.0, "row_index": 50, "col_index": 31 }, "geometry": { "type": "Point", "coordinates": [ 5.3860617, 51.3636613 ] } },
{ "type": "Feature", "properties": { "id": 2067, "left": 35000.0, "top": -20000.0, "right": 40000.0, "bottom": -15000.0, "row_index": 51, "col_index": 31 }, "geometry": { "type": "Point", "coordinates": [ 5.385569, 51.3187186 ] } },
{ "type": "Feature", "properties": { "id": 2068, "left": 35000.0, "top": -25000.0, "right": 40000.0, "bottom": -20000.0, "row_index": 52, "col_index": 31 }, "geometry": { "type": "Point", "coordinates": [ 5.3850776, 51.2737755 ] } },
{ "type": "Feature", "properties": { "id": 2069, "left": 35000.0, "top": -30000.0, "right": 40000.0, "bottom": -25000.0, "row_index": 53, "col_index": 31 }, "geometry": { "type": "Point", "coordinates": [ 5.3845875, 51.228832 ] } },
{ "type": "Feature", "properties": { "id": 2070, "left": 35000.0, "top": -35000.0, "right": 40000.0, "bottom": -30000.0, "row_index": 54, "col_index": 31 }, "geometry": { "type": "Point", "coordinates": [ 5.3840986, 51.1838882 ] } },
{ "type": "Feature", "properties": { "id": 2071, "left": 35000.0, "top": -40000.0, "right": 40000.0, "bottom": -35000.0, "row_index": 55, "col_index": 31 }, "geometry": { "type": "Point", "coordinates": [ 5.383611, 51.1389441 ] } },
{ "type": "Feature", "properties": { "id": 2072, "left": 35000.0, "top": -45000.0, "right": 40000.0, "bottom": -40000.0, "row_index": 56, "col_index": 31 }, "geometry": { "type": "Point", "coordinates": [ 5.3831246, 51.0939996 ] } },
{ "type": "Feature", "properties": { "id": 2073, "left": 35000.0, "top": -50000.0, "right": 40000.0, "bottom": -45000.0, "row_index": 57, "col_index": 31 }, "geometry": { "type": "Point", "coordinates": [ 5.3826395, 51.0490547 ] } },
{ "type": "Feature", "properties": { "id": 2074, "left": 35000.0, "top": -55000.0, "right": 40000.0, "bottom": -50000.0, "row_index": 58, "col_index": 31 }, "geometry": { "type": "Point", "coordinates": [ 5.3821556, 51.0041095 ] } },
{ "type": "Feature", "properties": { "id": 2075, "left": 35000.0, "top": -60000.0, "right": 40000.0, "bottom": -55000.0, "row_index": 59, "col_index": 31 }, "geometry": { "type": "Point", "coordinates": [ 5.381673, 50.959164 ] } },
{ "type": "Feature", "properties": { "id": 2076, "left": 35000.0, "top": -65000.0, "right": 40000.0, "bottom": -60000.0, "row_index": 60, "col_index": 31 }, "geometry": { "type": "Point", "coordinates": [ 5.3811916, 50.9142181 ] } },
{ "type": "Feature", "properties": { "id": 2077, "left": 35000.0, "top": -70000.0, "right": 40000.0, "bottom": -65000.0, "row_index": 61, "col_index": 31 }, "geometry": { "type": "Point", "coordinates": [ 5.3807114, 50.8692719 ] } },
{ "type": "Feature", "properties": { "id": 2078, "left": 35000.0, "top": -75000.0, "right": 40000.0, "bottom": -70000.0, "row_index": 62, "col_index": 31 }, "geometry": { "type": "Point", "coordinates": [ 5.3802325, 50.8243253 ] } },
{ "type": "Feature", "properties": { "id": 2079, "left": 35000.0, "top": -80000.0, "right": 40000.0, "bottom": -75000.0, "row_index": 63, "col_index": 31 }, "geometry": { "type": "Point", "coordinates": [ 5.3797548, 50.7793783 ] } },
{ "type": "Feature", "properties": { "id": 2080, "left": 35000.0, "top": -85000.0, "right": 40000.0, "bottom": -80000.0, "row_index": 64, "col_index": 31 }, "geometry": { "type": "Point", "coordinates": [ 5.3792783, 50.734431 ] } },
{ "type": "Feature", "properties": { "id": 2081, "left": 40000.0, "top": 235000.0, "right": 45000.0, "bottom": 240000.0, "row_index": 0, "col_index": 32 }, "geometry": { "type": "Point", "coordinates": [ 5.4879606, 53.6100093 ] } },
{ "type": "Feature", "properties": { "id": 2082, "left": 40000.0, "top": 230000.0, "right": 45000.0, "bottom": 235000.0, "row_index": 1, "col_index": 32 }, "geometry": { "type": "Point", "coordinates": [ 5.4873184, 53.5650841 ] } },
{ "type": "Feature", "properties": { "id": 2083, "left": 40000.0, "top": 225000.0, "right": 45000.0, "bottom": 230000.0, "row_index": 2, "col_index": 32 }, "geometry": { "type": "Point", "coordinates": [ 5.4866779, 53.5201586 ] } },
{ "type": "Feature", "properties": { "id": 2084, "left": 40000.0, "top": 220000.0, "right": 45000.0, "bottom": 225000.0, "row_index": 3, "col_index": 32 }, "geometry": { "type": "Point", "coordinates": [ 5.4860391, 53.4752328 ] } },
{ "type": "Feature", "properties": { "id": 2085, "left": 40000.0, "top": 215000.0, "right": 45000.0, "bottom": 220000.0, "row_index": 4, "col_index": 32 }, "geometry": { "type": "Point", "coordinates": [ 5.4854021, 53.4303066 ] } },
{ "type": "Feature", "properties": { "id": 2086, "left": 40000.0, "top": 210000.0, "right": 45000.0, "bottom": 215000.0, "row_index": 5, "col_index": 32 }, "geometry": { "type": "Point", "coordinates": [ 5.4847667, 53.3853801 ] } },
{ "type": "Feature", "properties": { "id": 2087, "left": 40000.0, "top": 205000.0, "right": 45000.0, "bottom": 210000.0, "row_index": 6, "col_index": 32 }, "geometry": { "type": "Point", "coordinates": [ 5.4841331, 53.3404533 ] } },
{ "type": "Feature", "properties": { "id": 2088, "left": 40000.0, "top": 200000.0, "right": 45000.0, "bottom": 205000.0, "row_index": 7, "col_index": 32 }, "geometry": { "type": "Point", "coordinates": [ 5.4835012, 53.2955261 ] } },
{ "type": "Feature", "properties": { "id": 2089, "left": 40000.0, "top": 195000.0, "right": 45000.0, "bottom": 200000.0, "row_index": 8, "col_index": 32 }, "geometry": { "type": "Point", "coordinates": [ 5.482871, 53.2505985 ] } },
{ "type": "Feature", "properties": { "id": 2090, "left": 40000.0, "top": 190000.0, "right": 45000.0, "bottom": 195000.0, "row_index": 9, "col_index": 32 }, "geometry": { "type": "Point", "coordinates": [ 5.4822424, 53.2056706 ] } },
{ "type": "Feature", "properties": { "id": 2091, "left": 40000.0, "top": 185000.0, "right": 45000.0, "bottom": 190000.0, "row_index": 10, "col_index": 32 }, "geometry": { "type": "Point", "coordinates": [ 5.4816155, 53.1607424 ] } },
{ "type": "Feature", "properties": { "id": 2092, "left": 40000.0, "top": 180000.0, "right": 45000.0, "bottom": 185000.0, "row_index": 11, "col_index": 32 }, "geometry": { "type": "Point", "coordinates": [ 5.4809903, 53.1158138 ] } },
{ "type": "Feature", "properties": { "id": 2093, "left": 40000.0, "top": 175000.0, "right": 45000.0, "bottom": 180000.0, "row_index": 12, "col_index": 32 }, "geometry": { "type": "Point", "coordinates": [ 5.4803668, 53.0708849 ] } },
{ "type": "Feature", "properties": { "id": 2094, "left": 40000.0, "top": 170000.0, "right": 45000.0, "bottom": 175000.0, "row_index": 13, "col_index": 32 }, "geometry": { "type": "Point", "coordinates": [ 5.479745, 53.0259556 ] } },
{ "type": "Feature", "properties": { "id": 2095, "left": 40000.0, "top": 165000.0, "right": 45000.0, "bottom": 170000.0, "row_index": 14, "col_index": 32 }, "geometry": { "type": "Point", "coordinates": [ 5.4791247, 52.981026 ] } },
{ "type": "Feature", "properties": { "id": 2096, "left": 40000.0, "top": 160000.0, "right": 45000.0, "bottom": 165000.0, "row_index": 15, "col_index": 32 }, "geometry": { "type": "Point", "coordinates": [ 5.4785062, 52.9360961 ] } },
{ "type": "Feature", "properties": { "id": 2097, "left": 40000.0, "top": 155000.0, "right": 45000.0, "bottom": 160000.0, "row_index": 16, "col_index": 32 }, "geometry": { "type": "Point", "coordinates": [ 5.4778893, 52.8911658 ] } },
{ "type": "Feature", "properties": { "id": 2098, "left": 40000.0, "top": 150000.0, "right": 45000.0, "bottom": 155000.0, "row_index": 17, "col_index": 32 }, "geometry": { "type": "Point", "coordinates": [ 5.477274, 52.8462351 ] } },
{ "type": "Feature", "properties": { "id": 2099, "left": 40000.0, "top": 145000.0, "right": 45000.0, "bottom": 150000.0, "row_index": 18, "col_index": 32 }, "geometry": { "type": "Point", "coordinates": [ 5.4766604, 52.8013041 ] } },
{ "type": "Feature", "properties": { "id": 2100, "left": 40000.0, "top": 140000.0, "right": 45000.0, "bottom": 145000.0, "row_index": 19, "col_index": 32 }, "geometry": { "type": "Point", "coordinates": [ 5.4760483, 52.7563728 ] } },
{ "type": "Feature", "properties": { "id": 2101, "left": 40000.0, "top": 135000.0, "right": 45000.0, "bottom": 140000.0, "row_index": 20, "col_index": 32 }, "geometry": { "type": "Point", "coordinates": [ 5.475438, 52.7114411 ] } },
{ "type": "Feature", "properties": { "id": 2102, "left": 40000.0, "top": 130000.0, "right": 45000.0, "bottom": 135000.0, "row_index": 21, "col_index": 32 }, "geometry": { "type": "Point", "coordinates": [ 5.4748292, 52.6665091 ] } },
{ "type": "Feature", "properties": { "id": 2103, "left": 40000.0, "top": 125000.0, "right": 45000.0, "bottom": 130000.0, "row_index": 22, "col_index": 32 }, "geometry": { "type": "Point", "coordinates": [ 5.474222, 52.6215768 ] } },
{ "type": "Feature", "properties": { "id": 2104, "left": 40000.0, "top": 120000.0, "right": 45000.0, "bottom": 125000.0, "row_index": 23, "col_index": 32 }, "geometry": { "type": "Point", "coordinates": [ 5.4736165, 52.576644 ] } },
{ "type": "Feature", "properties": { "id": 2105, "left": 40000.0, "top": 115000.0, "right": 45000.0, "bottom": 120000.0, "row_index": 24, "col_index": 32 }, "geometry": { "type": "Point", "coordinates": [ 5.4730125, 52.531711 ] } },
{ "type": "Feature", "properties": { "id": 2106, "left": 40000.0, "top": 110000.0, "right": 45000.0, "bottom": 115000.0, "row_index": 25, "col_index": 32 }, "geometry": { "type": "Point", "coordinates": [ 5.4724101, 52.4867776 ] } },
{ "type": "Feature", "properties": { "id": 2107, "left": 40000.0, "top": 105000.0, "right": 45000.0, "bottom": 110000.0, "row_index": 26, "col_index": 32 }, "geometry": { "type": "Point", "coordinates": [ 5.4718093, 52.4418438 ] } },
{ "type": "Feature", "properties": { "id": 2108, "left": 40000.0, "top": 100000.0, "right": 45000.0, "bottom": 105000.0, "row_index": 27, "col_index": 32 }, "geometry": { "type": "Point", "coordinates": [ 5.4712101, 52.3969098 ] } },
{ "type": "Feature", "properties": { "id": 2109, "left": 40000.0, "top": 95000.0, "right": 45000.0, "bottom": 100000.0, "row_index": 28, "col_index": 32 }, "geometry": { "type": "Point", "coordinates": [ 5.4706125, 52.3519753 ] } },
{ "type": "Feature", "properties": { "id": 2110, "left": 40000.0, "top": 90000.0, "right": 45000.0, "bottom": 95000.0, "row_index": 29, "col_index": 32 }, "geometry": { "type": "Point", "coordinates": [ 5.4700165, 52.3070405 ] } },
{ "type": "Feature", "properties": { "id": 2111, "left": 40000.0, "top": 85000.0, "right": 45000.0, "bottom": 90000.0, "row_index": 30, "col_index": 32 }, "geometry": { "type": "Point", "coordinates": [ 5.469422, 52.2621054 ] } },
{ "type": "Feature", "properties": { "id": 2112, "left": 40000.0, "top": 80000.0, "right": 45000.0, "bottom": 85000.0, "row_index": 31, "col_index": 32 }, "geometry": { "type": "Point", "coordinates": [ 5.468829, 52.2171699 ] } },
{ "type": "Feature", "properties": { "id": 2113, "left": 40000.0, "top": 75000.0, "right": 45000.0, "bottom": 80000.0, "row_index": 32, "col_index": 32 }, "geometry": { "type": "Point", "coordinates": [ 5.4682377, 52.1722341 ] } },
{ "type": "Feature", "properties": { "id": 2114, "left": 40000.0, "top": 70000.0, "right": 45000.0, "bottom": 75000.0, "row_index": 33, "col_index": 32 }, "geometry": { "type": "Point", "coordinates": [ 5.4676478, 52.1272979 ] } },
{ "type": "Feature", "properties": { "id": 2115, "left": 40000.0, "top": 65000.0, "right": 45000.0, "bottom": 70000.0, "row_index": 34, "col_index": 32 }, "geometry": { "type": "Point", "coordinates": [ 5.4670596, 52.0823614 ] } },
{ "type": "Feature", "properties": { "id": 2116, "left": 40000.0, "top": 60000.0, "right": 45000.0, "bottom": 65000.0, "row_index": 35, "col_index": 32 }, "geometry": { "type": "Point", "coordinates": [ 5.4664728, 52.0374246 ] } },
{ "type": "Feature", "properties": { "id": 2117, "left": 40000.0, "top": 55000.0, "right": 45000.0, "bottom": 60000.0, "row_index": 36, "col_index": 32 }, "geometry": { "type": "Point", "coordinates": [ 5.4658876, 51.9924873 ] } },
{ "type": "Feature", "properties": { "id": 2118, "left": 40000.0, "top": 50000.0, "right": 45000.0, "bottom": 55000.0, "row_index": 37, "col_index": 32 }, "geometry": { "type": "Point", "coordinates": [ 5.4653039, 51.9475498 ] } },
{ "type": "Feature", "properties": { "id": 2119, "left": 40000.0, "top": 45000.0, "right": 45000.0, "bottom": 50000.0, "row_index": 38, "col_index": 32 }, "geometry": { "type": "Point", "coordinates": [ 5.4647218, 51.9026119 ] } },
{ "type": "Feature", "properties": { "id": 2120, "left": 40000.0, "top": 40000.0, "right": 45000.0, "bottom": 45000.0, "row_index": 39, "col_index": 32 }, "geometry": { "type": "Point", "coordinates": [ 5.4641411, 51.8576736 ] } },
{ "type": "Feature", "properties": { "id": 2121, "left": 40000.0, "top": 35000.0, "right": 45000.0, "bottom": 40000.0, "row_index": 40, "col_index": 32 }, "geometry": { "type": "Point", "coordinates": [ 5.463562, 51.812735 ] } },
{ "type": "Feature", "properties": { "id": 2122, "left": 40000.0, "top": 30000.0, "right": 45000.0, "bottom": 35000.0, "row_index": 41, "col_index": 32 }, "geometry": { "type": "Point", "coordinates": [ 5.4629844, 51.7677961 ] } },
{ "type": "Feature", "properties": { "id": 2123, "left": 40000.0, "top": 25000.0, "right": 45000.0, "bottom": 30000.0, "row_index": 42, "col_index": 32 }, "geometry": { "type": "Point", "coordinates": [ 5.4624082, 51.7228568 ] } },
{ "type": "Feature", "properties": { "id": 2124, "left": 40000.0, "top": 20000.0, "right": 45000.0, "bottom": 25000.0, "row_index": 43, "col_index": 32 }, "geometry": { "type": "Point", "coordinates": [ 5.4618336, 51.6779172 ] } },
{ "type": "Feature", "properties": { "id": 2125, "left": 40000.0, "top": 15000.0, "right": 45000.0, "bottom": 20000.0, "row_index": 44, "col_index": 32 }, "geometry": { "type": "Point", "coordinates": [ 5.4612605, 51.6329772 ] } },
{ "type": "Feature", "properties": { "id": 2126, "left": 40000.0, "top": 10000.0, "right": 45000.0, "bottom": 15000.0, "row_index": 45, "col_index": 32 }, "geometry": { "type": "Point", "coordinates": [ 5.4606888, 51.5880368 ] } },
{ "type": "Feature", "properties": { "id": 2127, "left": 40000.0, "top": 5000.0, "right": 45000.0, "bottom": 10000.0, "row_index": 46, "col_index": 32 }, "geometry": { "type": "Point", "coordinates": [ 5.4601186, 51.5430961 ] } },
{ "type": "Feature", "properties": { "id": 2128, "left": 40000.0, "top": 0.0, "right": 45000.0, "bottom": 5000.0, "row_index": 47, "col_index": 32 }, "geometry": { "type": "Point", "coordinates": [ 5.4595499, 51.4981551 ] } },
{ "type": "Feature", "properties": { "id": 2129, "left": 40000.0, "top": -5000.0, "right": 45000.0, "bottom": 0.0, "row_index": 48, "col_index": 32 }, "geometry": { "type": "Point", "coordinates": [ 5.4589827, 51.4532137 ] } },
{ "type": "Feature", "properties": { "id": 2130, "left": 40000.0, "top": -10000.0, "right": 45000.0, "bottom": -5000.0, "row_index": 49, "col_index": 32 }, "geometry": { "type": "Point", "coordinates": [ 5.458417, 51.408272 ] } },
{ "type": "Feature", "properties": { "id": 2131, "left": 40000.0, "top": -15000.0, "right": 45000.0, "bottom": -10000.0, "row_index": 50, "col_index": 32 }, "geometry": { "type": "Point", "coordinates": [ 5.4578527, 51.3633299 ] } },
{ "type": "Feature", "properties": { "id": 2132, "left": 40000.0, "top": -20000.0, "right": 45000.0, "bottom": -15000.0, "row_index": 51, "col_index": 32 }, "geometry": { "type": "Point", "coordinates": [ 5.4572898, 51.3183875 ] } },
{ "type": "Feature", "properties": { "id": 2133, "left": 40000.0, "top": -25000.0, "right": 45000.0, "bottom": -20000.0, "row_index": 52, "col_index": 32 }, "geometry": { "type": "Point", "coordinates": [ 5.4567284, 51.2734447 ] } },
{ "type": "Feature", "properties": { "id": 2134, "left": 40000.0, "top": -30000.0, "right": 45000.0, "bottom": -25000.0, "row_index": 53, "col_index": 32 }, "geometry": { "type": "Point", "coordinates": [ 5.4561685, 51.2285016 ] } },
{ "type": "Feature", "properties": { "id": 2135, "left": 40000.0, "top": -35000.0, "right": 45000.0, "bottom": -30000.0, "row_index": 54, "col_index": 32 }, "geometry": { "type": "Point", "coordinates": [ 5.45561, 51.1835581 ] } },
{ "type": "Feature", "properties": { "id": 2136, "left": 40000.0, "top": -40000.0, "right": 45000.0, "bottom": -35000.0, "row_index": 55, "col_index": 32 }, "geometry": { "type": "Point", "coordinates": [ 5.4550529, 51.1386142 ] } },
{ "type": "Feature", "properties": { "id": 2137, "left": 40000.0, "top": -45000.0, "right": 45000.0, "bottom": -40000.0, "row_index": 56, "col_index": 32 }, "geometry": { "type": "Point", "coordinates": [ 5.4544973, 51.0936701 ] } },
{ "type": "Feature", "properties": { "id": 2138, "left": 40000.0, "top": -50000.0, "right": 45000.0, "bottom": -45000.0, "row_index": 57, "col_index": 32 }, "geometry": { "type": "Point", "coordinates": [ 5.4539431, 51.0487255 ] } },
{ "type": "Feature", "properties": { "id": 2139, "left": 40000.0, "top": -55000.0, "right": 45000.0, "bottom": -50000.0, "row_index": 58, "col_index": 32 }, "geometry": { "type": "Point", "coordinates": [ 5.4533903, 51.0037807 ] } },
{ "type": "Feature", "properties": { "id": 2140, "left": 40000.0, "top": -60000.0, "right": 45000.0, "bottom": -55000.0, "row_index": 59, "col_index": 32 }, "geometry": { "type": "Point", "coordinates": [ 5.4528389, 50.9588354 ] } },
{ "type": "Feature", "properties": { "id": 2141, "left": 40000.0, "top": -65000.0, "right": 45000.0, "bottom": -60000.0, "row_index": 60, "col_index": 32 }, "geometry": { "type": "Point", "coordinates": [ 5.4522889, 50.9138899 ] } },
{ "type": "Feature", "properties": { "id": 2142, "left": 40000.0, "top": -70000.0, "right": 45000.0, "bottom": -65000.0, "row_index": 61, "col_index": 32 }, "geometry": { "type": "Point", "coordinates": [ 5.4517404, 50.8689439 ] } },
{ "type": "Feature", "properties": { "id": 2143, "left": 40000.0, "top": -75000.0, "right": 45000.0, "bottom": -70000.0, "row_index": 62, "col_index": 32 }, "geometry": { "type": "Point", "coordinates": [ 5.4511932, 50.8239977 ] } },
{ "type": "Feature", "properties": { "id": 2144, "left": 40000.0, "top": -80000.0, "right": 45000.0, "bottom": -75000.0, "row_index": 63, "col_index": 32 }, "geometry": { "type": "Point", "coordinates": [ 5.4506475, 50.779051 ] } },
{ "type": "Feature", "properties": { "id": 2145, "left": 40000.0, "top": -85000.0, "right": 45000.0, "bottom": -80000.0, "row_index": 64, "col_index": 32 }, "geometry": { "type": "Point", "coordinates": [ 5.4501031, 50.734104 ] } },
{ "type": "Feature", "properties": { "id": 2146, "left": 45000.0, "top": 235000.0, "right": 50000.0, "bottom": 240000.0, "row_index": 0, "col_index": 33 }, "geometry": { "type": "Point", "coordinates": [ 5.5635038, 53.6096146 ] } },
{ "type": "Feature", "properties": { "id": 2147, "left": 45000.0, "top": 230000.0, "right": 50000.0, "bottom": 235000.0, "row_index": 1, "col_index": 33 }, "geometry": { "type": "Point", "coordinates": [ 5.5627815, 53.5646898 ] } },
{ "type": "Feature", "properties": { "id": 2148, "left": 45000.0, "top": 225000.0, "right": 50000.0, "bottom": 230000.0, "row_index": 2, "col_index": 33 }, "geometry": { "type": "Point", "coordinates": [ 5.5620612, 53.5197647 ] } },
{ "type": "Feature", "properties": { "id": 2149, "left": 45000.0, "top": 220000.0, "right": 50000.0, "bottom": 225000.0, "row_index": 3, "col_index": 33 }, "geometry": { "type": "Point", "coordinates": [ 5.5613428, 53.4748393 ] } },
{ "type": "Feature", "properties": { "id": 2150, "left": 45000.0, "top": 215000.0, "right": 50000.0, "bottom": 220000.0, "row_index": 4, "col_index": 33 }, "geometry": { "type": "Point", "coordinates": [ 5.5606263, 53.4299135 ] } },
{ "type": "Feature", "properties": { "id": 2151, "left": 45000.0, "top": 210000.0, "right": 50000.0, "bottom": 215000.0, "row_index": 5, "col_index": 33 }, "geometry": { "type": "Point", "coordinates": [ 5.5599118, 53.3849874 ] } },
{ "type": "Feature", "properties": { "id": 2152, "left": 45000.0, "top": 205000.0, "right": 50000.0, "bottom": 210000.0, "row_index": 6, "col_index": 33 }, "geometry": { "type": "Point", "coordinates": [ 5.5591992, 53.3400609 ] } },
{ "type": "Feature", "properties": { "id": 2153, "left": 45000.0, "top": 200000.0, "right": 50000.0, "bottom": 205000.0, "row_index": 7, "col_index": 33 }, "geometry": { "type": "Point", "coordinates": [ 5.5584885, 53.2951341 ] } },
{ "type": "Feature", "properties": { "id": 2154, "left": 45000.0, "top": 195000.0, "right": 50000.0, "bottom": 200000.0, "row_index": 8, "col_index": 33 }, "geometry": { "type": "Point", "coordinates": [ 5.5577797, 53.250207 ] } },
{ "type": "Feature", "properties": { "id": 2155, "left": 45000.0, "top": 190000.0, "right": 50000.0, "bottom": 195000.0, "row_index": 9, "col_index": 33 }, "geometry": { "type": "Point", "coordinates": [ 5.5570728, 53.2052795 ] } },
{ "type": "Feature", "properties": { "id": 2156, "left": 45000.0, "top": 185000.0, "right": 50000.0, "bottom": 190000.0, "row_index": 10, "col_index": 33 }, "geometry": { "type": "Point", "coordinates": [ 5.5563678, 53.1603517 ] } },
{ "type": "Feature", "properties": { "id": 2157, "left": 45000.0, "top": 180000.0, "right": 50000.0, "bottom": 185000.0, "row_index": 11, "col_index": 33 }, "geometry": { "type": "Point", "coordinates": [ 5.5556646, 53.1154235 ] } },
{ "type": "Feature", "properties": { "id": 2158, "left": 45000.0, "top": 175000.0, "right": 50000.0, "bottom": 180000.0, "row_index": 12, "col_index": 33 }, "geometry": { "type": "Point", "coordinates": [ 5.5549634, 53.070495 ] } },
{ "type": "Feature", "properties": { "id": 2159, "left": 45000.0, "top": 170000.0, "right": 50000.0, "bottom": 175000.0, "row_index": 13, "col_index": 33 }, "geometry": { "type": "Point", "coordinates": [ 5.554264, 53.0255661 ] } },
{ "type": "Feature", "properties": { "id": 2160, "left": 45000.0, "top": 165000.0, "right": 50000.0, "bottom": 170000.0, "row_index": 14, "col_index": 33 }, "geometry": { "type": "Point", "coordinates": [ 5.5535664, 52.9806369 ] } },
{ "type": "Feature", "properties": { "id": 2161, "left": 45000.0, "top": 160000.0, "right": 50000.0, "bottom": 165000.0, "row_index": 15, "col_index": 33 }, "geometry": { "type": "Point", "coordinates": [ 5.5528708, 52.9357073 ] } },
{ "type": "Feature", "properties": { "id": 2162, "left": 45000.0, "top": 155000.0, "right": 50000.0, "bottom": 160000.0, "row_index": 16, "col_index": 33 }, "geometry": { "type": "Point", "coordinates": [ 5.552177, 52.8907774 ] } },
{ "type": "Feature", "properties": { "id": 2163, "left": 45000.0, "top": 150000.0, "right": 50000.0, "bottom": 155000.0, "row_index": 17, "col_index": 33 }, "geometry": { "type": "Point", "coordinates": [ 5.551485, 52.8458472 ] } },
{ "type": "Feature", "properties": { "id": 2164, "left": 45000.0, "top": 145000.0, "right": 50000.0, "bottom": 150000.0, "row_index": 18, "col_index": 33 }, "geometry": { "type": "Point", "coordinates": [ 5.5507948, 52.8009166 ] } },
{ "type": "Feature", "properties": { "id": 2165, "left": 45000.0, "top": 140000.0, "right": 50000.0, "bottom": 145000.0, "row_index": 19, "col_index": 33 }, "geometry": { "type": "Point", "coordinates": [ 5.5501065, 52.7559856 ] } },
{ "type": "Feature", "properties": { "id": 2166, "left": 45000.0, "top": 135000.0, "right": 50000.0, "bottom": 140000.0, "row_index": 20, "col_index": 33 }, "geometry": { "type": "Point", "coordinates": [ 5.54942, 52.7110543 ] } },
{ "type": "Feature", "properties": { "id": 2167, "left": 45000.0, "top": 130000.0, "right": 50000.0, "bottom": 135000.0, "row_index": 21, "col_index": 33 }, "geometry": { "type": "Point", "coordinates": [ 5.5487354, 52.6661227 ] } },
{ "type": "Feature", "properties": { "id": 2168, "left": 45000.0, "top": 125000.0, "right": 50000.0, "bottom": 130000.0, "row_index": 22, "col_index": 33 }, "geometry": { "type": "Point", "coordinates": [ 5.5480525, 52.6211907 ] } },
{ "type": "Feature", "properties": { "id": 2169, "left": 45000.0, "top": 120000.0, "right": 50000.0, "bottom": 125000.0, "row_index": 23, "col_index": 33 }, "geometry": { "type": "Point", "coordinates": [ 5.5473715, 52.5762584 ] } },
{ "type": "Feature", "properties": { "id": 2170, "left": 45000.0, "top": 115000.0, "right": 50000.0, "bottom": 120000.0, "row_index": 24, "col_index": 33 }, "geometry": { "type": "Point", "coordinates": [ 5.5466922, 52.5313257 ] } },
{ "type": "Feature", "properties": { "id": 2171, "left": 45000.0, "top": 110000.0, "right": 50000.0, "bottom": 115000.0, "row_index": 25, "col_index": 33 }, "geometry": { "type": "Point", "coordinates": [ 5.5460147, 52.4863927 ] } },
{ "type": "Feature", "properties": { "id": 2172, "left": 45000.0, "top": 105000.0, "right": 50000.0, "bottom": 110000.0, "row_index": 26, "col_index": 33 }, "geometry": { "type": "Point", "coordinates": [ 5.5453391, 52.4414594 ] } },
{ "type": "Feature", "properties": { "id": 2173, "left": 45000.0, "top": 100000.0, "right": 50000.0, "bottom": 105000.0, "row_index": 27, "col_index": 33 }, "geometry": { "type": "Point", "coordinates": [ 5.5446652, 52.3965257 ] } },
{ "type": "Feature", "properties": { "id": 2174, "left": 45000.0, "top": 95000.0, "right": 50000.0, "bottom": 100000.0, "row_index": 28, "col_index": 33 }, "geometry": { "type": "Point", "coordinates": [ 5.543993, 52.3515916 ] } },
{ "type": "Feature", "properties": { "id": 2175, "left": 45000.0, "top": 90000.0, "right": 50000.0, "bottom": 95000.0, "row_index": 29, "col_index": 33 }, "geometry": { "type": "Point", "coordinates": [ 5.5433227, 52.3066572 ] } },
{ "type": "Feature", "properties": { "id": 2176, "left": 45000.0, "top": 85000.0, "right": 50000.0, "bottom": 90000.0, "row_index": 30, "col_index": 33 }, "geometry": { "type": "Point", "coordinates": [ 5.5426541, 52.2617224 ] } },
{ "type": "Feature", "properties": { "id": 2177, "left": 45000.0, "top": 80000.0, "right": 50000.0, "bottom": 85000.0, "row_index": 31, "col_index": 33 }, "geometry": { "type": "Point", "coordinates": [ 5.5419872, 52.2167874 ] } },
{ "type": "Feature", "properties": { "id": 2178, "left": 45000.0, "top": 75000.0, "right": 50000.0, "bottom": 80000.0, "row_index": 32, "col_index": 33 }, "geometry": { "type": "Point", "coordinates": [ 5.5413221, 52.1718519 ] } },
{ "type": "Feature", "properties": { "id": 2179, "left": 45000.0, "top": 70000.0, "right": 50000.0, "bottom": 75000.0, "row_index": 33, "col_index": 33 }, "geometry": { "type": "Point", "coordinates": [ 5.5406588, 52.1269161 ] } },
{ "type": "Feature", "properties": { "id": 2180, "left": 45000.0, "top": 65000.0, "right": 50000.0, "bottom": 70000.0, "row_index": 34, "col_index": 33 }, "geometry": { "type": "Point", "coordinates": [ 5.5399972, 52.08198 ] } },
{ "type": "Feature", "properties": { "id": 2181, "left": 45000.0, "top": 60000.0, "right": 50000.0, "bottom": 65000.0, "row_index": 35, "col_index": 33 }, "geometry": { "type": "Point", "coordinates": [ 5.5393373, 52.0370435 ] } },
{ "type": "Feature", "properties": { "id": 2182, "left": 45000.0, "top": 55000.0, "right": 50000.0, "bottom": 60000.0, "row_index": 36, "col_index": 33 }, "geometry": { "type": "Point", "coordinates": [ 5.5386791, 51.9921067 ] } },
{ "type": "Feature", "properties": { "id": 2183, "left": 45000.0, "top": 50000.0, "right": 50000.0, "bottom": 55000.0, "row_index": 37, "col_index": 33 }, "geometry": { "type": "Point", "coordinates": [ 5.5380227, 51.9471695 ] } },
{ "type": "Feature", "properties": { "id": 2184, "left": 45000.0, "top": 45000.0, "right": 50000.0, "bottom": 50000.0, "row_index": 38, "col_index": 33 }, "geometry": { "type": "Point", "coordinates": [ 5.5373679, 51.9022319 ] } },
{ "type": "Feature", "properties": { "id": 2185, "left": 45000.0, "top": 40000.0, "right": 50000.0, "bottom": 45000.0, "row_index": 39, "col_index": 33 }, "geometry": { "type": "Point", "coordinates": [ 5.5367149, 51.8572941 ] } },
{ "type": "Feature", "properties": { "id": 2186, "left": 45000.0, "top": 35000.0, "right": 50000.0, "bottom": 40000.0, "row_index": 40, "col_index": 33 }, "geometry": { "type": "Point", "coordinates": [ 5.5360636, 51.8123558 ] } },
{ "type": "Feature", "properties": { "id": 2187, "left": 45000.0, "top": 30000.0, "right": 50000.0, "bottom": 35000.0, "row_index": 41, "col_index": 33 }, "geometry": { "type": "Point", "coordinates": [ 5.5354139, 51.7674173 ] } },
{ "type": "Feature", "properties": { "id": 2188, "left": 45000.0, "top": 25000.0, "right": 50000.0, "bottom": 30000.0, "row_index": 42, "col_index": 33 }, "geometry": { "type": "Point", "coordinates": [ 5.534766, 51.7224783 ] } },
{ "type": "Feature", "properties": { "id": 2189, "left": 45000.0, "top": 20000.0, "right": 50000.0, "bottom": 25000.0, "row_index": 43, "col_index": 33 }, "geometry": { "type": "Point", "coordinates": [ 5.5341197, 51.6775391 ] } },
{ "type": "Feature", "properties": { "id": 2190, "left": 45000.0, "top": 15000.0, "right": 50000.0, "bottom": 20000.0, "row_index": 44, "col_index": 33 }, "geometry": { "type": "Point", "coordinates": [ 5.5334751, 51.6325994 ] } },
{ "type": "Feature", "properties": { "id": 2191, "left": 45000.0, "top": 10000.0, "right": 50000.0, "bottom": 15000.0, "row_index": 45, "col_index": 33 }, "geometry": { "type": "Point", "coordinates": [ 5.5328322, 51.5876595 ] } },
{ "type": "Feature", "properties": { "id": 2192, "left": 45000.0, "top": 5000.0, "right": 50000.0, "bottom": 10000.0, "row_index": 46, "col_index": 33 }, "geometry": { "type": "Point", "coordinates": [ 5.532191, 51.5427192 ] } },
{ "type": "Feature", "properties": { "id": 2193, "left": 45000.0, "top": 0.0, "right": 50000.0, "bottom": 5000.0, "row_index": 47, "col_index": 33 }, "geometry": { "type": "Point", "coordinates": [ 5.5315514, 51.4977785 ] } },
{ "type": "Feature", "properties": { "id": 2194, "left": 45000.0, "top": -5000.0, "right": 50000.0, "bottom": 0.0, "row_index": 48, "col_index": 33 }, "geometry": { "type": "Point", "coordinates": [ 5.5309135, 51.4528375 ] } },
{ "type": "Feature", "properties": { "id": 2195, "left": 45000.0, "top": -10000.0, "right": 50000.0, "bottom": -5000.0, "row_index": 49, "col_index": 33 }, "geometry": { "type": "Point", "coordinates": [ 5.5302772, 51.4078961 ] } },
{ "type": "Feature", "properties": { "id": 2196, "left": 45000.0, "top": -15000.0, "right": 50000.0, "bottom": -10000.0, "row_index": 50, "col_index": 33 }, "geometry": { "type": "Point", "coordinates": [ 5.5296425, 51.3629544 ] } },
{ "type": "Feature", "properties": { "id": 2197, "left": 45000.0, "top": -20000.0, "right": 50000.0, "bottom": -15000.0, "row_index": 51, "col_index": 33 }, "geometry": { "type": "Point", "coordinates": [ 5.5290095, 51.3180123 ] } },
{ "type": "Feature", "properties": { "id": 2198, "left": 45000.0, "top": -25000.0, "right": 50000.0, "bottom": -20000.0, "row_index": 52, "col_index": 33 }, "geometry": { "type": "Point", "coordinates": [ 5.5283781, 51.2730699 ] } },
{ "type": "Feature", "properties": { "id": 2199, "left": 45000.0, "top": -30000.0, "right": 50000.0, "bottom": -25000.0, "row_index": 53, "col_index": 33 }, "geometry": { "type": "Point", "coordinates": [ 5.5277484, 51.2281271 ] } },
{ "type": "Feature", "properties": { "id": 2200, "left": 45000.0, "top": -35000.0, "right": 50000.0, "bottom": -30000.0, "row_index": 54, "col_index": 33 }, "geometry": { "type": "Point", "coordinates": [ 5.5271203, 51.183184 ] } },
{ "type": "Feature", "properties": { "id": 2201, "left": 45000.0, "top": -40000.0, "right": 50000.0, "bottom": -35000.0, "row_index": 55, "col_index": 33 }, "geometry": { "type": "Point", "coordinates": [ 5.5264938, 51.1382406 ] } },
{ "type": "Feature", "properties": { "id": 2202, "left": 45000.0, "top": -45000.0, "right": 50000.0, "bottom": -40000.0, "row_index": 56, "col_index": 33 }, "geometry": { "type": "Point", "coordinates": [ 5.5258689, 51.0932967 ] } },
{ "type": "Feature", "properties": { "id": 2203, "left": 45000.0, "top": -50000.0, "right": 50000.0, "bottom": -45000.0, "row_index": 57, "col_index": 33 }, "geometry": { "type": "Point", "coordinates": [ 5.5252456, 51.0483526 ] } },
{ "type": "Feature", "properties": { "id": 2204, "left": 45000.0, "top": -55000.0, "right": 50000.0, "bottom": -50000.0, "row_index": 58, "col_index": 33 }, "geometry": { "type": "Point", "coordinates": [ 5.5246239, 51.0034081 ] } },
{ "type": "Feature", "properties": { "id": 2205, "left": 45000.0, "top": -60000.0, "right": 50000.0, "bottom": -55000.0, "row_index": 59, "col_index": 33 }, "geometry": { "type": "Point", "coordinates": [ 5.5240038, 50.9584632 ] } },
{ "type": "Feature", "properties": { "id": 2206, "left": 45000.0, "top": -65000.0, "right": 50000.0, "bottom": -60000.0, "row_index": 60, "col_index": 33 }, "geometry": { "type": "Point", "coordinates": [ 5.5233852, 50.913518 ] } },
{ "type": "Feature", "properties": { "id": 2207, "left": 45000.0, "top": -70000.0, "right": 50000.0, "bottom": -65000.0, "row_index": 61, "col_index": 33 }, "geometry": { "type": "Point", "coordinates": [ 5.5227683, 50.8685724 ] } },
{ "type": "Feature", "properties": { "id": 2208, "left": 45000.0, "top": -75000.0, "right": 50000.0, "bottom": -70000.0, "row_index": 62, "col_index": 33 }, "geometry": { "type": "Point", "coordinates": [ 5.5221529, 50.8236265 ] } },
{ "type": "Feature", "properties": { "id": 2209, "left": 45000.0, "top": -80000.0, "right": 50000.0, "bottom": -75000.0, "row_index": 63, "col_index": 33 }, "geometry": { "type": "Point", "coordinates": [ 5.5215392, 50.7786802 ] } },
{ "type": "Feature", "properties": { "id": 2210, "left": 45000.0, "top": -85000.0, "right": 50000.0, "bottom": -80000.0, "row_index": 64, "col_index": 33 }, "geometry": { "type": "Point", "coordinates": [ 5.5209269, 50.7337336 ] } },
{ "type": "Feature", "properties": { "id": 2211, "left": 50000.0, "top": 235000.0, "right": 55000.0, "bottom": 240000.0, "row_index": 0, "col_index": 34 }, "geometry": { "type": "Point", "coordinates": [ 5.6390455, 53.6091735 ] } },
{ "type": "Feature", "properties": { "id": 2212, "left": 50000.0, "top": 230000.0, "right": 55000.0, "bottom": 235000.0, "row_index": 1, "col_index": 34 }, "geometry": { "type": "Point", "coordinates": [ 5.6382432, 53.5642492 ] } },
{ "type": "Feature", "properties": { "id": 2213, "left": 50000.0, "top": 225000.0, "right": 55000.0, "bottom": 230000.0, "row_index": 2, "col_index": 34 }, "geometry": { "type": "Point", "coordinates": [ 5.637443, 53.5193246 ] } },
{ "type": "Feature", "properties": { "id": 2214, "left": 50000.0, "top": 220000.0, "right": 55000.0, "bottom": 225000.0, "row_index": 3, "col_index": 34 }, "geometry": { "type": "Point", "coordinates": [ 5.636645, 53.4743996 ] } },
{ "type": "Feature", "properties": { "id": 2215, "left": 50000.0, "top": 215000.0, "right": 55000.0, "bottom": 220000.0, "row_index": 4, "col_index": 34 }, "geometry": { "type": "Point", "coordinates": [ 5.6358491, 53.4294743 ] } },
{ "type": "Feature", "properties": { "id": 2216, "left": 50000.0, "top": 210000.0, "right": 55000.0, "bottom": 215000.0, "row_index": 5, "col_index": 34 }, "geometry": { "type": "Point", "coordinates": [ 5.6350554, 53.3845486 ] } },
{ "type": "Feature", "properties": { "id": 2217, "left": 50000.0, "top": 205000.0, "right": 55000.0, "bottom": 210000.0, "row_index": 6, "col_index": 34 }, "geometry": { "type": "Point", "coordinates": [ 5.6342638, 53.3396226 ] } },
{ "type": "Feature", "properties": { "id": 2218, "left": 50000.0, "top": 200000.0, "right": 55000.0, "bottom": 205000.0, "row_index": 7, "col_index": 34 }, "geometry": { "type": "Point", "coordinates": [ 5.6334743, 53.2946962 ] } },
{ "type": "Feature", "properties": { "id": 2219, "left": 50000.0, "top": 195000.0, "right": 55000.0, "bottom": 200000.0, "row_index": 8, "col_index": 34 }, "geometry": { "type": "Point", "coordinates": [ 5.6326869, 53.2497695 ] } },
{ "type": "Feature", "properties": { "id": 2220, "left": 50000.0, "top": 190000.0, "right": 55000.0, "bottom": 195000.0, "row_index": 9, "col_index": 34 }, "geometry": { "type": "Point", "coordinates": [ 5.6319017, 53.2048425 ] } },
{ "type": "Feature", "properties": { "id": 2221, "left": 50000.0, "top": 185000.0, "right": 55000.0, "bottom": 190000.0, "row_index": 10, "col_index": 34 }, "geometry": { "type": "Point", "coordinates": [ 5.6311185, 53.1599151 ] } },
{ "type": "Feature", "properties": { "id": 2222, "left": 50000.0, "top": 180000.0, "right": 55000.0, "bottom": 185000.0, "row_index": 11, "col_index": 34 }, "geometry": { "type": "Point", "coordinates": [ 5.6303375, 53.1149874 ] } },
{ "type": "Feature", "properties": { "id": 2223, "left": 50000.0, "top": 175000.0, "right": 55000.0, "bottom": 180000.0, "row_index": 12, "col_index": 34 }, "geometry": { "type": "Point", "coordinates": [ 5.6295585, 53.0700593 ] } },
{ "type": "Feature", "properties": { "id": 2224, "left": 50000.0, "top": 170000.0, "right": 55000.0, "bottom": 175000.0, "row_index": 13, "col_index": 34 }, "geometry": { "type": "Point", "coordinates": [ 5.6287816, 53.0251308 ] } },
{ "type": "Feature", "properties": { "id": 2225, "left": 50000.0, "top": 165000.0, "right": 55000.0, "bottom": 170000.0, "row_index": 14, "col_index": 34 }, "geometry": { "type": "Point", "coordinates": [ 5.6280067, 52.9802021 ] } },
{ "type": "Feature", "properties": { "id": 2226, "left": 50000.0, "top": 160000.0, "right": 55000.0, "bottom": 165000.0, "row_index": 15, "col_index": 34 }, "geometry": { "type": "Point", "coordinates": [ 5.6272339, 52.9352729 ] } },
{ "type": "Feature", "properties": { "id": 2227, "left": 50000.0, "top": 155000.0, "right": 55000.0, "bottom": 160000.0, "row_index": 16, "col_index": 34 }, "geometry": { "type": "Point", "coordinates": [ 5.6264632, 52.8903435 ] } },
{ "type": "Feature", "properties": { "id": 2228, "left": 50000.0, "top": 150000.0, "right": 55000.0, "bottom": 155000.0, "row_index": 17, "col_index": 34 }, "geometry": { "type": "Point", "coordinates": [ 5.6256946, 52.8454137 ] } },
{ "type": "Feature", "properties": { "id": 2229, "left": 50000.0, "top": 145000.0, "right": 55000.0, "bottom": 150000.0, "row_index": 18, "col_index": 34 }, "geometry": { "type": "Point", "coordinates": [ 5.6249279, 52.8004835 ] } },
{ "type": "Feature", "properties": { "id": 2230, "left": 50000.0, "top": 140000.0, "right": 55000.0, "bottom": 145000.0, "row_index": 19, "col_index": 34 }, "geometry": { "type": "Point", "coordinates": [ 5.6241633, 52.755553 ] } },
{ "type": "Feature", "properties": { "id": 2231, "left": 50000.0, "top": 135000.0, "right": 55000.0, "bottom": 140000.0, "row_index": 20, "col_index": 34 }, "geometry": { "type": "Point", "coordinates": [ 5.6234007, 52.7106221 ] } },
{ "type": "Feature", "properties": { "id": 2232, "left": 50000.0, "top": 130000.0, "right": 55000.0, "bottom": 135000.0, "row_index": 21, "col_index": 34 }, "geometry": { "type": "Point", "coordinates": [ 5.6226402, 52.6656909 ] } },
{ "type": "Feature", "properties": { "id": 2233, "left": 50000.0, "top": 125000.0, "right": 55000.0, "bottom": 130000.0, "row_index": 22, "col_index": 34 }, "geometry": { "type": "Point", "coordinates": [ 5.6218816, 52.6207594 ] } },
{ "type": "Feature", "properties": { "id": 2234, "left": 50000.0, "top": 120000.0, "right": 55000.0, "bottom": 125000.0, "row_index": 23, "col_index": 34 }, "geometry": { "type": "Point", "coordinates": [ 5.6211251, 52.5758275 ] } },
{ "type": "Feature", "properties": { "id": 2235, "left": 50000.0, "top": 115000.0, "right": 55000.0, "bottom": 120000.0, "row_index": 24, "col_index": 34 }, "geometry": { "type": "Point", "coordinates": [ 5.6203706, 52.5308953 ] } },
{ "type": "Feature", "properties": { "id": 2236, "left": 50000.0, "top": 110000.0, "right": 55000.0, "bottom": 115000.0, "row_index": 25, "col_index": 34 }, "geometry": { "type": "Point", "coordinates": [ 5.619618, 52.4859627 ] } },
{ "type": "Feature", "properties": { "id": 2237, "left": 50000.0, "top": 105000.0, "right": 55000.0, "bottom": 110000.0, "row_index": 26, "col_index": 34 }, "geometry": { "type": "Point", "coordinates": [ 5.6188674, 52.4410298 ] } },
{ "type": "Feature", "properties": { "id": 2238, "left": 50000.0, "top": 100000.0, "right": 55000.0, "bottom": 105000.0, "row_index": 27, "col_index": 34 }, "geometry": { "type": "Point", "coordinates": [ 5.6181188, 52.3960965 ] } },
{ "type": "Feature", "properties": { "id": 2239, "left": 50000.0, "top": 95000.0, "right": 55000.0, "bottom": 100000.0, "row_index": 28, "col_index": 34 }, "geometry": { "type": "Point", "coordinates": [ 5.6173722, 52.3511628 ] } },
{ "type": "Feature", "properties": { "id": 2240, "left": 50000.0, "top": 90000.0, "right": 55000.0, "bottom": 95000.0, "row_index": 29, "col_index": 34 }, "geometry": { "type": "Point", "coordinates": [ 5.6166276, 52.3062289 ] } },
{ "type": "Feature", "properties": { "id": 2241, "left": 50000.0, "top": 85000.0, "right": 55000.0, "bottom": 90000.0, "row_index": 30, "col_index": 34 }, "geometry": { "type": "Point", "coordinates": [ 5.6158849, 52.2612945 ] } },
{ "type": "Feature", "properties": { "id": 2242, "left": 50000.0, "top": 80000.0, "right": 55000.0, "bottom": 85000.0, "row_index": 31, "col_index": 34 }, "geometry": { "type": "Point", "coordinates": [ 5.6151441, 52.2163599 ] } },
{ "type": "Feature", "properties": { "id": 2243, "left": 50000.0, "top": 75000.0, "right": 55000.0, "bottom": 80000.0, "row_index": 32, "col_index": 34 }, "geometry": { "type": "Point", "coordinates": [ 5.6144053, 52.1714249 ] } },
{ "type": "Feature", "properties": { "id": 2244, "left": 50000.0, "top": 70000.0, "right": 55000.0, "bottom": 75000.0, "row_index": 33, "col_index": 34 }, "geometry": { "type": "Point", "coordinates": [ 5.6136684, 52.1264895 ] } },
{ "type": "Feature", "properties": { "id": 2245, "left": 50000.0, "top": 65000.0, "right": 55000.0, "bottom": 70000.0, "row_index": 34, "col_index": 34 }, "geometry": { "type": "Point", "coordinates": [ 5.6129335, 52.0815538 ] } },
{ "type": "Feature", "properties": { "id": 2246, "left": 50000.0, "top": 60000.0, "right": 55000.0, "bottom": 65000.0, "row_index": 35, "col_index": 34 }, "geometry": { "type": "Point", "coordinates": [ 5.6122004, 52.0366177 ] } },
{ "type": "Feature", "properties": { "id": 2247, "left": 50000.0, "top": 55000.0, "right": 55000.0, "bottom": 60000.0, "row_index": 36, "col_index": 34 }, "geometry": { "type": "Point", "coordinates": [ 5.6114693, 51.9916813 ] } },
{ "type": "Feature", "properties": { "id": 2248, "left": 50000.0, "top": 50000.0, "right": 55000.0, "bottom": 55000.0, "row_index": 37, "col_index": 34 }, "geometry": { "type": "Point", "coordinates": [ 5.6107401, 51.9467445 ] } },
{ "type": "Feature", "properties": { "id": 2249, "left": 50000.0, "top": 45000.0, "right": 55000.0, "bottom": 50000.0, "row_index": 38, "col_index": 34 }, "geometry": { "type": "Point", "coordinates": [ 5.6100128, 51.9018074 ] } },
{ "type": "Feature", "properties": { "id": 2250, "left": 50000.0, "top": 40000.0, "right": 55000.0, "bottom": 45000.0, "row_index": 39, "col_index": 34 }, "geometry": { "type": "Point", "coordinates": [ 5.6092874, 51.85687 ] } },
{ "type": "Feature", "properties": { "id": 2251, "left": 50000.0, "top": 35000.0, "right": 55000.0, "bottom": 40000.0, "row_index": 40, "col_index": 34 }, "geometry": { "type": "Point", "coordinates": [ 5.6085639, 51.8119321 ] } },
{ "type": "Feature", "properties": { "id": 2252, "left": 50000.0, "top": 30000.0, "right": 55000.0, "bottom": 35000.0, "row_index": 41, "col_index": 34 }, "geometry": { "type": "Point", "coordinates": [ 5.6078422, 51.766994 ] } },
{ "type": "Feature", "properties": { "id": 2253, "left": 50000.0, "top": 25000.0, "right": 55000.0, "bottom": 30000.0, "row_index": 42, "col_index": 34 }, "geometry": { "type": "Point", "coordinates": [ 5.6071225, 51.7220555 ] } },
{ "type": "Feature", "properties": { "id": 2254, "left": 50000.0, "top": 20000.0, "right": 55000.0, "bottom": 25000.0, "row_index": 43, "col_index": 34 }, "geometry": { "type": "Point", "coordinates": [ 5.6064046, 51.6771166 ] } },
{ "type": "Feature", "properties": { "id": 2255, "left": 50000.0, "top": 15000.0, "right": 55000.0, "bottom": 20000.0, "row_index": 44, "col_index": 34 }, "geometry": { "type": "Point", "coordinates": [ 5.6056886, 51.6321774 ] } },
{ "type": "Feature", "properties": { "id": 2256, "left": 50000.0, "top": 10000.0, "right": 55000.0, "bottom": 15000.0, "row_index": 45, "col_index": 34 }, "geometry": { "type": "Point", "coordinates": [ 5.6049744, 51.5872378 ] } },
{ "type": "Feature", "properties": { "id": 2257, "left": 50000.0, "top": 5000.0, "right": 55000.0, "bottom": 10000.0, "row_index": 46, "col_index": 34 }, "geometry": { "type": "Point", "coordinates": [ 5.6042621, 51.5422979 ] } },
{ "type": "Feature", "properties": { "id": 2258, "left": 50000.0, "top": 0.0, "right": 55000.0, "bottom": 5000.0, "row_index": 47, "col_index": 34 }, "geometry": { "type": "Point", "coordinates": [ 5.6035516, 51.4973577 ] } },
{ "type": "Feature", "properties": { "id": 2259, "left": 50000.0, "top": -5000.0, "right": 55000.0, "bottom": 0.0, "row_index": 48, "col_index": 34 }, "geometry": { "type": "Point", "coordinates": [ 5.6028429, 51.4524171 ] } },
{ "type": "Feature", "properties": { "id": 2260, "left": 50000.0, "top": -10000.0, "right": 55000.0, "bottom": -5000.0, "row_index": 49, "col_index": 34 }, "geometry": { "type": "Point", "coordinates": [ 5.6021361, 51.4074761 ] } },
{ "type": "Feature", "properties": { "id": 2261, "left": 50000.0, "top": -15000.0, "right": 55000.0, "bottom": -10000.0, "row_index": 50, "col_index": 34 }, "geometry": { "type": "Point", "coordinates": [ 5.6014312, 51.3625348 ] } },
{ "type": "Feature", "properties": { "id": 2262, "left": 50000.0, "top": -20000.0, "right": 55000.0, "bottom": -15000.0, "row_index": 51, "col_index": 34 }, "geometry": { "type": "Point", "coordinates": [ 5.600728, 51.3175932 ] } },
{ "type": "Feature", "properties": { "id": 2263, "left": 50000.0, "top": -25000.0, "right": 55000.0, "bottom": -20000.0, "row_index": 52, "col_index": 34 }, "geometry": { "type": "Point", "coordinates": [ 5.6000266, 51.2726511 ] } },
{ "type": "Feature", "properties": { "id": 2264, "left": 50000.0, "top": -30000.0, "right": 55000.0, "bottom": -25000.0, "row_index": 53, "col_index": 34 }, "geometry": { "type": "Point", "coordinates": [ 5.5993271, 51.2277088 ] } },
{ "type": "Feature", "properties": { "id": 2265, "left": 50000.0, "top": -35000.0, "right": 55000.0, "bottom": -30000.0, "row_index": 54, "col_index": 34 }, "geometry": { "type": "Point", "coordinates": [ 5.5986293, 51.1827661 ] } },
{ "type": "Feature", "properties": { "id": 2266, "left": 50000.0, "top": -40000.0, "right": 55000.0, "bottom": -35000.0, "row_index": 55, "col_index": 34 }, "geometry": { "type": "Point", "coordinates": [ 5.5979334, 51.137823 ] } },
{ "type": "Feature", "properties": { "id": 2267, "left": 50000.0, "top": -45000.0, "right": 55000.0, "bottom": -40000.0, "row_index": 56, "col_index": 34 }, "geometry": { "type": "Point", "coordinates": [ 5.5972392, 51.0928796 ] } },
{ "type": "Feature", "properties": { "id": 2268, "left": 50000.0, "top": -50000.0, "right": 55000.0, "bottom": -45000.0, "row_index": 57, "col_index": 34 }, "geometry": { "type": "Point", "coordinates": [ 5.5965468, 51.0479358 ] } },
{ "type": "Feature", "properties": { "id": 2269, "left": 50000.0, "top": -55000.0, "right": 55000.0, "bottom": -50000.0, "row_index": 58, "col_index": 34 }, "geometry": { "type": "Point", "coordinates": [ 5.5958562, 51.0029917 ] } },
{ "type": "Feature", "properties": { "id": 2270, "left": 50000.0, "top": -60000.0, "right": 55000.0, "bottom": -55000.0, "row_index": 59, "col_index": 34 }, "geometry": { "type": "Point", "coordinates": [ 5.5951674, 50.9580473 ] } },
{ "type": "Feature", "properties": { "id": 2271, "left": 50000.0, "top": -65000.0, "right": 55000.0, "bottom": -60000.0, "row_index": 60, "col_index": 34 }, "geometry": { "type": "Point", "coordinates": [ 5.5944803, 50.9131024 ] } },
{ "type": "Feature", "properties": { "id": 2272, "left": 50000.0, "top": -70000.0, "right": 55000.0, "bottom": -65000.0, "row_index": 61, "col_index": 34 }, "geometry": { "type": "Point", "coordinates": [ 5.593795, 50.8681573 ] } },
{ "type": "Feature", "properties": { "id": 2273, "left": 50000.0, "top": -75000.0, "right": 55000.0, "bottom": -70000.0, "row_index": 62, "col_index": 34 }, "geometry": { "type": "Point", "coordinates": [ 5.5931115, 50.8232117 ] } },
{ "type": "Feature", "properties": { "id": 2274, "left": 50000.0, "top": -80000.0, "right": 55000.0, "bottom": -75000.0, "row_index": 63, "col_index": 34 }, "geometry": { "type": "Point", "coordinates": [ 5.5924296, 50.7782659 ] } },
{ "type": "Feature", "properties": { "id": 2275, "left": 50000.0, "top": -85000.0, "right": 55000.0, "bottom": -80000.0, "row_index": 64, "col_index": 34 }, "geometry": { "type": "Point", "coordinates": [ 5.5917496, 50.7333196 ] } },
{ "type": "Feature", "properties": { "id": 2276, "left": 55000.0, "top": 235000.0, "right": 60000.0, "bottom": 240000.0, "row_index": 0, "col_index": 35 }, "geometry": { "type": "Point", "coordinates": [ 5.7145856, 53.6086862 ] } },
{ "type": "Feature", "properties": { "id": 2277, "left": 55000.0, "top": 230000.0, "right": 60000.0, "bottom": 235000.0, "row_index": 1, "col_index": 35 }, "geometry": { "type": "Point", "coordinates": [ 5.7137032, 53.5637624 ] } },
{ "type": "Feature", "properties": { "id": 2278, "left": 55000.0, "top": 225000.0, "right": 60000.0, "bottom": 230000.0, "row_index": 2, "col_index": 35 }, "geometry": { "type": "Point", "coordinates": [ 5.7128232, 53.5188382 ] } },
{ "type": "Feature", "properties": { "id": 2279, "left": 55000.0, "top": 220000.0, "right": 60000.0, "bottom": 225000.0, "row_index": 3, "col_index": 35 }, "geometry": { "type": "Point", "coordinates": [ 5.7119455, 53.4739137 ] } },
{ "type": "Feature", "properties": { "id": 2280, "left": 55000.0, "top": 215000.0, "right": 60000.0, "bottom": 220000.0, "row_index": 4, "col_index": 35 }, "geometry": { "type": "Point", "coordinates": [ 5.7110703, 53.4289889 ] } },
{ "type": "Feature", "properties": { "id": 2281, "left": 55000.0, "top": 210000.0, "right": 60000.0, "bottom": 215000.0, "row_index": 5, "col_index": 35 }, "geometry": { "type": "Point", "coordinates": [ 5.7101973, 53.3840637 ] } },
{ "type": "Feature", "properties": { "id": 2282, "left": 55000.0, "top": 205000.0, "right": 60000.0, "bottom": 210000.0, "row_index": 6, "col_index": 35 }, "geometry": { "type": "Point", "coordinates": [ 5.7093268, 53.3391382 ] } },
{ "type": "Feature", "properties": { "id": 2283, "left": 55000.0, "top": 200000.0, "right": 60000.0, "bottom": 205000.0, "row_index": 7, "col_index": 35 }, "geometry": { "type": "Point", "coordinates": [ 5.7084585, 53.2942123 ] } },
{ "type": "Feature", "properties": { "id": 2284, "left": 55000.0, "top": 195000.0, "right": 60000.0, "bottom": 200000.0, "row_index": 8, "col_index": 35 }, "geometry": { "type": "Point", "coordinates": [ 5.7075926, 53.2492861 ] } },
{ "type": "Feature", "properties": { "id": 2285, "left": 55000.0, "top": 190000.0, "right": 60000.0, "bottom": 195000.0, "row_index": 9, "col_index": 35 }, "geometry": { "type": "Point", "coordinates": [ 5.706729, 53.2043596 ] } },
{ "type": "Feature", "properties": { "id": 2286, "left": 55000.0, "top": 185000.0, "right": 60000.0, "bottom": 190000.0, "row_index": 10, "col_index": 35 }, "geometry": { "type": "Point", "coordinates": [ 5.7058677, 53.1594327 ] } },
{ "type": "Feature", "properties": { "id": 2287, "left": 55000.0, "top": 180000.0, "right": 60000.0, "bottom": 185000.0, "row_index": 11, "col_index": 35 }, "geometry": { "type": "Point", "coordinates": [ 5.7050087, 53.1145054 ] } },
{ "type": "Feature", "properties": { "id": 2288, "left": 55000.0, "top": 175000.0, "right": 60000.0, "bottom": 180000.0, "row_index": 12, "col_index": 35 }, "geometry": { "type": "Point", "coordinates": [ 5.704152, 53.0695778 ] } },
{ "type": "Feature", "properties": { "id": 2289, "left": 55000.0, "top": 170000.0, "right": 60000.0, "bottom": 175000.0, "row_index": 13, "col_index": 35 }, "geometry": { "type": "Point", "coordinates": [ 5.7032976, 53.0246499 ] } },
{ "type": "Feature", "properties": { "id": 2290, "left": 55000.0, "top": 165000.0, "right": 60000.0, "bottom": 170000.0, "row_index": 14, "col_index": 35 }, "geometry": { "type": "Point", "coordinates": [ 5.7024454, 52.9797216 ] } },
{ "type": "Feature", "properties": { "id": 2291, "left": 55000.0, "top": 160000.0, "right": 60000.0, "bottom": 165000.0, "row_index": 15, "col_index": 35 }, "geometry": { "type": "Point", "coordinates": [ 5.7015955, 52.934793 ] } },
{ "type": "Feature", "properties": { "id": 2292, "left": 55000.0, "top": 155000.0, "right": 60000.0, "bottom": 160000.0, "row_index": 16, "col_index": 35 }, "geometry": { "type": "Point", "coordinates": [ 5.7007479, 52.889864 ] } },
{ "type": "Feature", "properties": { "id": 2293, "left": 55000.0, "top": 150000.0, "right": 60000.0, "bottom": 155000.0, "row_index": 17, "col_index": 35 }, "geometry": { "type": "Point", "coordinates": [ 5.6999026, 52.8449346 ] } },
{ "type": "Feature", "properties": { "id": 2294, "left": 55000.0, "top": 145000.0, "right": 60000.0, "bottom": 150000.0, "row_index": 18, "col_index": 35 }, "geometry": { "type": "Point", "coordinates": [ 5.6990594, 52.800005 ] } },
{ "type": "Feature", "properties": { "id": 2295, "left": 55000.0, "top": 140000.0, "right": 60000.0, "bottom": 145000.0, "row_index": 19, "col_index": 35 }, "geometry": { "type": "Point", "coordinates": [ 5.6982185, 52.7550749 ] } },
{ "type": "Feature", "properties": { "id": 2296, "left": 55000.0, "top": 135000.0, "right": 60000.0, "bottom": 140000.0, "row_index": 20, "col_index": 35 }, "geometry": { "type": "Point", "coordinates": [ 5.6973799, 52.7101446 ] } },
{ "type": "Feature", "properties": { "id": 2297, "left": 55000.0, "top": 130000.0, "right": 60000.0, "bottom": 135000.0, "row_index": 21, "col_index": 35 }, "geometry": { "type": "Point", "coordinates": [ 5.6965435, 52.6652138 ] } },
{ "type": "Feature", "properties": { "id": 2298, "left": 55000.0, "top": 125000.0, "right": 60000.0, "bottom": 130000.0, "row_index": 22, "col_index": 35 }, "geometry": { "type": "Point", "coordinates": [ 5.6957092, 52.6202828 ] } },
{ "type": "Feature", "properties": { "id": 2299, "left": 55000.0, "top": 120000.0, "right": 60000.0, "bottom": 125000.0, "row_index": 23, "col_index": 35 }, "geometry": { "type": "Point", "coordinates": [ 5.6948772, 52.5753514 ] } },
{ "type": "Feature", "properties": { "id": 2300, "left": 55000.0, "top": 115000.0, "right": 60000.0, "bottom": 120000.0, "row_index": 24, "col_index": 35 }, "geometry": { "type": "Point", "coordinates": [ 5.6940474, 52.5304196 ] } },
{ "type": "Feature", "properties": { "id": 2301, "left": 55000.0, "top": 110000.0, "right": 60000.0, "bottom": 115000.0, "row_index": 25, "col_index": 35 }, "geometry": { "type": "Point", "coordinates": [ 5.6932197, 52.4854875 ] } },
{ "type": "Feature", "properties": { "id": 2302, "left": 55000.0, "top": 105000.0, "right": 60000.0, "bottom": 110000.0, "row_index": 26, "col_index": 35 }, "geometry": { "type": "Point", "coordinates": [ 5.6923943, 52.440555 ] } },
{ "type": "Feature", "properties": { "id": 2303, "left": 55000.0, "top": 100000.0, "right": 60000.0, "bottom": 105000.0, "row_index": 27, "col_index": 35 }, "geometry": { "type": "Point", "coordinates": [ 5.691571, 52.3956222 ] } },
{ "type": "Feature", "properties": { "id": 2304, "left": 55000.0, "top": 95000.0, "right": 60000.0, "bottom": 100000.0, "row_index": 28, "col_index": 35 }, "geometry": { "type": "Point", "coordinates": [ 5.6907499, 52.3506891 ] } },
{ "type": "Feature", "properties": { "id": 2305, "left": 55000.0, "top": 90000.0, "right": 60000.0, "bottom": 95000.0, "row_index": 29, "col_index": 35 }, "geometry": { "type": "Point", "coordinates": [ 5.6899309, 52.3057556 ] } },
{ "type": "Feature", "properties": { "id": 2306, "left": 55000.0, "top": 85000.0, "right": 60000.0, "bottom": 90000.0, "row_index": 30, "col_index": 35 }, "geometry": { "type": "Point", "coordinates": [ 5.6891141, 52.2608217 ] } },
{ "type": "Feature", "properties": { "id": 2307, "left": 55000.0, "top": 80000.0, "right": 60000.0, "bottom": 85000.0, "row_index": 31, "col_index": 35 }, "geometry": { "type": "Point", "coordinates": [ 5.6882995, 52.2158875 ] } },
{ "type": "Feature", "properties": { "id": 2308, "left": 55000.0, "top": 75000.0, "right": 60000.0, "bottom": 80000.0, "row_index": 32, "col_index": 35 }, "geometry": { "type": "Point", "coordinates": [ 5.687487, 52.1709529 ] } },
{ "type": "Feature", "properties": { "id": 2309, "left": 55000.0, "top": 70000.0, "right": 60000.0, "bottom": 75000.0, "row_index": 33, "col_index": 35 }, "geometry": { "type": "Point", "coordinates": [ 5.6866766, 52.126018 ] } },
{ "type": "Feature", "properties": { "id": 2310, "left": 55000.0, "top": 65000.0, "right": 60000.0, "bottom": 70000.0, "row_index": 34, "col_index": 35 }, "geometry": { "type": "Point", "coordinates": [ 5.6858683, 52.0810828 ] } },
{ "type": "Feature", "properties": { "id": 2311, "left": 55000.0, "top": 60000.0, "right": 60000.0, "bottom": 65000.0, "row_index": 35, "col_index": 35 }, "geometry": { "type": "Point", "coordinates": [ 5.6850621, 52.0361472 ] } },
{ "type": "Feature", "properties": { "id": 2312, "left": 55000.0, "top": 55000.0, "right": 60000.0, "bottom": 60000.0, "row_index": 36, "col_index": 35 }, "geometry": { "type": "Point", "coordinates": [ 5.6842581, 51.9912112 ] } },
{ "type": "Feature", "properties": { "id": 2313, "left": 55000.0, "top": 50000.0, "right": 60000.0, "bottom": 55000.0, "row_index": 37, "col_index": 35 }, "geometry": { "type": "Point", "coordinates": [ 5.6834561, 51.9462749 ] } },
{ "type": "Feature", "properties": { "id": 2314, "left": 55000.0, "top": 45000.0, "right": 60000.0, "bottom": 50000.0, "row_index": 38, "col_index": 35 }, "geometry": { "type": "Point", "coordinates": [ 5.6826562, 51.9013383 ] } },
{ "type": "Feature", "properties": { "id": 2315, "left": 55000.0, "top": 40000.0, "right": 60000.0, "bottom": 45000.0, "row_index": 39, "col_index": 35 }, "geometry": { "type": "Point", "coordinates": [ 5.6818585, 51.8564013 ] } },
{ "type": "Feature", "properties": { "id": 2316, "left": 55000.0, "top": 35000.0, "right": 60000.0, "bottom": 40000.0, "row_index": 40, "col_index": 35 }, "geometry": { "type": "Point", "coordinates": [ 5.6810628, 51.8114639 ] } },
{ "type": "Feature", "properties": { "id": 2317, "left": 55000.0, "top": 30000.0, "right": 60000.0, "bottom": 35000.0, "row_index": 41, "col_index": 35 }, "geometry": { "type": "Point", "coordinates": [ 5.6802691, 51.7665262 ] } },
{ "type": "Feature", "properties": { "id": 2318, "left": 55000.0, "top": 25000.0, "right": 60000.0, "bottom": 30000.0, "row_index": 42, "col_index": 35 }, "geometry": { "type": "Point", "coordinates": [ 5.6794775, 51.7215882 ] } },
{ "type": "Feature", "properties": { "id": 2319, "left": 55000.0, "top": 20000.0, "right": 60000.0, "bottom": 25000.0, "row_index": 43, "col_index": 35 }, "geometry": { "type": "Point", "coordinates": [ 5.678688, 51.6766498 ] } },
{ "type": "Feature", "properties": { "id": 2320, "left": 55000.0, "top": 15000.0, "right": 60000.0, "bottom": 20000.0, "row_index": 44, "col_index": 35 }, "geometry": { "type": "Point", "coordinates": [ 5.6779006, 51.631711 ] } },
{ "type": "Feature", "properties": { "id": 2321, "left": 55000.0, "top": 10000.0, "right": 60000.0, "bottom": 15000.0, "row_index": 45, "col_index": 35 }, "geometry": { "type": "Point", "coordinates": [ 5.6771151, 51.5867719 ] } },
{ "type": "Feature", "properties": { "id": 2322, "left": 55000.0, "top": 5000.0, "right": 60000.0, "bottom": 10000.0, "row_index": 46, "col_index": 35 }, "geometry": { "type": "Point", "coordinates": [ 5.6763318, 51.5418325 ] } },
{ "type": "Feature", "properties": { "id": 2323, "left": 55000.0, "top": 0.0, "right": 60000.0, "bottom": 5000.0, "row_index": 47, "col_index": 35 }, "geometry": { "type": "Point", "coordinates": [ 5.6755504, 51.4968927 ] } },
{ "type": "Feature", "properties": { "id": 2324, "left": 55000.0, "top": -5000.0, "right": 60000.0, "bottom": 0.0, "row_index": 48, "col_index": 35 }, "geometry": { "type": "Point", "coordinates": [ 5.674771, 51.4519525 ] } },
{ "type": "Feature", "properties": { "id": 2325, "left": 55000.0, "top": -10000.0, "right": 60000.0, "bottom": -5000.0, "row_index": 49, "col_index": 35 }, "geometry": { "type": "Point", "coordinates": [ 5.6739937, 51.407012 ] } },
{ "type": "Feature", "properties": { "id": 2326, "left": 55000.0, "top": -15000.0, "right": 60000.0, "bottom": -10000.0, "row_index": 50, "col_index": 35 }, "geometry": { "type": "Point", "coordinates": [ 5.6732184, 51.3620712 ] } },
{ "type": "Feature", "properties": { "id": 2327, "left": 55000.0, "top": -20000.0, "right": 60000.0, "bottom": -15000.0, "row_index": 51, "col_index": 35 }, "geometry": { "type": "Point", "coordinates": [ 5.6724451, 51.31713 ] } },
{ "type": "Feature", "properties": { "id": 2328, "left": 55000.0, "top": -25000.0, "right": 60000.0, "bottom": -20000.0, "row_index": 52, "col_index": 35 }, "geometry": { "type": "Point", "coordinates": [ 5.6716738, 51.2721884 ] } },
{ "type": "Feature", "properties": { "id": 2329, "left": 55000.0, "top": -30000.0, "right": 60000.0, "bottom": -25000.0, "row_index": 53, "col_index": 35 }, "geometry": { "type": "Point", "coordinates": [ 5.6709044, 51.2272465 ] } },
{ "type": "Feature", "properties": { "id": 2330, "left": 55000.0, "top": -35000.0, "right": 60000.0, "bottom": -30000.0, "row_index": 54, "col_index": 35 }, "geometry": { "type": "Point", "coordinates": [ 5.6701371, 51.1823042 ] } },
{ "type": "Feature", "properties": { "id": 2331, "left": 55000.0, "top": -40000.0, "right": 60000.0, "bottom": -35000.0, "row_index": 55, "col_index": 35 }, "geometry": { "type": "Point", "coordinates": [ 5.6693717, 51.1373616 ] } },
{ "type": "Feature", "properties": { "id": 2332, "left": 55000.0, "top": -45000.0, "right": 60000.0, "bottom": -40000.0, "row_index": 56, "col_index": 35 }, "geometry": { "type": "Point", "coordinates": [ 5.6686083, 51.0924186 ] } },
{ "type": "Feature", "properties": { "id": 2333, "left": 55000.0, "top": -50000.0, "right": 60000.0, "bottom": -45000.0, "row_index": 57, "col_index": 35 }, "geometry": { "type": "Point", "coordinates": [ 5.6678468, 51.0474753 ] } },
{ "type": "Feature", "properties": { "id": 2334, "left": 55000.0, "top": -55000.0, "right": 60000.0, "bottom": -50000.0, "row_index": 58, "col_index": 35 }, "geometry": { "type": "Point", "coordinates": [ 5.6670873, 51.0025317 ] } },
{ "type": "Feature", "properties": { "id": 2335, "left": 55000.0, "top": -60000.0, "right": 60000.0, "bottom": -55000.0, "row_index": 59, "col_index": 35 }, "geometry": { "type": "Point", "coordinates": [ 5.6663297, 50.9575876 ] } },
{ "type": "Feature", "properties": { "id": 2336, "left": 55000.0, "top": -65000.0, "right": 60000.0, "bottom": -60000.0, "row_index": 60, "col_index": 35 }, "geometry": { "type": "Point", "coordinates": [ 5.6655741, 50.9126433 ] } },
{ "type": "Feature", "properties": { "id": 2337, "left": 55000.0, "top": -70000.0, "right": 60000.0, "bottom": -65000.0, "row_index": 61, "col_index": 35 }, "geometry": { "type": "Point", "coordinates": [ 5.6648204, 50.8676985 ] } },
{ "type": "Feature", "properties": { "id": 2338, "left": 55000.0, "top": -75000.0, "right": 60000.0, "bottom": -70000.0, "row_index": 62, "col_index": 35 }, "geometry": { "type": "Point", "coordinates": [ 5.6640687, 50.8227534 ] } },
{ "type": "Feature", "properties": { "id": 2339, "left": 55000.0, "top": -80000.0, "right": 60000.0, "bottom": -75000.0, "row_index": 63, "col_index": 35 }, "geometry": { "type": "Point", "coordinates": [ 5.6633188, 50.777808 ] } },
{ "type": "Feature", "properties": { "id": 2340, "left": 55000.0, "top": -85000.0, "right": 60000.0, "bottom": -80000.0, "row_index": 64, "col_index": 35 }, "geometry": { "type": "Point", "coordinates": [ 5.6625709, 50.7328622 ] } },
{ "type": "Feature", "properties": { "id": 2341, "left": 60000.0, "top": 235000.0, "right": 65000.0, "bottom": 240000.0, "row_index": 0, "col_index": 36 }, "geometry": { "type": "Point", "coordinates": [ 5.7901237, 53.6081525 ] } },
{ "type": "Feature", "properties": { "id": 2342, "left": 60000.0, "top": 230000.0, "right": 65000.0, "bottom": 235000.0, "row_index": 1, "col_index": 36 }, "geometry": { "type": "Point", "coordinates": [ 5.7891613, 53.5632292 ] } },
{ "type": "Feature", "properties": { "id": 2343, "left": 60000.0, "top": 225000.0, "right": 65000.0, "bottom": 230000.0, "row_index": 2, "col_index": 36 }, "geometry": { "type": "Point", "coordinates": [ 5.7882015, 53.5183056 ] } },
{ "type": "Feature", "properties": { "id": 2344, "left": 60000.0, "top": 220000.0, "right": 65000.0, "bottom": 225000.0, "row_index": 3, "col_index": 36 }, "geometry": { "type": "Point", "coordinates": [ 5.7872442, 53.4733817 ] } },
{ "type": "Feature", "properties": { "id": 2345, "left": 60000.0, "top": 215000.0, "right": 65000.0, "bottom": 220000.0, "row_index": 4, "col_index": 36 }, "geometry": { "type": "Point", "coordinates": [ 5.7862896, 53.4284574 ] } },
{ "type": "Feature", "properties": { "id": 2346, "left": 60000.0, "top": 210000.0, "right": 65000.0, "bottom": 215000.0, "row_index": 5, "col_index": 36 }, "geometry": { "type": "Point", "coordinates": [ 5.7853375, 53.3835328 ] } },
{ "type": "Feature", "properties": { "id": 2347, "left": 60000.0, "top": 205000.0, "right": 65000.0, "bottom": 210000.0, "row_index": 6, "col_index": 36 }, "geometry": { "type": "Point", "coordinates": [ 5.7843879, 53.3386078 ] } },
{ "type": "Feature", "properties": { "id": 2348, "left": 60000.0, "top": 200000.0, "right": 65000.0, "bottom": 205000.0, "row_index": 7, "col_index": 36 }, "geometry": { "type": "Point", "coordinates": [ 5.7834409, 53.2936825 ] } },
{ "type": "Feature", "properties": { "id": 2349, "left": 60000.0, "top": 195000.0, "right": 65000.0, "bottom": 200000.0, "row_index": 8, "col_index": 36 }, "geometry": { "type": "Point", "coordinates": [ 5.7824964, 53.2487568 ] } },
{ "type": "Feature", "properties": { "id": 2350, "left": 60000.0, "top": 190000.0, "right": 65000.0, "bottom": 195000.0, "row_index": 9, "col_index": 36 }, "geometry": { "type": "Point", "coordinates": [ 5.7815545, 53.2038308 ] } },
{ "type": "Feature", "properties": { "id": 2351, "left": 60000.0, "top": 185000.0, "right": 65000.0, "bottom": 190000.0, "row_index": 10, "col_index": 36 }, "geometry": { "type": "Point", "coordinates": [ 5.7806151, 53.1589044 ] } },
{ "type": "Feature", "properties": { "id": 2352, "left": 60000.0, "top": 180000.0, "right": 65000.0, "bottom": 185000.0, "row_index": 11, "col_index": 36 }, "geometry": { "type": "Point", "coordinates": [ 5.7796781, 53.1139777 ] } },
{ "type": "Feature", "properties": { "id": 2353, "left": 60000.0, "top": 175000.0, "right": 65000.0, "bottom": 180000.0, "row_index": 12, "col_index": 36 }, "geometry": { "type": "Point", "coordinates": [ 5.7787437, 53.0690506 ] } },
{ "type": "Feature", "properties": { "id": 2354, "left": 60000.0, "top": 170000.0, "right": 65000.0, "bottom": 175000.0, "row_index": 13, "col_index": 36 }, "geometry": { "type": "Point", "coordinates": [ 5.7778118, 53.0241232 ] } },
{ "type": "Feature", "properties": { "id": 2355, "left": 60000.0, "top": 165000.0, "right": 65000.0, "bottom": 170000.0, "row_index": 14, "col_index": 36 }, "geometry": { "type": "Point", "coordinates": [ 5.7768823, 52.9791954 ] } },
{ "type": "Feature", "properties": { "id": 2356, "left": 60000.0, "top": 160000.0, "right": 65000.0, "bottom": 165000.0, "row_index": 15, "col_index": 36 }, "geometry": { "type": "Point", "coordinates": [ 5.7759554, 52.9342673 ] } },
{ "type": "Feature", "properties": { "id": 2357, "left": 60000.0, "top": 155000.0, "right": 65000.0, "bottom": 160000.0, "row_index": 16, "col_index": 36 }, "geometry": { "type": "Point", "coordinates": [ 5.7750309, 52.8893389 ] } },
{ "type": "Feature", "properties": { "id": 2358, "left": 60000.0, "top": 150000.0, "right": 65000.0, "bottom": 155000.0, "row_index": 17, "col_index": 36 }, "geometry": { "type": "Point", "coordinates": [ 5.7741088, 52.8444101 ] } },
{ "type": "Feature", "properties": { "id": 2359, "left": 60000.0, "top": 145000.0, "right": 65000.0, "bottom": 150000.0, "row_index": 18, "col_index": 36 }, "geometry": { "type": "Point", "coordinates": [ 5.7731892, 52.7994809 ] } },
{ "type": "Feature", "properties": { "id": 2360, "left": 60000.0, "top": 140000.0, "right": 65000.0, "bottom": 145000.0, "row_index": 19, "col_index": 36 }, "geometry": { "type": "Point", "coordinates": [ 5.7722721, 52.7545514 ] } },
{ "type": "Feature", "properties": { "id": 2361, "left": 60000.0, "top": 135000.0, "right": 65000.0, "bottom": 140000.0, "row_index": 20, "col_index": 36 }, "geometry": { "type": "Point", "coordinates": [ 5.7713573, 52.7096216 ] } },
{ "type": "Feature", "properties": { "id": 2362, "left": 60000.0, "top": 130000.0, "right": 65000.0, "bottom": 135000.0, "row_index": 21, "col_index": 36 }, "geometry": { "type": "Point", "coordinates": [ 5.770445, 52.6646914 ] } },
{ "type": "Feature", "properties": { "id": 2363, "left": 60000.0, "top": 125000.0, "right": 65000.0, "bottom": 130000.0, "row_index": 22, "col_index": 36 }, "geometry": { "type": "Point", "coordinates": [ 5.7695351, 52.6197608 ] } },
{ "type": "Feature", "properties": { "id": 2364, "left": 60000.0, "top": 120000.0, "right": 65000.0, "bottom": 125000.0, "row_index": 23, "col_index": 36 }, "geometry": { "type": "Point", "coordinates": [ 5.7686276, 52.5748299 ] } },
{ "type": "Feature", "properties": { "id": 2365, "left": 60000.0, "top": 115000.0, "right": 65000.0, "bottom": 120000.0, "row_index": 24, "col_index": 36 }, "geometry": { "type": "Point", "coordinates": [ 5.7677225, 52.5298987 ] } },
{ "type": "Feature", "properties": { "id": 2366, "left": 60000.0, "top": 110000.0, "right": 65000.0, "bottom": 115000.0, "row_index": 25, "col_index": 36 }, "geometry": { "type": "Point", "coordinates": [ 5.7668198, 52.4849671 ] } },
{ "type": "Feature", "properties": { "id": 2367, "left": 60000.0, "top": 105000.0, "right": 65000.0, "bottom": 110000.0, "row_index": 26, "col_index": 36 }, "geometry": { "type": "Point", "coordinates": [ 5.7659195, 52.4400352 ] } },
{ "type": "Feature", "properties": { "id": 2368, "left": 60000.0, "top": 100000.0, "right": 65000.0, "bottom": 105000.0, "row_index": 27, "col_index": 36 }, "geometry": { "type": "Point", "coordinates": [ 5.7650215, 52.3951029 ] } },
{ "type": "Feature", "properties": { "id": 2369, "left": 60000.0, "top": 95000.0, "right": 65000.0, "bottom": 100000.0, "row_index": 28, "col_index": 36 }, "geometry": { "type": "Point", "coordinates": [ 5.7641259, 52.3501702 ] } },
{ "type": "Feature", "properties": { "id": 2370, "left": 60000.0, "top": 90000.0, "right": 65000.0, "bottom": 95000.0, "row_index": 29, "col_index": 36 }, "geometry": { "type": "Point", "coordinates": [ 5.7632327, 52.3052373 ] } },
{ "type": "Feature", "properties": { "id": 2371, "left": 60000.0, "top": 85000.0, "right": 65000.0, "bottom": 90000.0, "row_index": 30, "col_index": 36 }, "geometry": { "type": "Point", "coordinates": [ 5.7623418, 52.2603039 ] } },
{ "type": "Feature", "properties": { "id": 2372, "left": 60000.0, "top": 80000.0, "right": 65000.0, "bottom": 85000.0, "row_index": 31, "col_index": 36 }, "geometry": { "type": "Point", "coordinates": [ 5.7614532, 52.2153702 ] } },
{ "type": "Feature", "properties": { "id": 2373, "left": 60000.0, "top": 75000.0, "right": 65000.0, "bottom": 80000.0, "row_index": 32, "col_index": 36 }, "geometry": { "type": "Point", "coordinates": [ 5.760567, 52.1704362 ] } },
{ "type": "Feature", "properties": { "id": 2374, "left": 60000.0, "top": 70000.0, "right": 65000.0, "bottom": 75000.0, "row_index": 33, "col_index": 36 }, "geometry": { "type": "Point", "coordinates": [ 5.7596831, 52.1255018 ] } },
{ "type": "Feature", "properties": { "id": 2375, "left": 60000.0, "top": 65000.0, "right": 65000.0, "bottom": 70000.0, "row_index": 34, "col_index": 36 }, "geometry": { "type": "Point", "coordinates": [ 5.7588015, 52.080567 ] } },
{ "type": "Feature", "properties": { "id": 2376, "left": 60000.0, "top": 60000.0, "right": 65000.0, "bottom": 65000.0, "row_index": 35, "col_index": 36 }, "geometry": { "type": "Point", "coordinates": [ 5.7579222, 52.035632 ] } },
{ "type": "Feature", "properties": { "id": 2377, "left": 60000.0, "top": 55000.0, "right": 65000.0, "bottom": 60000.0, "row_index": 36, "col_index": 36 }, "geometry": { "type": "Point", "coordinates": [ 5.7570452, 51.9906965 ] } },
{ "type": "Feature", "properties": { "id": 2378, "left": 60000.0, "top": 50000.0, "right": 65000.0, "bottom": 55000.0, "row_index": 37, "col_index": 36 }, "geometry": { "type": "Point", "coordinates": [ 5.7561705, 51.9457607 ] } },
{ "type": "Feature", "properties": { "id": 2379, "left": 60000.0, "top": 45000.0, "right": 65000.0, "bottom": 50000.0, "row_index": 38, "col_index": 36 }, "geometry": { "type": "Point", "coordinates": [ 5.7552981, 51.9008246 ] } },
{ "type": "Feature", "properties": { "id": 2380, "left": 60000.0, "top": 40000.0, "right": 65000.0, "bottom": 45000.0, "row_index": 39, "col_index": 36 }, "geometry": { "type": "Point", "coordinates": [ 5.7544279, 51.8558881 ] } },
{ "type": "Feature", "properties": { "id": 2381, "left": 60000.0, "top": 35000.0, "right": 65000.0, "bottom": 40000.0, "row_index": 40, "col_index": 36 }, "geometry": { "type": "Point", "coordinates": [ 5.75356, 51.8109512 ] } },
{ "type": "Feature", "properties": { "id": 2382, "left": 60000.0, "top": 30000.0, "right": 65000.0, "bottom": 35000.0, "row_index": 41, "col_index": 36 }, "geometry": { "type": "Point", "coordinates": [ 5.7526944, 51.766014 ] } },
{ "type": "Feature", "properties": { "id": 2383, "left": 60000.0, "top": 25000.0, "right": 65000.0, "bottom": 30000.0, "row_index": 42, "col_index": 36 }, "geometry": { "type": "Point", "coordinates": [ 5.751831, 51.7210765 ] } },
{ "type": "Feature", "properties": { "id": 2384, "left": 60000.0, "top": 20000.0, "right": 65000.0, "bottom": 25000.0, "row_index": 43, "col_index": 36 }, "geometry": { "type": "Point", "coordinates": [ 5.7509699, 51.6761386 ] } },
{ "type": "Feature", "properties": { "id": 2385, "left": 60000.0, "top": 15000.0, "right": 65000.0, "bottom": 20000.0, "row_index": 44, "col_index": 36 }, "geometry": { "type": "Point", "coordinates": [ 5.750111, 51.6312003 ] } },
{ "type": "Feature", "properties": { "id": 2386, "left": 60000.0, "top": 10000.0, "right": 65000.0, "bottom": 15000.0, "row_index": 45, "col_index": 36 }, "geometry": { "type": "Point", "coordinates": [ 5.7492543, 51.5862617 ] } },
{ "type": "Feature", "properties": { "id": 2387, "left": 60000.0, "top": 5000.0, "right": 65000.0, "bottom": 10000.0, "row_index": 46, "col_index": 36 }, "geometry": { "type": "Point", "coordinates": [ 5.7483999, 51.5413228 ] } },
{ "type": "Feature", "properties": { "id": 2388, "left": 60000.0, "top": 0.0, "right": 65000.0, "bottom": 5000.0, "row_index": 47, "col_index": 36 }, "geometry": { "type": "Point", "coordinates": [ 5.7475477, 51.4963835 ] } },
{ "type": "Feature", "properties": { "id": 2389, "left": 60000.0, "top": -5000.0, "right": 65000.0, "bottom": 0.0, "row_index": 48, "col_index": 36 }, "geometry": { "type": "Point", "coordinates": [ 5.7466976, 51.4514438 ] } },
{ "type": "Feature", "properties": { "id": 2390, "left": 60000.0, "top": -10000.0, "right": 65000.0, "bottom": -5000.0, "row_index": 49, "col_index": 36 }, "geometry": { "type": "Point", "coordinates": [ 5.7458498, 51.4065038 ] } },
{ "type": "Feature", "properties": { "id": 2391, "left": 60000.0, "top": -15000.0, "right": 65000.0, "bottom": -10000.0, "row_index": 50, "col_index": 36 }, "geometry": { "type": "Point", "coordinates": [ 5.7450041, 51.3615635 ] } },
{ "type": "Feature", "properties": { "id": 2392, "left": 60000.0, "top": -20000.0, "right": 65000.0, "bottom": -15000.0, "row_index": 51, "col_index": 36 }, "geometry": { "type": "Point", "coordinates": [ 5.7441607, 51.3166227 ] } },
{ "type": "Feature", "properties": { "id": 2393, "left": 60000.0, "top": -25000.0, "right": 65000.0, "bottom": -20000.0, "row_index": 52, "col_index": 36 }, "geometry": { "type": "Point", "coordinates": [ 5.7433194, 51.2716817 ] } },
{ "type": "Feature", "properties": { "id": 2394, "left": 60000.0, "top": -30000.0, "right": 65000.0, "bottom": -25000.0, "row_index": 53, "col_index": 36 }, "geometry": { "type": "Point", "coordinates": [ 5.7424802, 51.2267403 ] } },
{ "type": "Feature", "properties": { "id": 2395, "left": 60000.0, "top": -35000.0, "right": 65000.0, "bottom": -30000.0, "row_index": 54, "col_index": 36 }, "geometry": { "type": "Point", "coordinates": [ 5.7416433, 51.1817985 ] } },
{ "type": "Feature", "properties": { "id": 2396, "left": 60000.0, "top": -40000.0, "right": 65000.0, "bottom": -35000.0, "row_index": 55, "col_index": 36 }, "geometry": { "type": "Point", "coordinates": [ 5.7408085, 51.1368564 ] } },
{ "type": "Feature", "properties": { "id": 2397, "left": 60000.0, "top": -45000.0, "right": 65000.0, "bottom": -40000.0, "row_index": 56, "col_index": 36 }, "geometry": { "type": "Point", "coordinates": [ 5.7399758, 51.0919139 ] } },
{ "type": "Feature", "properties": { "id": 2398, "left": 60000.0, "top": -50000.0, "right": 65000.0, "bottom": -45000.0, "row_index": 57, "col_index": 36 }, "geometry": { "type": "Point", "coordinates": [ 5.7391453, 51.046971 ] } },
{ "type": "Feature", "properties": { "id": 2399, "left": 60000.0, "top": -55000.0, "right": 65000.0, "bottom": -50000.0, "row_index": 58, "col_index": 36 }, "geometry": { "type": "Point", "coordinates": [ 5.7383169, 51.0020279 ] } },
{ "type": "Feature", "properties": { "id": 2400, "left": 60000.0, "top": -60000.0, "right": 65000.0, "bottom": -55000.0, "row_index": 59, "col_index": 36 }, "geometry": { "type": "Point", "coordinates": [ 5.7374906, 50.9570843 ] } },
{ "type": "Feature", "properties": { "id": 2401, "left": 60000.0, "top": -65000.0, "right": 65000.0, "bottom": -60000.0, "row_index": 60, "col_index": 36 }, "geometry": { "type": "Point", "coordinates": [ 5.7366664, 50.9121404 ] } },
{ "type": "Feature", "properties": { "id": 2402, "left": 60000.0, "top": -70000.0, "right": 65000.0, "bottom": -65000.0, "row_index": 61, "col_index": 36 }, "geometry": { "type": "Point", "coordinates": [ 5.7358444, 50.8671962 ] } },
{ "type": "Feature", "properties": { "id": 2403, "left": 60000.0, "top": -75000.0, "right": 65000.0, "bottom": -70000.0, "row_index": 62, "col_index": 36 }, "geometry": { "type": "Point", "coordinates": [ 5.7350244, 50.8222516 ] } },
{ "type": "Feature", "properties": { "id": 2404, "left": 60000.0, "top": -80000.0, "right": 65000.0, "bottom": -75000.0, "row_index": 63, "col_index": 36 }, "geometry": { "type": "Point", "coordinates": [ 5.7342066, 50.7773066 ] } },
{ "type": "Feature", "properties": { "id": 2405, "left": 60000.0, "top": -85000.0, "right": 65000.0, "bottom": -80000.0, "row_index": 64, "col_index": 36 }, "geometry": { "type": "Point", "coordinates": [ 5.7333908, 50.7323613 ] } },
{ "type": "Feature", "properties": { "id": 2406, "left": 65000.0, "top": 235000.0, "right": 70000.0, "bottom": 240000.0, "row_index": 0, "col_index": 37 }, "geometry": { "type": "Point", "coordinates": [ 5.8656599, 53.6075725 ] } },
{ "type": "Feature", "properties": { "id": 2407, "left": 65000.0, "top": 230000.0, "right": 70000.0, "bottom": 235000.0, "row_index": 1, "col_index": 37 }, "geometry": { "type": "Point", "coordinates": [ 5.8646175, 53.5626498 ] } },
{ "type": "Feature", "properties": { "id": 2408, "left": 65000.0, "top": 225000.0, "right": 70000.0, "bottom": 230000.0, "row_index": 2, "col_index": 37 }, "geometry": { "type": "Point", "coordinates": [ 5.8635778, 53.5177268 ] } },
{ "type": "Feature", "properties": { "id": 2409, "left": 65000.0, "top": 220000.0, "right": 70000.0, "bottom": 225000.0, "row_index": 3, "col_index": 37 }, "geometry": { "type": "Point", "coordinates": [ 5.862541, 53.4728035 ] } },
{ "type": "Feature", "properties": { "id": 2410, "left": 65000.0, "top": 215000.0, "right": 70000.0, "bottom": 220000.0, "row_index": 4, "col_index": 37 }, "geometry": { "type": "Point", "coordinates": [ 5.8615069, 53.4278798 ] } },
{ "type": "Feature", "properties": { "id": 2411, "left": 65000.0, "top": 210000.0, "right": 70000.0, "bottom": 215000.0, "row_index": 5, "col_index": 37 }, "geometry": { "type": "Point", "coordinates": [ 5.8604756, 53.3829557 ] } },
{ "type": "Feature", "properties": { "id": 2412, "left": 65000.0, "top": 205000.0, "right": 70000.0, "bottom": 210000.0, "row_index": 6, "col_index": 37 }, "geometry": { "type": "Point", "coordinates": [ 5.8594471, 53.3380313 ] } },
{ "type": "Feature", "properties": { "id": 2413, "left": 65000.0, "top": 200000.0, "right": 70000.0, "bottom": 205000.0, "row_index": 7, "col_index": 37 }, "geometry": { "type": "Point", "coordinates": [ 5.8584213, 53.2931066 ] } },
{ "type": "Feature", "properties": { "id": 2414, "left": 65000.0, "top": 195000.0, "right": 70000.0, "bottom": 200000.0, "row_index": 8, "col_index": 37 }, "geometry": { "type": "Point", "coordinates": [ 5.8573983, 53.2481815 ] } },
{ "type": "Feature", "properties": { "id": 2415, "left": 65000.0, "top": 190000.0, "right": 70000.0, "bottom": 195000.0, "row_index": 9, "col_index": 37 }, "geometry": { "type": "Point", "coordinates": [ 5.856378, 53.2032561 ] } },
{ "type": "Feature", "properties": { "id": 2416, "left": 65000.0, "top": 185000.0, "right": 70000.0, "bottom": 190000.0, "row_index": 10, "col_index": 37 }, "geometry": { "type": "Point", "coordinates": [ 5.8553605, 53.1583303 ] } },
{ "type": "Feature", "properties": { "id": 2417, "left": 65000.0, "top": 180000.0, "right": 70000.0, "bottom": 185000.0, "row_index": 11, "col_index": 37 }, "geometry": { "type": "Point", "coordinates": [ 5.8543457, 53.1134041 ] } },
{ "type": "Feature", "properties": { "id": 2418, "left": 65000.0, "top": 175000.0, "right": 70000.0, "bottom": 180000.0, "row_index": 12, "col_index": 37 }, "geometry": { "type": "Point", "coordinates": [ 5.8533335, 53.0684777 ] } },
{ "type": "Feature", "properties": { "id": 2419, "left": 65000.0, "top": 170000.0, "right": 70000.0, "bottom": 175000.0, "row_index": 13, "col_index": 37 }, "geometry": { "type": "Point", "coordinates": [ 5.8523241, 53.0235508 ] } },
{ "type": "Feature", "properties": { "id": 2420, "left": 65000.0, "top": 165000.0, "right": 70000.0, "bottom": 170000.0, "row_index": 14, "col_index": 37 }, "geometry": { "type": "Point", "coordinates": [ 5.8513174, 52.9786236 ] } },
{ "type": "Feature", "properties": { "id": 2421, "left": 65000.0, "top": 160000.0, "right": 70000.0, "bottom": 165000.0, "row_index": 15, "col_index": 37 }, "geometry": { "type": "Point", "coordinates": [ 5.8503133, 52.9336961 ] } },
{ "type": "Feature", "properties": { "id": 2422, "left": 65000.0, "top": 155000.0, "right": 70000.0, "bottom": 160000.0, "row_index": 16, "col_index": 37 }, "geometry": { "type": "Point", "coordinates": [ 5.8493119, 52.8887682 ] } },
{ "type": "Feature", "properties": { "id": 2423, "left": 65000.0, "top": 150000.0, "right": 70000.0, "bottom": 155000.0, "row_index": 17, "col_index": 37 }, "geometry": { "type": "Point", "coordinates": [ 5.8483132, 52.84384 ] } },
{ "type": "Feature", "properties": { "id": 2424, "left": 65000.0, "top": 145000.0, "right": 70000.0, "bottom": 150000.0, "row_index": 18, "col_index": 37 }, "geometry": { "type": "Point", "coordinates": [ 5.8473171, 52.7989114 ] } },
{ "type": "Feature", "properties": { "id": 2425, "left": 65000.0, "top": 140000.0, "right": 70000.0, "bottom": 145000.0, "row_index": 19, "col_index": 37 }, "geometry": { "type": "Point", "coordinates": [ 5.8463237, 52.7539825 ] } },
{ "type": "Feature", "properties": { "id": 2426, "left": 65000.0, "top": 135000.0, "right": 70000.0, "bottom": 140000.0, "row_index": 20, "col_index": 37 }, "geometry": { "type": "Point", "coordinates": [ 5.8453329, 52.7090532 ] } },
{ "type": "Feature", "properties": { "id": 2427, "left": 65000.0, "top": 130000.0, "right": 70000.0, "bottom": 135000.0, "row_index": 21, "col_index": 37 }, "geometry": { "type": "Point", "coordinates": [ 5.8443447, 52.6641236 ] } },
{ "type": "Feature", "properties": { "id": 2428, "left": 65000.0, "top": 125000.0, "right": 70000.0, "bottom": 130000.0, "row_index": 22, "col_index": 37 }, "geometry": { "type": "Point", "coordinates": [ 5.8433592, 52.6191936 ] } },
{ "type": "Feature", "properties": { "id": 2429, "left": 65000.0, "top": 120000.0, "right": 70000.0, "bottom": 125000.0, "row_index": 23, "col_index": 37 }, "geometry": { "type": "Point", "coordinates": [ 5.8423762, 52.5742633 ] } },
{ "type": "Feature", "properties": { "id": 2430, "left": 65000.0, "top": 115000.0, "right": 70000.0, "bottom": 120000.0, "row_index": 24, "col_index": 37 }, "geometry": { "type": "Point", "coordinates": [ 5.8413958, 52.5293326 ] } },
{ "type": "Feature", "properties": { "id": 2431, "left": 65000.0, "top": 110000.0, "right": 70000.0, "bottom": 115000.0, "row_index": 25, "col_index": 37 }, "geometry": { "type": "Point", "coordinates": [ 5.8404181, 52.4844016 ] } },
{ "type": "Feature", "properties": { "id": 2432, "left": 65000.0, "top": 105000.0, "right": 70000.0, "bottom": 110000.0, "row_index": 26, "col_index": 37 }, "geometry": { "type": "Point", "coordinates": [ 5.8394429, 52.4394702 ] } },
{ "type": "Feature", "properties": { "id": 2433, "left": 65000.0, "top": 100000.0, "right": 70000.0, "bottom": 105000.0, "row_index": 27, "col_index": 37 }, "geometry": { "type": "Point", "coordinates": [ 5.8384702, 52.3945385 ] } },
{ "type": "Feature", "properties": { "id": 2434, "left": 65000.0, "top": 95000.0, "right": 70000.0, "bottom": 100000.0, "row_index": 28, "col_index": 37 }, "geometry": { "type": "Point", "coordinates": [ 5.8375001, 52.3496064 ] } },
{ "type": "Feature", "properties": { "id": 2435, "left": 65000.0, "top": 90000.0, "right": 70000.0, "bottom": 95000.0, "row_index": 29, "col_index": 37 }, "geometry": { "type": "Point", "coordinates": [ 5.8365326, 52.304674 ] } },
{ "type": "Feature", "properties": { "id": 2436, "left": 65000.0, "top": 85000.0, "right": 70000.0, "bottom": 90000.0, "row_index": 30, "col_index": 37 }, "geometry": { "type": "Point", "coordinates": [ 5.8355676, 52.2597412 ] } },
{ "type": "Feature", "properties": { "id": 2437, "left": 65000.0, "top": 80000.0, "right": 70000.0, "bottom": 85000.0, "row_index": 31, "col_index": 37 }, "geometry": { "type": "Point", "coordinates": [ 5.8346052, 52.2148081 ] } },
{ "type": "Feature", "properties": { "id": 2438, "left": 65000.0, "top": 75000.0, "right": 70000.0, "bottom": 80000.0, "row_index": 32, "col_index": 37 }, "geometry": { "type": "Point", "coordinates": [ 5.8336453, 52.1698746 ] } },
{ "type": "Feature", "properties": { "id": 2439, "left": 65000.0, "top": 70000.0, "right": 70000.0, "bottom": 75000.0, "row_index": 33, "col_index": 37 }, "geometry": { "type": "Point", "coordinates": [ 5.8326878, 52.1249407 ] } },
{ "type": "Feature", "properties": { "id": 2440, "left": 65000.0, "top": 65000.0, "right": 70000.0, "bottom": 70000.0, "row_index": 34, "col_index": 37 }, "geometry": { "type": "Point", "coordinates": [ 5.8317329, 52.0800065 ] } },
{ "type": "Feature", "properties": { "id": 2441, "left": 65000.0, "top": 60000.0, "right": 70000.0, "bottom": 65000.0, "row_index": 35, "col_index": 37 }, "geometry": { "type": "Point", "coordinates": [ 5.8307805, 52.035072 ] } },
{ "type": "Feature", "properties": { "id": 2442, "left": 65000.0, "top": 55000.0, "right": 70000.0, "bottom": 60000.0, "row_index": 36, "col_index": 37 }, "geometry": { "type": "Point", "coordinates": [ 5.8298306, 51.9901371 ] } },
{ "type": "Feature", "properties": { "id": 2443, "left": 65000.0, "top": 50000.0, "right": 70000.0, "bottom": 55000.0, "row_index": 37, "col_index": 37 }, "geometry": { "type": "Point", "coordinates": [ 5.8288832, 51.9452019 ] } },
{ "type": "Feature", "properties": { "id": 2444, "left": 65000.0, "top": 45000.0, "right": 70000.0, "bottom": 50000.0, "row_index": 38, "col_index": 37 }, "geometry": { "type": "Point", "coordinates": [ 5.8279382, 51.9002663 ] } },
{ "type": "Feature", "properties": { "id": 2445, "left": 65000.0, "top": 40000.0, "right": 70000.0, "bottom": 45000.0, "row_index": 39, "col_index": 37 }, "geometry": { "type": "Point", "coordinates": [ 5.8269957, 51.8553303 ] } },
{ "type": "Feature", "properties": { "id": 2446, "left": 65000.0, "top": 35000.0, "right": 70000.0, "bottom": 40000.0, "row_index": 40, "col_index": 37 }, "geometry": { "type": "Point", "coordinates": [ 5.8260556, 51.810394 ] } },
{ "type": "Feature", "properties": { "id": 2447, "left": 65000.0, "top": 30000.0, "right": 70000.0, "bottom": 35000.0, "row_index": 41, "col_index": 37 }, "geometry": { "type": "Point", "coordinates": [ 5.825118, 51.7654574 ] } },
{ "type": "Feature", "properties": { "id": 2448, "left": 65000.0, "top": 25000.0, "right": 70000.0, "bottom": 30000.0, "row_index": 42, "col_index": 37 }, "geometry": { "type": "Point", "coordinates": [ 5.8241828, 51.7205204 ] } },
{ "type": "Feature", "properties": { "id": 2449, "left": 65000.0, "top": 20000.0, "right": 70000.0, "bottom": 25000.0, "row_index": 43, "col_index": 37 }, "geometry": { "type": "Point", "coordinates": [ 5.8232501, 51.675583 ] } },
{ "type": "Feature", "properties": { "id": 2450, "left": 65000.0, "top": 15000.0, "right": 70000.0, "bottom": 20000.0, "row_index": 44, "col_index": 37 }, "geometry": { "type": "Point", "coordinates": [ 5.8223198, 51.6306453 ] } },
{ "type": "Feature", "properties": { "id": 2451, "left": 65000.0, "top": 10000.0, "right": 70000.0, "bottom": 15000.0, "row_index": 45, "col_index": 37 }, "geometry": { "type": "Point", "coordinates": [ 5.8213919, 51.5857073 ] } },
{ "type": "Feature", "properties": { "id": 2452, "left": 65000.0, "top": 5000.0, "right": 70000.0, "bottom": 10000.0, "row_index": 46, "col_index": 37 }, "geometry": { "type": "Point", "coordinates": [ 5.8204664, 51.5407689 ] } },
{ "type": "Feature", "properties": { "id": 2453, "left": 65000.0, "top": 0.0, "right": 70000.0, "bottom": 5000.0, "row_index": 47, "col_index": 37 }, "geometry": { "type": "Point", "coordinates": [ 5.8195432, 51.4958301 ] } },
{ "type": "Feature", "properties": { "id": 2454, "left": 65000.0, "top": -5000.0, "right": 70000.0, "bottom": 0.0, "row_index": 48, "col_index": 37 }, "geometry": { "type": "Point", "coordinates": [ 5.8186225, 51.450891 ] } },
{ "type": "Feature", "properties": { "id": 2455, "left": 65000.0, "top": -10000.0, "right": 70000.0, "bottom": -5000.0, "row_index": 49, "col_index": 37 }, "geometry": { "type": "Point", "coordinates": [ 5.8177042, 51.4059515 ] } },
{ "type": "Feature", "properties": { "id": 2456, "left": 65000.0, "top": -15000.0, "right": 70000.0, "bottom": -10000.0, "row_index": 50, "col_index": 37 }, "geometry": { "type": "Point", "coordinates": [ 5.8167882, 51.3610117 ] } },
{ "type": "Feature", "properties": { "id": 2457, "left": 65000.0, "top": -20000.0, "right": 70000.0, "bottom": -15000.0, "row_index": 51, "col_index": 37 }, "geometry": { "type": "Point", "coordinates": [ 5.8158746, 51.3160715 ] } },
{ "type": "Feature", "properties": { "id": 2458, "left": 65000.0, "top": -25000.0, "right": 70000.0, "bottom": -20000.0, "row_index": 52, "col_index": 37 }, "geometry": { "type": "Point", "coordinates": [ 5.8149633, 51.271131 ] } },
{ "type": "Feature", "properties": { "id": 2459, "left": 65000.0, "top": -30000.0, "right": 70000.0, "bottom": -25000.0, "row_index": 53, "col_index": 37 }, "geometry": { "type": "Point", "coordinates": [ 5.8140544, 51.2261901 ] } },
{ "type": "Feature", "properties": { "id": 2460, "left": 65000.0, "top": -35000.0, "right": 70000.0, "bottom": -30000.0, "row_index": 54, "col_index": 37 }, "geometry": { "type": "Point", "coordinates": [ 5.8131479, 51.1812488 ] } },
{ "type": "Feature", "properties": { "id": 2461, "left": 65000.0, "top": -40000.0, "right": 70000.0, "bottom": -35000.0, "row_index": 55, "col_index": 37 }, "geometry": { "type": "Point", "coordinates": [ 5.8122436, 51.1363073 ] } },
{ "type": "Feature", "properties": { "id": 2462, "left": 65000.0, "top": -45000.0, "right": 70000.0, "bottom": -40000.0, "row_index": 56, "col_index": 37 }, "geometry": { "type": "Point", "coordinates": [ 5.8113417, 51.0913653 ] } },
{ "type": "Feature", "properties": { "id": 2463, "left": 65000.0, "top": -50000.0, "right": 70000.0, "bottom": -45000.0, "row_index": 57, "col_index": 37 }, "geometry": { "type": "Point", "coordinates": [ 5.8104421, 51.046423 ] } },
{ "type": "Feature", "properties": { "id": 2464, "left": 65000.0, "top": -55000.0, "right": 70000.0, "bottom": -50000.0, "row_index": 58, "col_index": 37 }, "geometry": { "type": "Point", "coordinates": [ 5.8095448, 51.0014803 ] } },
{ "type": "Feature", "properties": { "id": 2465, "left": 65000.0, "top": -60000.0, "right": 70000.0, "bottom": -55000.0, "row_index": 59, "col_index": 37 }, "geometry": { "type": "Point", "coordinates": [ 5.8086498, 50.9565373 ] } },
{ "type": "Feature", "properties": { "id": 2466, "left": 65000.0, "top": -65000.0, "right": 70000.0, "bottom": -60000.0, "row_index": 60, "col_index": 37 }, "geometry": { "type": "Point", "coordinates": [ 5.8077571, 50.911594 ] } },
{ "type": "Feature", "properties": { "id": 2467, "left": 65000.0, "top": -70000.0, "right": 70000.0, "bottom": -65000.0, "row_index": 61, "col_index": 37 }, "geometry": { "type": "Point", "coordinates": [ 5.8068667, 50.8666503 ] } },
{ "type": "Feature", "properties": { "id": 2468, "left": 65000.0, "top": -75000.0, "right": 70000.0, "bottom": -70000.0, "row_index": 62, "col_index": 37 }, "geometry": { "type": "Point", "coordinates": [ 5.8059786, 50.8217062 ] } },
{ "type": "Feature", "properties": { "id": 2469, "left": 65000.0, "top": -80000.0, "right": 70000.0, "bottom": -75000.0, "row_index": 63, "col_index": 37 }, "geometry": { "type": "Point", "coordinates": [ 5.8050927, 50.7767618 ] } },
{ "type": "Feature", "properties": { "id": 2470, "left": 65000.0, "top": -85000.0, "right": 70000.0, "bottom": -80000.0, "row_index": 64, "col_index": 37 }, "geometry": { "type": "Point", "coordinates": [ 5.8042091, 50.731817 ] } },
{ "type": "Feature", "properties": { "id": 2471, "left": 70000.0, "top": 235000.0, "right": 75000.0, "bottom": 240000.0, "row_index": 0, "col_index": 38 }, "geometry": { "type": "Point", "coordinates": [ 5.9411939, 53.6069462 ] } },
{ "type": "Feature", "properties": { "id": 2472, "left": 70000.0, "top": 230000.0, "right": 75000.0, "bottom": 235000.0, "row_index": 1, "col_index": 38 }, "geometry": { "type": "Point", "coordinates": [ 5.9400714, 53.5620242 ] } },
{ "type": "Feature", "properties": { "id": 2473, "left": 70000.0, "top": 225000.0, "right": 75000.0, "bottom": 230000.0, "row_index": 2, "col_index": 38 }, "geometry": { "type": "Point", "coordinates": [ 5.938952, 53.5171018 ] } },
{ "type": "Feature", "properties": { "id": 2474, "left": 70000.0, "top": 220000.0, "right": 75000.0, "bottom": 225000.0, "row_index": 3, "col_index": 38 }, "geometry": { "type": "Point", "coordinates": [ 5.9378355, 53.4721791 ] } },
{ "type": "Feature", "properties": { "id": 2475, "left": 70000.0, "top": 215000.0, "right": 75000.0, "bottom": 220000.0, "row_index": 4, "col_index": 38 }, "geometry": { "type": "Point", "coordinates": [ 5.9367221, 53.427256 ] } },
{ "type": "Feature", "properties": { "id": 2476, "left": 70000.0, "top": 210000.0, "right": 75000.0, "bottom": 215000.0, "row_index": 5, "col_index": 38 }, "geometry": { "type": "Point", "coordinates": [ 5.9356116, 53.3823326 ] } },
{ "type": "Feature", "properties": { "id": 2477, "left": 70000.0, "top": 205000.0, "right": 75000.0, "bottom": 210000.0, "row_index": 6, "col_index": 38 }, "geometry": { "type": "Point", "coordinates": [ 5.9345041, 53.3374088 ] } },
{ "type": "Feature", "properties": { "id": 2478, "left": 70000.0, "top": 200000.0, "right": 75000.0, "bottom": 205000.0, "row_index": 7, "col_index": 38 }, "geometry": { "type": "Point", "coordinates": [ 5.9333996, 53.2924847 ] } },
{ "type": "Feature", "properties": { "id": 2479, "left": 70000.0, "top": 195000.0, "right": 75000.0, "bottom": 200000.0, "row_index": 8, "col_index": 38 }, "geometry": { "type": "Point", "coordinates": [ 5.9322981, 53.2475603 ] } },
{ "type": "Feature", "properties": { "id": 2480, "left": 70000.0, "top": 190000.0, "right": 75000.0, "bottom": 195000.0, "row_index": 9, "col_index": 38 }, "geometry": { "type": "Point", "coordinates": [ 5.9311995, 53.2026355 ] } },
{ "type": "Feature", "properties": { "id": 2481, "left": 70000.0, "top": 185000.0, "right": 75000.0, "bottom": 190000.0, "row_index": 10, "col_index": 38 }, "geometry": { "type": "Point", "coordinates": [ 5.9301038, 53.1577103 ] } },
{ "type": "Feature", "properties": { "id": 2482, "left": 70000.0, "top": 180000.0, "right": 75000.0, "bottom": 185000.0, "row_index": 11, "col_index": 38 }, "geometry": { "type": "Point", "coordinates": [ 5.9290111, 53.1127848 ] } },
{ "type": "Feature", "properties": { "id": 2483, "left": 70000.0, "top": 175000.0, "right": 75000.0, "bottom": 180000.0, "row_index": 12, "col_index": 38 }, "geometry": { "type": "Point", "coordinates": [ 5.9279213, 53.0678589 ] } },
{ "type": "Feature", "properties": { "id": 2484, "left": 70000.0, "top": 170000.0, "right": 75000.0, "bottom": 175000.0, "row_index": 13, "col_index": 38 }, "geometry": { "type": "Point", "coordinates": [ 5.9268344, 53.0229327 ] } },
{ "type": "Feature", "properties": { "id": 2485, "left": 70000.0, "top": 165000.0, "right": 75000.0, "bottom": 170000.0, "row_index": 14, "col_index": 38 }, "geometry": { "type": "Point", "coordinates": [ 5.9257503, 52.9780062 ] } },
{ "type": "Feature", "properties": { "id": 2486, "left": 70000.0, "top": 160000.0, "right": 75000.0, "bottom": 165000.0, "row_index": 15, "col_index": 38 }, "geometry": { "type": "Point", "coordinates": [ 5.9246692, 52.9330793 ] } },
{ "type": "Feature", "properties": { "id": 2487, "left": 70000.0, "top": 155000.0, "right": 75000.0, "bottom": 160000.0, "row_index": 16, "col_index": 38 }, "geometry": { "type": "Point", "coordinates": [ 5.923591, 52.888152 ] } },
{ "type": "Feature", "properties": { "id": 2488, "left": 70000.0, "top": 150000.0, "right": 75000.0, "bottom": 155000.0, "row_index": 17, "col_index": 38 }, "geometry": { "type": "Point", "coordinates": [ 5.9225156, 52.8432244 ] } },
{ "type": "Feature", "properties": { "id": 2489, "left": 70000.0, "top": 145000.0, "right": 75000.0, "bottom": 150000.0, "row_index": 18, "col_index": 38 }, "geometry": { "type": "Point", "coordinates": [ 5.921443, 52.7982964 ] } },
{ "type": "Feature", "properties": { "id": 2490, "left": 70000.0, "top": 140000.0, "right": 75000.0, "bottom": 145000.0, "row_index": 19, "col_index": 38 }, "geometry": { "type": "Point", "coordinates": [ 5.9203733, 52.7533681 ] } },
{ "type": "Feature", "properties": { "id": 2491, "left": 70000.0, "top": 135000.0, "right": 75000.0, "bottom": 140000.0, "row_index": 20, "col_index": 38 }, "geometry": { "type": "Point", "coordinates": [ 5.9193065, 52.7084395 ] } },
{ "type": "Feature", "properties": { "id": 2492, "left": 70000.0, "top": 130000.0, "right": 75000.0, "bottom": 135000.0, "row_index": 21, "col_index": 38 }, "geometry": { "type": "Point", "coordinates": [ 5.9182424, 52.6635105 ] } },
{ "type": "Feature", "properties": { "id": 2493, "left": 70000.0, "top": 125000.0, "right": 75000.0, "bottom": 130000.0, "row_index": 22, "col_index": 38 }, "geometry": { "type": "Point", "coordinates": [ 5.9171812, 52.6185811 ] } },
{ "type": "Feature", "properties": { "id": 2494, "left": 70000.0, "top": 120000.0, "right": 75000.0, "bottom": 125000.0, "row_index": 23, "col_index": 38 }, "geometry": { "type": "Point", "coordinates": [ 5.9161228, 52.5736514 ] } },
{ "type": "Feature", "properties": { "id": 2495, "left": 70000.0, "top": 115000.0, "right": 75000.0, "bottom": 120000.0, "row_index": 24, "col_index": 38 }, "geometry": { "type": "Point", "coordinates": [ 5.9150672, 52.5287213 ] } },
{ "type": "Feature", "properties": { "id": 2496, "left": 70000.0, "top": 110000.0, "right": 75000.0, "bottom": 115000.0, "row_index": 25, "col_index": 38 }, "geometry": { "type": "Point", "coordinates": [ 5.9140143, 52.4837909 ] } },
{ "type": "Feature", "properties": { "id": 2497, "left": 70000.0, "top": 105000.0, "right": 75000.0, "bottom": 110000.0, "row_index": 26, "col_index": 38 }, "geometry": { "type": "Point", "coordinates": [ 5.9129643, 52.4388601 ] } },
{ "type": "Feature", "properties": { "id": 2498, "left": 70000.0, "top": 100000.0, "right": 75000.0, "bottom": 105000.0, "row_index": 27, "col_index": 38 }, "geometry": { "type": "Point", "coordinates": [ 5.911917, 52.393929 ] } },
{ "type": "Feature", "properties": { "id": 2499, "left": 70000.0, "top": 95000.0, "right": 75000.0, "bottom": 100000.0, "row_index": 28, "col_index": 38 }, "geometry": { "type": "Point", "coordinates": [ 5.9108724, 52.3489975 ] } },
{ "type": "Feature", "properties": { "id": 2500, "left": 70000.0, "top": 90000.0, "right": 75000.0, "bottom": 95000.0, "row_index": 29, "col_index": 38 }, "geometry": { "type": "Point", "coordinates": [ 5.9098306, 52.3040657 ] } },
{ "type": "Feature", "properties": { "id": 2501, "left": 70000.0, "top": 85000.0, "right": 75000.0, "bottom": 90000.0, "row_index": 30, "col_index": 38 }, "geometry": { "type": "Point", "coordinates": [ 5.9087916, 52.2591335 ] } },
{ "type": "Feature", "properties": { "id": 2502, "left": 70000.0, "top": 80000.0, "right": 75000.0, "bottom": 85000.0, "row_index": 31, "col_index": 38 }, "geometry": { "type": "Point", "coordinates": [ 5.9077552, 52.214201 ] } },
{ "type": "Feature", "properties": { "id": 2503, "left": 70000.0, "top": 75000.0, "right": 75000.0, "bottom": 80000.0, "row_index": 32, "col_index": 38 }, "geometry": { "type": "Point", "coordinates": [ 5.9067216, 52.1692681 ] } },
{ "type": "Feature", "properties": { "id": 2504, "left": 70000.0, "top": 70000.0, "right": 75000.0, "bottom": 75000.0, "row_index": 33, "col_index": 38 }, "geometry": { "type": "Point", "coordinates": [ 5.9056907, 52.1243349 ] } },
{ "type": "Feature", "properties": { "id": 2505, "left": 70000.0, "top": 65000.0, "right": 75000.0, "bottom": 70000.0, "row_index": 34, "col_index": 38 }, "geometry": { "type": "Point", "coordinates": [ 5.9046625, 52.0794013 ] } },
{ "type": "Feature", "properties": { "id": 2506, "left": 70000.0, "top": 60000.0, "right": 75000.0, "bottom": 65000.0, "row_index": 35, "col_index": 38 }, "geometry": { "type": "Point", "coordinates": [ 5.9036369, 52.0344673 ] } },
{ "type": "Feature", "properties": { "id": 2507, "left": 70000.0, "top": 55000.0, "right": 75000.0, "bottom": 60000.0, "row_index": 36, "col_index": 38 }, "geometry": { "type": "Point", "coordinates": [ 5.9026141, 51.9895331 ] } },
{ "type": "Feature", "properties": { "id": 2508, "left": 70000.0, "top": 50000.0, "right": 75000.0, "bottom": 55000.0, "row_index": 37, "col_index": 38 }, "geometry": { "type": "Point", "coordinates": [ 5.9015939, 51.9445984 ] } },
{ "type": "Feature", "properties": { "id": 2509, "left": 70000.0, "top": 45000.0, "right": 75000.0, "bottom": 50000.0, "row_index": 38, "col_index": 38 }, "geometry": { "type": "Point", "coordinates": [ 5.9005764, 51.8996634 ] } },
{ "type": "Feature", "properties": { "id": 2510, "left": 70000.0, "top": 40000.0, "right": 75000.0, "bottom": 45000.0, "row_index": 39, "col_index": 38 }, "geometry": { "type": "Point", "coordinates": [ 5.8995616, 51.8547281 ] } },
{ "type": "Feature", "properties": { "id": 2511, "left": 70000.0, "top": 35000.0, "right": 75000.0, "bottom": 40000.0, "row_index": 40, "col_index": 38 }, "geometry": { "type": "Point", "coordinates": [ 5.8985493, 51.8097924 ] } },
{ "type": "Feature", "properties": { "id": 2512, "left": 70000.0, "top": 30000.0, "right": 75000.0, "bottom": 35000.0, "row_index": 41, "col_index": 38 }, "geometry": { "type": "Point", "coordinates": [ 5.8975397, 51.7648563 ] } },
{ "type": "Feature", "properties": { "id": 2513, "left": 70000.0, "top": 25000.0, "right": 75000.0, "bottom": 30000.0, "row_index": 42, "col_index": 38 }, "geometry": { "type": "Point", "coordinates": [ 5.8965328, 51.7199199 ] } },
{ "type": "Feature", "properties": { "id": 2514, "left": 70000.0, "top": 20000.0, "right": 75000.0, "bottom": 25000.0, "row_index": 43, "col_index": 38 }, "geometry": { "type": "Point", "coordinates": [ 5.8955284, 51.6749831 ] } },
{ "type": "Feature", "properties": { "id": 2515, "left": 70000.0, "top": 15000.0, "right": 75000.0, "bottom": 20000.0, "row_index": 44, "col_index": 38 }, "geometry": { "type": "Point", "coordinates": [ 5.8945267, 51.630046 ] } },
{ "type": "Feature", "properties": { "id": 2516, "left": 70000.0, "top": 10000.0, "right": 75000.0, "bottom": 15000.0, "row_index": 45, "col_index": 38 }, "geometry": { "type": "Point", "coordinates": [ 5.8935276, 51.5851085 ] } },
{ "type": "Feature", "properties": { "id": 2517, "left": 70000.0, "top": 5000.0, "right": 75000.0, "bottom": 10000.0, "row_index": 46, "col_index": 38 }, "geometry": { "type": "Point", "coordinates": [ 5.892531, 51.5401707 ] } },
{ "type": "Feature", "properties": { "id": 2518, "left": 70000.0, "top": 0.0, "right": 75000.0, "bottom": 5000.0, "row_index": 47, "col_index": 38 }, "geometry": { "type": "Point", "coordinates": [ 5.891537, 51.4952325 ] } },
{ "type": "Feature", "properties": { "id": 2519, "left": 70000.0, "top": -5000.0, "right": 75000.0, "bottom": 0.0, "row_index": 48, "col_index": 38 }, "geometry": { "type": "Point", "coordinates": [ 5.8905456, 51.450294 ] } },
{ "type": "Feature", "properties": { "id": 2520, "left": 70000.0, "top": -10000.0, "right": 75000.0, "bottom": -5000.0, "row_index": 49, "col_index": 38 }, "geometry": { "type": "Point", "coordinates": [ 5.8895568, 51.4053551 ] } },
{ "type": "Feature", "properties": { "id": 2521, "left": 70000.0, "top": -15000.0, "right": 75000.0, "bottom": -10000.0, "row_index": 50, "col_index": 38 }, "geometry": { "type": "Point", "coordinates": [ 5.8885705, 51.3604158 ] } },
{ "type": "Feature", "properties": { "id": 2522, "left": 70000.0, "top": -20000.0, "right": 75000.0, "bottom": -15000.0, "row_index": 51, "col_index": 38 }, "geometry": { "type": "Point", "coordinates": [ 5.8875867, 51.3154762 ] } },
{ "type": "Feature", "properties": { "id": 2523, "left": 70000.0, "top": -25000.0, "right": 75000.0, "bottom": -20000.0, "row_index": 52, "col_index": 38 }, "geometry": { "type": "Point", "coordinates": [ 5.8866055, 51.2705363 ] } },
{ "type": "Feature", "properties": { "id": 2524, "left": 70000.0, "top": -30000.0, "right": 75000.0, "bottom": -25000.0, "row_index": 53, "col_index": 38 }, "geometry": { "type": "Point", "coordinates": [ 5.8856269, 51.225596 ] } },
{ "type": "Feature", "properties": { "id": 2525, "left": 70000.0, "top": -35000.0, "right": 75000.0, "bottom": -30000.0, "row_index": 54, "col_index": 38 }, "geometry": { "type": "Point", "coordinates": [ 5.8846507, 51.1806553 ] } },
{ "type": "Feature", "properties": { "id": 2526, "left": 70000.0, "top": -40000.0, "right": 75000.0, "bottom": -35000.0, "row_index": 55, "col_index": 38 }, "geometry": { "type": "Point", "coordinates": [ 5.883677, 51.1357143 ] } },
{ "type": "Feature", "properties": { "id": 2527, "left": 70000.0, "top": -45000.0, "right": 75000.0, "bottom": -40000.0, "row_index": 56, "col_index": 38 }, "geometry": { "type": "Point", "coordinates": [ 5.8827059, 51.0907729 ] } },
{ "type": "Feature", "properties": { "id": 2528, "left": 70000.0, "top": -50000.0, "right": 75000.0, "bottom": -45000.0, "row_index": 57, "col_index": 38 }, "geometry": { "type": "Point", "coordinates": [ 5.8817372, 51.0458312 ] } },
{ "type": "Feature", "properties": { "id": 2529, "left": 70000.0, "top": -55000.0, "right": 75000.0, "bottom": -50000.0, "row_index": 58, "col_index": 38 }, "geometry": { "type": "Point", "coordinates": [ 5.8807711, 51.0008891 ] } },
{ "type": "Feature", "properties": { "id": 2530, "left": 70000.0, "top": -60000.0, "right": 75000.0, "bottom": -55000.0, "row_index": 59, "col_index": 38 }, "geometry": { "type": "Point", "coordinates": [ 5.8798074, 50.9559467 ] } },
{ "type": "Feature", "properties": { "id": 2531, "left": 70000.0, "top": -65000.0, "right": 75000.0, "bottom": -60000.0, "row_index": 60, "col_index": 38 }, "geometry": { "type": "Point", "coordinates": [ 5.8788461, 50.9110039 ] } },
{ "type": "Feature", "properties": { "id": 2532, "left": 70000.0, "top": -70000.0, "right": 75000.0, "bottom": -65000.0, "row_index": 61, "col_index": 38 }, "geometry": { "type": "Point", "coordinates": [ 5.8778874, 50.8660607 ] } },
{ "type": "Feature", "properties": { "id": 2533, "left": 70000.0, "top": -75000.0, "right": 75000.0, "bottom": -70000.0, "row_index": 62, "col_index": 38 }, "geometry": { "type": "Point", "coordinates": [ 5.8769311, 50.8211172 ] } },
{ "type": "Feature", "properties": { "id": 2534, "left": 70000.0, "top": -80000.0, "right": 75000.0, "bottom": -75000.0, "row_index": 63, "col_index": 38 }, "geometry": { "type": "Point", "coordinates": [ 5.8759772, 50.7761734 ] } },
{ "type": "Feature", "properties": { "id": 2535, "left": 70000.0, "top": -85000.0, "right": 75000.0, "bottom": -80000.0, "row_index": 64, "col_index": 38 }, "geometry": { "type": "Point", "coordinates": [ 5.8750257, 50.7312291 ] } },
{ "type": "Feature", "properties": { "id": 2536, "left": 75000.0, "top": 235000.0, "right": 80000.0, "bottom": 240000.0, "row_index": 0, "col_index": 39 }, "geometry": { "type": "Point", "coordinates": [ 6.0167256, 53.6062735 ] } },
{ "type": "Feature", "properties": { "id": 2537, "left": 75000.0, "top": 230000.0, "right": 80000.0, "bottom": 235000.0, "row_index": 1, "col_index": 39 }, "geometry": { "type": "Point", "coordinates": [ 6.0155231, 53.5613522 ] } },
{ "type": "Feature", "properties": { "id": 2538, "left": 75000.0, "top": 225000.0, "right": 80000.0, "bottom": 230000.0, "row_index": 2, "col_index": 39 }, "geometry": { "type": "Point", "coordinates": [ 6.0143238, 53.5164305 ] } },
{ "type": "Feature", "properties": { "id": 2539, "left": 75000.0, "top": 220000.0, "right": 80000.0, "bottom": 225000.0, "row_index": 3, "col_index": 39 }, "geometry": { "type": "Point", "coordinates": [ 6.0131278, 53.4715085 ] } },
{ "type": "Feature", "properties": { "id": 2540, "left": 75000.0, "top": 215000.0, "right": 80000.0, "bottom": 220000.0, "row_index": 4, "col_index": 39 }, "geometry": { "type": "Point", "coordinates": [ 6.0119349, 53.4265861 ] } },
{ "type": "Feature", "properties": { "id": 2541, "left": 75000.0, "top": 210000.0, "right": 80000.0, "bottom": 215000.0, "row_index": 5, "col_index": 39 }, "geometry": { "type": "Point", "coordinates": [ 6.0107453, 53.3816634 ] } },
{ "type": "Feature", "properties": { "id": 2542, "left": 75000.0, "top": 205000.0, "right": 80000.0, "bottom": 210000.0, "row_index": 6, "col_index": 39 }, "geometry": { "type": "Point", "coordinates": [ 6.0095589, 53.3367403 ] } },
{ "type": "Feature", "properties": { "id": 2543, "left": 75000.0, "top": 200000.0, "right": 80000.0, "bottom": 205000.0, "row_index": 7, "col_index": 39 }, "geometry": { "type": "Point", "coordinates": [ 6.0083757, 53.2918169 ] } },
{ "type": "Feature", "properties": { "id": 2544, "left": 75000.0, "top": 195000.0, "right": 80000.0, "bottom": 200000.0, "row_index": 8, "col_index": 39 }, "geometry": { "type": "Point", "coordinates": [ 6.0071956, 53.2468931 ] } },
{ "type": "Feature", "properties": { "id": 2545, "left": 75000.0, "top": 190000.0, "right": 80000.0, "bottom": 195000.0, "row_index": 9, "col_index": 39 }, "geometry": { "type": "Point", "coordinates": [ 6.0060187, 53.201969 ] } },
{ "type": "Feature", "properties": { "id": 2546, "left": 75000.0, "top": 185000.0, "right": 80000.0, "bottom": 190000.0, "row_index": 10, "col_index": 39 }, "geometry": { "type": "Point", "coordinates": [ 6.0048449, 53.1570445 ] } },
{ "type": "Feature", "properties": { "id": 2547, "left": 75000.0, "top": 180000.0, "right": 80000.0, "bottom": 185000.0, "row_index": 11, "col_index": 39 }, "geometry": { "type": "Point", "coordinates": [ 6.0036743, 53.1121197 ] } },
{ "type": "Feature", "properties": { "id": 2548, "left": 75000.0, "top": 175000.0, "right": 80000.0, "bottom": 180000.0, "row_index": 12, "col_index": 39 }, "geometry": { "type": "Point", "coordinates": [ 6.0025068, 53.0671945 ] } },
{ "type": "Feature", "properties": { "id": 2549, "left": 75000.0, "top": 170000.0, "right": 80000.0, "bottom": 175000.0, "row_index": 13, "col_index": 39 }, "geometry": { "type": "Point", "coordinates": [ 6.0013424, 53.0222689 ] } },
{ "type": "Feature", "properties": { "id": 2550, "left": 75000.0, "top": 165000.0, "right": 80000.0, "bottom": 170000.0, "row_index": 14, "col_index": 39 }, "geometry": { "type": "Point", "coordinates": [ 6.0001811, 52.977343 ] } },
{ "type": "Feature", "properties": { "id": 2551, "left": 75000.0, "top": 160000.0, "right": 80000.0, "bottom": 165000.0, "row_index": 15, "col_index": 39 }, "geometry": { "type": "Point", "coordinates": [ 5.9990229, 52.9324168 ] } },
{ "type": "Feature", "properties": { "id": 2552, "left": 75000.0, "top": 155000.0, "right": 80000.0, "bottom": 160000.0, "row_index": 16, "col_index": 39 }, "geometry": { "type": "Point", "coordinates": [ 5.9978678, 52.8874902 ] } },
{ "type": "Feature", "properties": { "id": 2553, "left": 75000.0, "top": 150000.0, "right": 80000.0, "bottom": 155000.0, "row_index": 17, "col_index": 39 }, "geometry": { "type": "Point", "coordinates": [ 5.9967157, 52.8425633 ] } },
{ "type": "Feature", "properties": { "id": 2554, "left": 75000.0, "top": 145000.0, "right": 80000.0, "bottom": 150000.0, "row_index": 18, "col_index": 39 }, "geometry": { "type": "Point", "coordinates": [ 5.9955667, 52.797636 ] } },
{ "type": "Feature", "properties": { "id": 2555, "left": 75000.0, "top": 140000.0, "right": 80000.0, "bottom": 145000.0, "row_index": 19, "col_index": 39 }, "geometry": { "type": "Point", "coordinates": [ 5.9944208, 52.7527083 ] } },
{ "type": "Feature", "properties": { "id": 2556, "left": 75000.0, "top": 135000.0, "right": 80000.0, "bottom": 140000.0, "row_index": 20, "col_index": 39 }, "geometry": { "type": "Point", "coordinates": [ 5.9932779, 52.7077803 ] } },
{ "type": "Feature", "properties": { "id": 2557, "left": 75000.0, "top": 130000.0, "right": 80000.0, "bottom": 135000.0, "row_index": 21, "col_index": 39 }, "geometry": { "type": "Point", "coordinates": [ 5.992138, 52.662852 ] } },
{ "type": "Feature", "properties": { "id": 2558, "left": 75000.0, "top": 125000.0, "right": 80000.0, "bottom": 130000.0, "row_index": 22, "col_index": 39 }, "geometry": { "type": "Point", "coordinates": [ 5.9910011, 52.6179233 ] } },
{ "type": "Feature", "properties": { "id": 2559, "left": 75000.0, "top": 120000.0, "right": 80000.0, "bottom": 125000.0, "row_index": 23, "col_index": 39 }, "geometry": { "type": "Point", "coordinates": [ 5.9898672, 52.5729942 ] } },
{ "type": "Feature", "properties": { "id": 2560, "left": 75000.0, "top": 115000.0, "right": 80000.0, "bottom": 120000.0, "row_index": 24, "col_index": 39 }, "geometry": { "type": "Point", "coordinates": [ 5.9887364, 52.5280648 ] } },
{ "type": "Feature", "properties": { "id": 2561, "left": 75000.0, "top": 110000.0, "right": 80000.0, "bottom": 115000.0, "row_index": 25, "col_index": 39 }, "geometry": { "type": "Point", "coordinates": [ 5.9876085, 52.483135 ] } },
{ "type": "Feature", "properties": { "id": 2562, "left": 75000.0, "top": 105000.0, "right": 80000.0, "bottom": 110000.0, "row_index": 26, "col_index": 39 }, "geometry": { "type": "Point", "coordinates": [ 5.9864835, 52.4382049 ] } },
{ "type": "Feature", "properties": { "id": 2563, "left": 75000.0, "top": 100000.0, "right": 80000.0, "bottom": 105000.0, "row_index": 27, "col_index": 39 }, "geometry": { "type": "Point", "coordinates": [ 5.9853616, 52.3932744 ] } },
{ "type": "Feature", "properties": { "id": 2564, "left": 75000.0, "top": 95000.0, "right": 80000.0, "bottom": 100000.0, "row_index": 28, "col_index": 39 }, "geometry": { "type": "Point", "coordinates": [ 5.9842426, 52.3483436 ] } },
{ "type": "Feature", "properties": { "id": 2565, "left": 75000.0, "top": 90000.0, "right": 80000.0, "bottom": 95000.0, "row_index": 29, "col_index": 39 }, "geometry": { "type": "Point", "coordinates": [ 5.9831265, 52.3034125 ] } },
{ "type": "Feature", "properties": { "id": 2566, "left": 75000.0, "top": 85000.0, "right": 80000.0, "bottom": 90000.0, "row_index": 30, "col_index": 39 }, "geometry": { "type": "Point", "coordinates": [ 5.9820134, 52.2584809 ] } },
{ "type": "Feature", "properties": { "id": 2567, "left": 75000.0, "top": 80000.0, "right": 80000.0, "bottom": 85000.0, "row_index": 31, "col_index": 39 }, "geometry": { "type": "Point", "coordinates": [ 5.9809032, 52.213549 ] } },
{ "type": "Feature", "properties": { "id": 2568, "left": 75000.0, "top": 75000.0, "right": 80000.0, "bottom": 80000.0, "row_index": 32, "col_index": 39 }, "geometry": { "type": "Point", "coordinates": [ 5.9797959, 52.1686168 ] } },
{ "type": "Feature", "properties": { "id": 2569, "left": 75000.0, "top": 70000.0, "right": 80000.0, "bottom": 75000.0, "row_index": 33, "col_index": 39 }, "geometry": { "type": "Point", "coordinates": [ 5.9786915, 52.1236842 ] } },
{ "type": "Feature", "properties": { "id": 2570, "left": 75000.0, "top": 65000.0, "right": 80000.0, "bottom": 70000.0, "row_index": 34, "col_index": 39 }, "geometry": { "type": "Point", "coordinates": [ 5.97759, 52.0787513 ] } },
{ "type": "Feature", "properties": { "id": 2571, "left": 75000.0, "top": 60000.0, "right": 80000.0, "bottom": 65000.0, "row_index": 35, "col_index": 39 }, "geometry": { "type": "Point", "coordinates": [ 5.9764913, 52.033818 ] } },
{ "type": "Feature", "properties": { "id": 2572, "left": 75000.0, "top": 55000.0, "right": 80000.0, "bottom": 60000.0, "row_index": 36, "col_index": 39 }, "geometry": { "type": "Point", "coordinates": [ 5.9753956, 51.9888843 ] } },
{ "type": "Feature", "properties": { "id": 2573, "left": 75000.0, "top": 50000.0, "right": 80000.0, "bottom": 55000.0, "row_index": 37, "col_index": 39 }, "geometry": { "type": "Point", "coordinates": [ 5.9743027, 51.9439503 ] } },
{ "type": "Feature", "properties": { "id": 2574, "left": 75000.0, "top": 45000.0, "right": 80000.0, "bottom": 50000.0, "row_index": 38, "col_index": 39 }, "geometry": { "type": "Point", "coordinates": [ 5.9732126, 51.899016 ] } },
{ "type": "Feature", "properties": { "id": 2575, "left": 75000.0, "top": 40000.0, "right": 80000.0, "bottom": 45000.0, "row_index": 39, "col_index": 39 }, "geometry": { "type": "Point", "coordinates": [ 5.9721254, 51.8540812 ] } },
{ "type": "Feature", "properties": { "id": 2576, "left": 75000.0, "top": 35000.0, "right": 80000.0, "bottom": 40000.0, "row_index": 40, "col_index": 39 }, "geometry": { "type": "Point", "coordinates": [ 5.971041, 51.8091462 ] } },
{ "type": "Feature", "properties": { "id": 2577, "left": 75000.0, "top": 30000.0, "right": 80000.0, "bottom": 35000.0, "row_index": 41, "col_index": 39 }, "geometry": { "type": "Point", "coordinates": [ 5.9699595, 51.7642107 ] } },
{ "type": "Feature", "properties": { "id": 2578, "left": 75000.0, "top": 25000.0, "right": 80000.0, "bottom": 30000.0, "row_index": 42, "col_index": 39 }, "geometry": { "type": "Point", "coordinates": [ 5.9688807, 51.719275 ] } },
{ "type": "Feature", "properties": { "id": 2579, "left": 75000.0, "top": 20000.0, "right": 80000.0, "bottom": 25000.0, "row_index": 43, "col_index": 39 }, "geometry": { "type": "Point", "coordinates": [ 5.9678048, 51.6743388 ] } },
{ "type": "Feature", "properties": { "id": 2580, "left": 75000.0, "top": 15000.0, "right": 80000.0, "bottom": 20000.0, "row_index": 44, "col_index": 39 }, "geometry": { "type": "Point", "coordinates": [ 5.9667316, 51.6294023 ] } },
{ "type": "Feature", "properties": { "id": 2581, "left": 75000.0, "top": 10000.0, "right": 80000.0, "bottom": 15000.0, "row_index": 45, "col_index": 39 }, "geometry": { "type": "Point", "coordinates": [ 5.9656613, 51.5844655 ] } },
{ "type": "Feature", "properties": { "id": 2582, "left": 75000.0, "top": 5000.0, "right": 80000.0, "bottom": 10000.0, "row_index": 46, "col_index": 39 }, "geometry": { "type": "Point", "coordinates": [ 5.9645937, 51.5395283 ] } },
{ "type": "Feature", "properties": { "id": 2583, "left": 75000.0, "top": 0.0, "right": 80000.0, "bottom": 5000.0, "row_index": 47, "col_index": 39 }, "geometry": { "type": "Point", "coordinates": [ 5.9635288, 51.4945907 ] } },
{ "type": "Feature", "properties": { "id": 2584, "left": 75000.0, "top": -5000.0, "right": 80000.0, "bottom": 0.0, "row_index": 48, "col_index": 39 }, "geometry": { "type": "Point", "coordinates": [ 5.9624668, 51.4496528 ] } },
{ "type": "Feature", "properties": { "id": 2585, "left": 75000.0, "top": -10000.0, "right": 80000.0, "bottom": -5000.0, "row_index": 49, "col_index": 39 }, "geometry": { "type": "Point", "coordinates": [ 5.9614074, 51.4047146 ] } },
{ "type": "Feature", "properties": { "id": 2586, "left": 75000.0, "top": -15000.0, "right": 80000.0, "bottom": -10000.0, "row_index": 50, "col_index": 39 }, "geometry": { "type": "Point", "coordinates": [ 5.9603508, 51.3597759 ] } },
{ "type": "Feature", "properties": { "id": 2587, "left": 75000.0, "top": -20000.0, "right": 80000.0, "bottom": -15000.0, "row_index": 51, "col_index": 39 }, "geometry": { "type": "Point", "coordinates": [ 5.959297, 51.314837 ] } },
{ "type": "Feature", "properties": { "id": 2588, "left": 75000.0, "top": -25000.0, "right": 80000.0, "bottom": -20000.0, "row_index": 52, "col_index": 39 }, "geometry": { "type": "Point", "coordinates": [ 5.9582458, 51.2698976 ] } },
{ "type": "Feature", "properties": { "id": 2589, "left": 75000.0, "top": -30000.0, "right": 80000.0, "bottom": -25000.0, "row_index": 53, "col_index": 39 }, "geometry": { "type": "Point", "coordinates": [ 5.9571974, 51.2249579 ] } },
{ "type": "Feature", "properties": { "id": 2590, "left": 75000.0, "top": -35000.0, "right": 80000.0, "bottom": -30000.0, "row_index": 54, "col_index": 39 }, "geometry": { "type": "Point", "coordinates": [ 5.9561516, 51.1800179 ] } },
{ "type": "Feature", "properties": { "id": 2591, "left": 75000.0, "top": -40000.0, "right": 80000.0, "bottom": -35000.0, "row_index": 55, "col_index": 39 }, "geometry": { "type": "Point", "coordinates": [ 5.9551086, 51.1350775 ] } },
{ "type": "Feature", "properties": { "id": 2592, "left": 75000.0, "top": -45000.0, "right": 80000.0, "bottom": -40000.0, "row_index": 56, "col_index": 39 }, "geometry": { "type": "Point", "coordinates": [ 5.9540682, 51.0901367 ] } },
{ "type": "Feature", "properties": { "id": 2593, "left": 75000.0, "top": -50000.0, "right": 80000.0, "bottom": -45000.0, "row_index": 57, "col_index": 39 }, "geometry": { "type": "Point", "coordinates": [ 5.9530305, 51.0451956 ] } },
{ "type": "Feature", "properties": { "id": 2594, "left": 75000.0, "top": -55000.0, "right": 80000.0, "bottom": -50000.0, "row_index": 58, "col_index": 39 }, "geometry": { "type": "Point", "coordinates": [ 5.9519954, 51.0002541 ] } },
{ "type": "Feature", "properties": { "id": 2595, "left": 75000.0, "top": -60000.0, "right": 80000.0, "bottom": -55000.0, "row_index": 59, "col_index": 39 }, "geometry": { "type": "Point", "coordinates": [ 5.950963, 50.9553123 ] } },
{ "type": "Feature", "properties": { "id": 2596, "left": 75000.0, "top": -65000.0, "right": 80000.0, "bottom": -60000.0, "row_index": 60, "col_index": 39 }, "geometry": { "type": "Point", "coordinates": [ 5.9499333, 50.9103701 ] } },
{ "type": "Feature", "properties": { "id": 2597, "left": 75000.0, "top": -70000.0, "right": 80000.0, "bottom": -65000.0, "row_index": 61, "col_index": 39 }, "geometry": { "type": "Point", "coordinates": [ 5.9489062, 50.8654276 ] } },
{ "type": "Feature", "properties": { "id": 2598, "left": 75000.0, "top": -75000.0, "right": 80000.0, "bottom": -70000.0, "row_index": 62, "col_index": 39 }, "geometry": { "type": "Point", "coordinates": [ 5.9478817, 50.8204847 ] } },
{ "type": "Feature", "properties": { "id": 2599, "left": 75000.0, "top": -80000.0, "right": 80000.0, "bottom": -75000.0, "row_index": 63, "col_index": 39 }, "geometry": { "type": "Point", "coordinates": [ 5.9468598, 50.7755414 ] } },
{ "type": "Feature", "properties": { "id": 2600, "left": 75000.0, "top": -85000.0, "right": 80000.0, "bottom": -80000.0, "row_index": 64, "col_index": 39 }, "geometry": { "type": "Point", "coordinates": [ 5.9458405, 50.7305978 ] } },
{ "type": "Feature", "properties": { "id": 2601, "left": 80000.0, "top": 235000.0, "right": 85000.0, "bottom": 240000.0, "row_index": 0, "col_index": 40 }, "geometry": { "type": "Point", "coordinates": [ 6.0922547, 53.6055546 ] } },
{ "type": "Feature", "properties": { "id": 2602, "left": 80000.0, "top": 230000.0, "right": 85000.0, "bottom": 235000.0, "row_index": 1, "col_index": 40 }, "geometry": { "type": "Point", "coordinates": [ 6.0909722, 53.560634 ] } },
{ "type": "Feature", "properties": { "id": 2603, "left": 80000.0, "top": 225000.0, "right": 85000.0, "bottom": 230000.0, "row_index": 2, "col_index": 40 }, "geometry": { "type": "Point", "coordinates": [ 6.0896931, 53.5157131 ] } },
{ "type": "Feature", "properties": { "id": 2604, "left": 80000.0, "top": 220000.0, "right": 85000.0, "bottom": 225000.0, "row_index": 3, "col_index": 40 }, "geometry": { "type": "Point", "coordinates": [ 6.0884175, 53.4707918 ] } },
{ "type": "Feature", "properties": { "id": 2605, "left": 80000.0, "top": 215000.0, "right": 85000.0, "bottom": 220000.0, "row_index": 4, "col_index": 40 }, "geometry": { "type": "Point", "coordinates": [ 6.0871453, 53.4258701 ] } },
{ "type": "Feature", "properties": { "id": 2606, "left": 80000.0, "top": 210000.0, "right": 85000.0, "bottom": 215000.0, "row_index": 5, "col_index": 40 }, "geometry": { "type": "Point", "coordinates": [ 6.0858766, 53.3809481 ] } },
{ "type": "Feature", "properties": { "id": 2607, "left": 80000.0, "top": 205000.0, "right": 85000.0, "bottom": 210000.0, "row_index": 6, "col_index": 40 }, "geometry": { "type": "Point", "coordinates": [ 6.0846112, 53.3360258 ] } },
{ "type": "Feature", "properties": { "id": 2608, "left": 80000.0, "top": 200000.0, "right": 85000.0, "bottom": 205000.0, "row_index": 7, "col_index": 40 }, "geometry": { "type": "Point", "coordinates": [ 6.0833492, 53.2911031 ] } },
{ "type": "Feature", "properties": { "id": 2609, "left": 80000.0, "top": 195000.0, "right": 85000.0, "bottom": 200000.0, "row_index": 8, "col_index": 40 }, "geometry": { "type": "Point", "coordinates": [ 6.0820907, 53.24618 ] } },
{ "type": "Feature", "properties": { "id": 2610, "left": 80000.0, "top": 190000.0, "right": 85000.0, "bottom": 195000.0, "row_index": 9, "col_index": 40 }, "geometry": { "type": "Point", "coordinates": [ 6.0808354, 53.2012566 ] } },
{ "type": "Feature", "properties": { "id": 2611, "left": 80000.0, "top": 185000.0, "right": 85000.0, "bottom": 190000.0, "row_index": 10, "col_index": 40 }, "geometry": { "type": "Point", "coordinates": [ 6.0795836, 53.1563328 ] } },
{ "type": "Feature", "properties": { "id": 2612, "left": 80000.0, "top": 180000.0, "right": 85000.0, "bottom": 185000.0, "row_index": 11, "col_index": 40 }, "geometry": { "type": "Point", "coordinates": [ 6.0783351, 53.1114087 ] } },
{ "type": "Feature", "properties": { "id": 2613, "left": 80000.0, "top": 175000.0, "right": 85000.0, "bottom": 180000.0, "row_index": 12, "col_index": 40 }, "geometry": { "type": "Point", "coordinates": [ 6.0770899, 53.0664842 ] } },
{ "type": "Feature", "properties": { "id": 2614, "left": 80000.0, "top": 170000.0, "right": 85000.0, "bottom": 175000.0, "row_index": 13, "col_index": 40 }, "geometry": { "type": "Point", "coordinates": [ 6.075848, 53.0215594 ] } },
{ "type": "Feature", "properties": { "id": 2615, "left": 80000.0, "top": 165000.0, "right": 85000.0, "bottom": 170000.0, "row_index": 14, "col_index": 40 }, "geometry": { "type": "Point", "coordinates": [ 6.0746095, 52.9766343 ] } },
{ "type": "Feature", "properties": { "id": 2616, "left": 80000.0, "top": 160000.0, "right": 85000.0, "bottom": 165000.0, "row_index": 15, "col_index": 40 }, "geometry": { "type": "Point", "coordinates": [ 6.0733742, 52.9317087 ] } },
{ "type": "Feature", "properties": { "id": 2617, "left": 80000.0, "top": 155000.0, "right": 85000.0, "bottom": 160000.0, "row_index": 16, "col_index": 40 }, "geometry": { "type": "Point", "coordinates": [ 6.0721422, 52.8867828 ] } },
{ "type": "Feature", "properties": { "id": 2618, "left": 80000.0, "top": 150000.0, "right": 85000.0, "bottom": 155000.0, "row_index": 17, "col_index": 40 }, "geometry": { "type": "Point", "coordinates": [ 6.0709135, 52.8418566 ] } },
{ "type": "Feature", "properties": { "id": 2619, "left": 80000.0, "top": 145000.0, "right": 85000.0, "bottom": 150000.0, "row_index": 18, "col_index": 40 }, "geometry": { "type": "Point", "coordinates": [ 6.0696881, 52.79693 ] } },
{ "type": "Feature", "properties": { "id": 2620, "left": 80000.0, "top": 140000.0, "right": 85000.0, "bottom": 145000.0, "row_index": 19, "col_index": 40 }, "geometry": { "type": "Point", "coordinates": [ 6.0684659, 52.7520031 ] } },
{ "type": "Feature", "properties": { "id": 2621, "left": 80000.0, "top": 135000.0, "right": 85000.0, "bottom": 140000.0, "row_index": 20, "col_index": 40 }, "geometry": { "type": "Point", "coordinates": [ 6.0672469, 52.7070758 ] } },
{ "type": "Feature", "properties": { "id": 2622, "left": 80000.0, "top": 130000.0, "right": 85000.0, "bottom": 135000.0, "row_index": 21, "col_index": 40 }, "geometry": { "type": "Point", "coordinates": [ 6.0660312, 52.6621482 ] } },
{ "type": "Feature", "properties": { "id": 2623, "left": 80000.0, "top": 125000.0, "right": 85000.0, "bottom": 130000.0, "row_index": 22, "col_index": 40 }, "geometry": { "type": "Point", "coordinates": [ 6.0648187, 52.6172202 ] } },
{ "type": "Feature", "properties": { "id": 2624, "left": 80000.0, "top": 120000.0, "right": 85000.0, "bottom": 125000.0, "row_index": 23, "col_index": 40 }, "geometry": { "type": "Point", "coordinates": [ 6.0636094, 52.5722918 ] } },
{ "type": "Feature", "properties": { "id": 2625, "left": 80000.0, "top": 115000.0, "right": 85000.0, "bottom": 120000.0, "row_index": 24, "col_index": 40 }, "geometry": { "type": "Point", "coordinates": [ 6.0624033, 52.5273631 ] } },
{ "type": "Feature", "properties": { "id": 2626, "left": 80000.0, "top": 110000.0, "right": 85000.0, "bottom": 115000.0, "row_index": 25, "col_index": 40 }, "geometry": { "type": "Point", "coordinates": [ 6.0612003, 52.482434 ] } },
{ "type": "Feature", "properties": { "id": 2627, "left": 80000.0, "top": 105000.0, "right": 85000.0, "bottom": 110000.0, "row_index": 26, "col_index": 40 }, "geometry": { "type": "Point", "coordinates": [ 6.0600006, 52.4375046 ] } },
{ "type": "Feature", "properties": { "id": 2628, "left": 80000.0, "top": 100000.0, "right": 85000.0, "bottom": 105000.0, "row_index": 27, "col_index": 40 }, "geometry": { "type": "Point", "coordinates": [ 6.058804, 52.3925748 ] } },
{ "type": "Feature", "properties": { "id": 2629, "left": 80000.0, "top": 95000.0, "right": 85000.0, "bottom": 100000.0, "row_index": 28, "col_index": 40 }, "geometry": { "type": "Point", "coordinates": [ 6.0576105, 52.3476447 ] } },
{ "type": "Feature", "properties": { "id": 2630, "left": 80000.0, "top": 90000.0, "right": 85000.0, "bottom": 95000.0, "row_index": 29, "col_index": 40 }, "geometry": { "type": "Point", "coordinates": [ 6.0564202, 52.3027142 ] } },
{ "type": "Feature", "properties": { "id": 2631, "left": 80000.0, "top": 85000.0, "right": 85000.0, "bottom": 90000.0, "row_index": 30, "col_index": 40 }, "geometry": { "type": "Point", "coordinates": [ 6.055233, 52.2577834 ] } },
{ "type": "Feature", "properties": { "id": 2632, "left": 80000.0, "top": 80000.0, "right": 85000.0, "bottom": 85000.0, "row_index": 31, "col_index": 40 }, "geometry": { "type": "Point", "coordinates": [ 6.0540489, 52.2128522 ] } },
{ "type": "Feature", "properties": { "id": 2633, "left": 80000.0, "top": 75000.0, "right": 85000.0, "bottom": 80000.0, "row_index": 32, "col_index": 40 }, "geometry": { "type": "Point", "coordinates": [ 6.0528679, 52.1679207 ] } },
{ "type": "Feature", "properties": { "id": 2634, "left": 80000.0, "top": 70000.0, "right": 85000.0, "bottom": 75000.0, "row_index": 33, "col_index": 40 }, "geometry": { "type": "Point", "coordinates": [ 6.05169, 52.1229888 ] } },
{ "type": "Feature", "properties": { "id": 2635, "left": 80000.0, "top": 65000.0, "right": 85000.0, "bottom": 70000.0, "row_index": 34, "col_index": 40 }, "geometry": { "type": "Point", "coordinates": [ 6.0505152, 52.0780565 ] } },
{ "type": "Feature", "properties": { "id": 2636, "left": 80000.0, "top": 60000.0, "right": 85000.0, "bottom": 65000.0, "row_index": 35, "col_index": 40 }, "geometry": { "type": "Point", "coordinates": [ 6.0493435, 52.0331239 ] } },
{ "type": "Feature", "properties": { "id": 2637, "left": 80000.0, "top": 55000.0, "right": 85000.0, "bottom": 60000.0, "row_index": 36, "col_index": 40 }, "geometry": { "type": "Point", "coordinates": [ 6.0481749, 51.9881909 ] } },
{ "type": "Feature", "properties": { "id": 2638, "left": 80000.0, "top": 50000.0, "right": 85000.0, "bottom": 55000.0, "row_index": 37, "col_index": 40 }, "geometry": { "type": "Point", "coordinates": [ 6.0470092, 51.9432576 ] } },
{ "type": "Feature", "properties": { "id": 2639, "left": 80000.0, "top": 45000.0, "right": 85000.0, "bottom": 50000.0, "row_index": 38, "col_index": 40 }, "geometry": { "type": "Point", "coordinates": [ 6.0458467, 51.8983239 ] } },
{ "type": "Feature", "properties": { "id": 2640, "left": 80000.0, "top": 40000.0, "right": 85000.0, "bottom": 45000.0, "row_index": 39, "col_index": 40 }, "geometry": { "type": "Point", "coordinates": [ 6.0446871, 51.8533899 ] } },
{ "type": "Feature", "properties": { "id": 2641, "left": 80000.0, "top": 35000.0, "right": 85000.0, "bottom": 40000.0, "row_index": 40, "col_index": 40 }, "geometry": { "type": "Point", "coordinates": [ 6.0435306, 51.8084555 ] } },
{ "type": "Feature", "properties": { "id": 2642, "left": 80000.0, "top": 30000.0, "right": 85000.0, "bottom": 35000.0, "row_index": 41, "col_index": 40 }, "geometry": { "type": "Point", "coordinates": [ 6.0423771, 51.7635207 ] } },
{ "type": "Feature", "properties": { "id": 2643, "left": 80000.0, "top": 25000.0, "right": 85000.0, "bottom": 30000.0, "row_index": 42, "col_index": 40 }, "geometry": { "type": "Point", "coordinates": [ 6.0412266, 51.7185856 ] } },
{ "type": "Feature", "properties": { "id": 2644, "left": 80000.0, "top": 20000.0, "right": 85000.0, "bottom": 25000.0, "row_index": 43, "col_index": 40 }, "geometry": { "type": "Point", "coordinates": [ 6.040079, 51.6736502 ] } },
{ "type": "Feature", "properties": { "id": 2645, "left": 80000.0, "top": 15000.0, "right": 85000.0, "bottom": 20000.0, "row_index": 44, "col_index": 40 }, "geometry": { "type": "Point", "coordinates": [ 6.0389345, 51.6287144 ] } },
{ "type": "Feature", "properties": { "id": 2646, "left": 80000.0, "top": 10000.0, "right": 85000.0, "bottom": 15000.0, "row_index": 45, "col_index": 40 }, "geometry": { "type": "Point", "coordinates": [ 6.0377929, 51.5837782 ] } },
{ "type": "Feature", "properties": { "id": 2647, "left": 80000.0, "top": 5000.0, "right": 85000.0, "bottom": 10000.0, "row_index": 46, "col_index": 40 }, "geometry": { "type": "Point", "coordinates": [ 6.0366543, 51.5388417 ] } },
{ "type": "Feature", "properties": { "id": 2648, "left": 80000.0, "top": 0.0, "right": 85000.0, "bottom": 5000.0, "row_index": 47, "col_index": 40 }, "geometry": { "type": "Point", "coordinates": [ 6.0355186, 51.4939048 ] } },
{ "type": "Feature", "properties": { "id": 2649, "left": 80000.0, "top": -5000.0, "right": 85000.0, "bottom": 0.0, "row_index": 48, "col_index": 40 }, "geometry": { "type": "Point", "coordinates": [ 6.0343858, 51.4489675 ] } },
{ "type": "Feature", "properties": { "id": 2650, "left": 80000.0, "top": -10000.0, "right": 85000.0, "bottom": -5000.0, "row_index": 49, "col_index": 40 }, "geometry": { "type": "Point", "coordinates": [ 6.033256, 51.4040299 ] } },
{ "type": "Feature", "properties": { "id": 2651, "left": 80000.0, "top": -15000.0, "right": 85000.0, "bottom": -10000.0, "row_index": 50, "col_index": 40 }, "geometry": { "type": "Point", "coordinates": [ 6.0321291, 51.359092 ] } },
{ "type": "Feature", "properties": { "id": 2652, "left": 80000.0, "top": -20000.0, "right": 85000.0, "bottom": -15000.0, "row_index": 51, "col_index": 40 }, "geometry": { "type": "Point", "coordinates": [ 6.0310051, 51.3141537 ] } },
{ "type": "Feature", "properties": { "id": 2653, "left": 80000.0, "top": -25000.0, "right": 85000.0, "bottom": -20000.0, "row_index": 52, "col_index": 40 }, "geometry": { "type": "Point", "coordinates": [ 6.029884, 51.269215 ] } },
{ "type": "Feature", "properties": { "id": 2654, "left": 80000.0, "top": -30000.0, "right": 85000.0, "bottom": -25000.0, "row_index": 53, "col_index": 40 }, "geometry": { "type": "Point", "coordinates": [ 6.0287658, 51.224276 ] } },
{ "type": "Feature", "properties": { "id": 2655, "left": 80000.0, "top": -35000.0, "right": 85000.0, "bottom": -30000.0, "row_index": 54, "col_index": 40 }, "geometry": { "type": "Point", "coordinates": [ 6.0276505, 51.1793366 ] } },
{ "type": "Feature", "properties": { "id": 2656, "left": 80000.0, "top": -40000.0, "right": 85000.0, "bottom": -35000.0, "row_index": 55, "col_index": 40 }, "geometry": { "type": "Point", "coordinates": [ 6.026538, 51.1343968 ] } },
{ "type": "Feature", "properties": { "id": 2657, "left": 80000.0, "top": -45000.0, "right": 85000.0, "bottom": -40000.0, "row_index": 56, "col_index": 40 }, "geometry": { "type": "Point", "coordinates": [ 6.0254284, 51.0894567 ] } },
{ "type": "Feature", "properties": { "id": 2658, "left": 80000.0, "top": -50000.0, "right": 85000.0, "bottom": -45000.0, "row_index": 57, "col_index": 40 }, "geometry": { "type": "Point", "coordinates": [ 6.0243217, 51.0445163 ] } },
{ "type": "Feature", "properties": { "id": 2659, "left": 80000.0, "top": -55000.0, "right": 85000.0, "bottom": -50000.0, "row_index": 58, "col_index": 40 }, "geometry": { "type": "Point", "coordinates": [ 6.0232178, 50.9995755 ] } },
{ "type": "Feature", "properties": { "id": 2660, "left": 80000.0, "top": -60000.0, "right": 85000.0, "bottom": -55000.0, "row_index": 59, "col_index": 40 }, "geometry": { "type": "Point", "coordinates": [ 6.0221167, 50.9546343 ] } },
{ "type": "Feature", "properties": { "id": 2661, "left": 80000.0, "top": -65000.0, "right": 85000.0, "bottom": -60000.0, "row_index": 60, "col_index": 40 }, "geometry": { "type": "Point", "coordinates": [ 6.0210184, 50.9096928 ] } },
{ "type": "Feature", "properties": { "id": 2662, "left": 80000.0, "top": -70000.0, "right": 85000.0, "bottom": -65000.0, "row_index": 61, "col_index": 40 }, "geometry": { "type": "Point", "coordinates": [ 6.019923, 50.8647509 ] } },
{ "type": "Feature", "properties": { "id": 2663, "left": 80000.0, "top": -75000.0, "right": 85000.0, "bottom": -70000.0, "row_index": 62, "col_index": 40 }, "geometry": { "type": "Point", "coordinates": [ 6.0188303, 50.8198086 ] } },
{ "type": "Feature", "properties": { "id": 2664, "left": 80000.0, "top": -80000.0, "right": 85000.0, "bottom": -75000.0, "row_index": 63, "col_index": 40 }, "geometry": { "type": "Point", "coordinates": [ 6.0177405, 50.774866 ] } },
{ "type": "Feature", "properties": { "id": 2665, "left": 80000.0, "top": -85000.0, "right": 85000.0, "bottom": -80000.0, "row_index": 64, "col_index": 40 }, "geometry": { "type": "Point", "coordinates": [ 6.0166534, 50.7299231 ] } },
{ "type": "Feature", "properties": { "id": 2666, "left": 85000.0, "top": 235000.0, "right": 90000.0, "bottom": 240000.0, "row_index": 0, "col_index": 41 }, "geometry": { "type": "Point", "coordinates": [ 6.1677811, 53.6047893 ] } },
{ "type": "Feature", "properties": { "id": 2667, "left": 85000.0, "top": 230000.0, "right": 90000.0, "bottom": 235000.0, "row_index": 1, "col_index": 41 }, "geometry": { "type": "Point", "coordinates": [ 6.1664186, 53.5598695 ] } },
{ "type": "Feature", "properties": { "id": 2668, "left": 85000.0, "top": 225000.0, "right": 90000.0, "bottom": 230000.0, "row_index": 2, "col_index": 41 }, "geometry": { "type": "Point", "coordinates": [ 6.1650598, 53.5149494 ] } },
{ "type": "Feature", "properties": { "id": 2669, "left": 85000.0, "top": 220000.0, "right": 90000.0, "bottom": 225000.0, "row_index": 3, "col_index": 41 }, "geometry": { "type": "Point", "coordinates": [ 6.1637046, 53.4700289 ] } },
{ "type": "Feature", "properties": { "id": 2670, "left": 85000.0, "top": 215000.0, "right": 90000.0, "bottom": 220000.0, "row_index": 4, "col_index": 41 }, "geometry": { "type": "Point", "coordinates": [ 6.1623531, 53.425108 ] } },
{ "type": "Feature", "properties": { "id": 2671, "left": 85000.0, "top": 210000.0, "right": 90000.0, "bottom": 215000.0, "row_index": 5, "col_index": 41 }, "geometry": { "type": "Point", "coordinates": [ 6.1610052, 53.3801868 ] } },
{ "type": "Feature", "properties": { "id": 2672, "left": 85000.0, "top": 205000.0, "right": 90000.0, "bottom": 210000.0, "row_index": 6, "col_index": 41 }, "geometry": { "type": "Point", "coordinates": [ 6.1596609, 53.3352652 ] } },
{ "type": "Feature", "properties": { "id": 2673, "left": 85000.0, "top": 200000.0, "right": 90000.0, "bottom": 205000.0, "row_index": 7, "col_index": 41 }, "geometry": { "type": "Point", "coordinates": [ 6.1583202, 53.2903432 ] } },
{ "type": "Feature", "properties": { "id": 2674, "left": 85000.0, "top": 195000.0, "right": 90000.0, "bottom": 200000.0, "row_index": 8, "col_index": 41 }, "geometry": { "type": "Point", "coordinates": [ 6.1569831, 53.245421 ] } },
{ "type": "Feature", "properties": { "id": 2675, "left": 85000.0, "top": 190000.0, "right": 90000.0, "bottom": 195000.0, "row_index": 9, "col_index": 41 }, "geometry": { "type": "Point", "coordinates": [ 6.1556496, 53.2004983 ] } },
{ "type": "Feature", "properties": { "id": 2676, "left": 85000.0, "top": 185000.0, "right": 90000.0, "bottom": 190000.0, "row_index": 10, "col_index": 41 }, "geometry": { "type": "Point", "coordinates": [ 6.1543197, 53.1555753 ] } },
{ "type": "Feature", "properties": { "id": 2677, "left": 85000.0, "top": 180000.0, "right": 90000.0, "bottom": 185000.0, "row_index": 11, "col_index": 41 }, "geometry": { "type": "Point", "coordinates": [ 6.1529933, 53.110652 ] } },
{ "type": "Feature", "properties": { "id": 2678, "left": 85000.0, "top": 175000.0, "right": 90000.0, "bottom": 180000.0, "row_index": 12, "col_index": 41 }, "geometry": { "type": "Point", "coordinates": [ 6.1516704, 53.0657283 ] } },
{ "type": "Feature", "properties": { "id": 2679, "left": 85000.0, "top": 170000.0, "right": 90000.0, "bottom": 175000.0, "row_index": 13, "col_index": 41 }, "geometry": { "type": "Point", "coordinates": [ 6.1503511, 53.0208042 ] } },
{ "type": "Feature", "properties": { "id": 2680, "left": 85000.0, "top": 165000.0, "right": 90000.0, "bottom": 170000.0, "row_index": 14, "col_index": 41 }, "geometry": { "type": "Point", "coordinates": [ 6.1490353, 52.9758798 ] } },
{ "type": "Feature", "properties": { "id": 2681, "left": 85000.0, "top": 160000.0, "right": 90000.0, "bottom": 165000.0, "row_index": 15, "col_index": 41 }, "geometry": { "type": "Point", "coordinates": [ 6.147723, 52.930955 ] } },
{ "type": "Feature", "properties": { "id": 2682, "left": 85000.0, "top": 155000.0, "right": 90000.0, "bottom": 160000.0, "row_index": 16, "col_index": 41 }, "geometry": { "type": "Point", "coordinates": [ 6.1464142, 52.8860299 ] } },
{ "type": "Feature", "properties": { "id": 2683, "left": 85000.0, "top": 150000.0, "right": 90000.0, "bottom": 155000.0, "row_index": 17, "col_index": 41 }, "geometry": { "type": "Point", "coordinates": [ 6.1451088, 52.8411044 ] } },
{ "type": "Feature", "properties": { "id": 2684, "left": 85000.0, "top": 145000.0, "right": 90000.0, "bottom": 150000.0, "row_index": 18, "col_index": 41 }, "geometry": { "type": "Point", "coordinates": [ 6.1438069, 52.7961786 ] } },
{ "type": "Feature", "properties": { "id": 2685, "left": 85000.0, "top": 140000.0, "right": 90000.0, "bottom": 145000.0, "row_index": 19, "col_index": 41 }, "geometry": { "type": "Point", "coordinates": [ 6.1425085, 52.7512524 ] } },
{ "type": "Feature", "properties": { "id": 2686, "left": 85000.0, "top": 135000.0, "right": 90000.0, "bottom": 140000.0, "row_index": 20, "col_index": 41 }, "geometry": { "type": "Point", "coordinates": [ 6.1412135, 52.7063259 ] } },
{ "type": "Feature", "properties": { "id": 2687, "left": 85000.0, "top": 130000.0, "right": 90000.0, "bottom": 135000.0, "row_index": 21, "col_index": 41 }, "geometry": { "type": "Point", "coordinates": [ 6.139922, 52.661399 ] } },
{ "type": "Feature", "properties": { "id": 2688, "left": 85000.0, "top": 125000.0, "right": 90000.0, "bottom": 130000.0, "row_index": 22, "col_index": 41 }, "geometry": { "type": "Point", "coordinates": [ 6.1386338, 52.6164717 ] } },
{ "type": "Feature", "properties": { "id": 2689, "left": 85000.0, "top": 120000.0, "right": 90000.0, "bottom": 125000.0, "row_index": 23, "col_index": 41 }, "geometry": { "type": "Point", "coordinates": [ 6.1373491, 52.5715441 ] } },
{ "type": "Feature", "properties": { "id": 2690, "left": 85000.0, "top": 115000.0, "right": 90000.0, "bottom": 120000.0, "row_index": 24, "col_index": 41 }, "geometry": { "type": "Point", "coordinates": [ 6.1360677, 52.5266162 ] } },
{ "type": "Feature", "properties": { "id": 2691, "left": 85000.0, "top": 110000.0, "right": 90000.0, "bottom": 115000.0, "row_index": 25, "col_index": 41 }, "geometry": { "type": "Point", "coordinates": [ 6.1347898, 52.4816879 ] } },
{ "type": "Feature", "properties": { "id": 2692, "left": 85000.0, "top": 105000.0, "right": 90000.0, "bottom": 110000.0, "row_index": 26, "col_index": 41 }, "geometry": { "type": "Point", "coordinates": [ 6.1335152, 52.4367592 ] } },
{ "type": "Feature", "properties": { "id": 2693, "left": 85000.0, "top": 100000.0, "right": 90000.0, "bottom": 105000.0, "row_index": 27, "col_index": 41 }, "geometry": { "type": "Point", "coordinates": [ 6.1322439, 52.3918302 ] } },
{ "type": "Feature", "properties": { "id": 2694, "left": 85000.0, "top": 95000.0, "right": 90000.0, "bottom": 100000.0, "row_index": 28, "col_index": 41 }, "geometry": { "type": "Point", "coordinates": [ 6.130976, 52.3469008 ] } },
{ "type": "Feature", "properties": { "id": 2695, "left": 85000.0, "top": 90000.0, "right": 90000.0, "bottom": 95000.0, "row_index": 29, "col_index": 41 }, "geometry": { "type": "Point", "coordinates": [ 6.1297114, 52.301971 ] } },
{ "type": "Feature", "properties": { "id": 2696, "left": 85000.0, "top": 85000.0, "right": 90000.0, "bottom": 90000.0, "row_index": 30, "col_index": 41 }, "geometry": { "type": "Point", "coordinates": [ 6.1284502, 52.2570409 ] } },
{ "type": "Feature", "properties": { "id": 2697, "left": 85000.0, "top": 80000.0, "right": 90000.0, "bottom": 85000.0, "row_index": 31, "col_index": 41 }, "geometry": { "type": "Point", "coordinates": [ 6.1271923, 52.2121105 ] } },
{ "type": "Feature", "properties": { "id": 2698, "left": 85000.0, "top": 75000.0, "right": 90000.0, "bottom": 80000.0, "row_index": 32, "col_index": 41 }, "geometry": { "type": "Point", "coordinates": [ 6.1259376, 52.1671797 ] } },
{ "type": "Feature", "properties": { "id": 2699, "left": 85000.0, "top": 70000.0, "right": 90000.0, "bottom": 75000.0, "row_index": 33, "col_index": 41 }, "geometry": { "type": "Point", "coordinates": [ 6.1246863, 52.1222485 ] } },
{ "type": "Feature", "properties": { "id": 2700, "left": 85000.0, "top": 65000.0, "right": 90000.0, "bottom": 70000.0, "row_index": 34, "col_index": 41 }, "geometry": { "type": "Point", "coordinates": [ 6.1234382, 52.077317 ] } },
{ "type": "Feature", "properties": { "id": 2701, "left": 85000.0, "top": 60000.0, "right": 90000.0, "bottom": 65000.0, "row_index": 35, "col_index": 41 }, "geometry": { "type": "Point", "coordinates": [ 6.1221934, 52.0323851 ] } },
{ "type": "Feature", "properties": { "id": 2702, "left": 85000.0, "top": 55000.0, "right": 90000.0, "bottom": 60000.0, "row_index": 36, "col_index": 41 }, "geometry": { "type": "Point", "coordinates": [ 6.1209518, 51.9874528 ] } },
{ "type": "Feature", "properties": { "id": 2703, "left": 85000.0, "top": 50000.0, "right": 90000.0, "bottom": 55000.0, "row_index": 37, "col_index": 41 }, "geometry": { "type": "Point", "coordinates": [ 6.1197135, 51.9425202 ] } },
{ "type": "Feature", "properties": { "id": 2704, "left": 85000.0, "top": 45000.0, "right": 90000.0, "bottom": 50000.0, "row_index": 38, "col_index": 41 }, "geometry": { "type": "Point", "coordinates": [ 6.1184784, 51.8975873 ] } },
{ "type": "Feature", "properties": { "id": 2705, "left": 85000.0, "top": 40000.0, "right": 90000.0, "bottom": 45000.0, "row_index": 39, "col_index": 41 }, "geometry": { "type": "Point", "coordinates": [ 6.1172465, 51.852654 ] } },
{ "type": "Feature", "properties": { "id": 2706, "left": 85000.0, "top": 35000.0, "right": 90000.0, "bottom": 40000.0, "row_index": 40, "col_index": 41 }, "geometry": { "type": "Point", "coordinates": [ 6.1160179, 51.8077203 ] } },
{ "type": "Feature", "properties": { "id": 2707, "left": 85000.0, "top": 30000.0, "right": 90000.0, "bottom": 35000.0, "row_index": 41, "col_index": 41 }, "geometry": { "type": "Point", "coordinates": [ 6.1147924, 51.7627863 ] } },
{ "type": "Feature", "properties": { "id": 2708, "left": 85000.0, "top": 25000.0, "right": 90000.0, "bottom": 30000.0, "row_index": 42, "col_index": 41 }, "geometry": { "type": "Point", "coordinates": [ 6.1135701, 51.7178519 ] } },
{ "type": "Feature", "properties": { "id": 2709, "left": 85000.0, "top": 20000.0, "right": 90000.0, "bottom": 25000.0, "row_index": 43, "col_index": 41 }, "geometry": { "type": "Point", "coordinates": [ 6.112351, 51.6729172 ] } },
{ "type": "Feature", "properties": { "id": 2710, "left": 85000.0, "top": 15000.0, "right": 90000.0, "bottom": 20000.0, "row_index": 44, "col_index": 41 }, "geometry": { "type": "Point", "coordinates": [ 6.1111351, 51.6279821 ] } },
{ "type": "Feature", "properties": { "id": 2711, "left": 85000.0, "top": 10000.0, "right": 90000.0, "bottom": 15000.0, "row_index": 45, "col_index": 41 }, "geometry": { "type": "Point", "coordinates": [ 6.1099223, 51.5830466 ] } },
{ "type": "Feature", "properties": { "id": 2712, "left": 85000.0, "top": 5000.0, "right": 90000.0, "bottom": 10000.0, "row_index": 46, "col_index": 41 }, "geometry": { "type": "Point", "coordinates": [ 6.1087126, 51.5381108 ] } },
{ "type": "Feature", "properties": { "id": 2713, "left": 85000.0, "top": 0.0, "right": 90000.0, "bottom": 5000.0, "row_index": 47, "col_index": 41 }, "geometry": { "type": "Point", "coordinates": [ 6.1075061, 51.4931746 ] } },
{ "type": "Feature", "properties": { "id": 2714, "left": 85000.0, "top": -5000.0, "right": 90000.0, "bottom": 0.0, "row_index": 48, "col_index": 41 }, "geometry": { "type": "Point", "coordinates": [ 6.1063027, 51.4482381 ] } },
{ "type": "Feature", "properties": { "id": 2715, "left": 85000.0, "top": -10000.0, "right": 90000.0, "bottom": -5000.0, "row_index": 49, "col_index": 41 }, "geometry": { "type": "Point", "coordinates": [ 6.1051024, 51.4033012 ] } },
{ "type": "Feature", "properties": { "id": 2716, "left": 85000.0, "top": -15000.0, "right": 90000.0, "bottom": -10000.0, "row_index": 50, "col_index": 41 }, "geometry": { "type": "Point", "coordinates": [ 6.1039052, 51.358364 ] } },
{ "type": "Feature", "properties": { "id": 2717, "left": 85000.0, "top": -20000.0, "right": 90000.0, "bottom": -15000.0, "row_index": 51, "col_index": 41 }, "geometry": { "type": "Point", "coordinates": [ 6.1027111, 51.3134264 ] } },
{ "type": "Feature", "properties": { "id": 2718, "left": 85000.0, "top": -25000.0, "right": 90000.0, "bottom": -20000.0, "row_index": 52, "col_index": 41 }, "geometry": { "type": "Point", "coordinates": [ 6.1015201, 51.2684884 ] } },
{ "type": "Feature", "properties": { "id": 2719, "left": 85000.0, "top": -30000.0, "right": 90000.0, "bottom": -25000.0, "row_index": 53, "col_index": 41 }, "geometry": { "type": "Point", "coordinates": [ 6.1003321, 51.2235501 ] } },
{ "type": "Feature", "properties": { "id": 2720, "left": 85000.0, "top": -35000.0, "right": 90000.0, "bottom": -30000.0, "row_index": 54, "col_index": 41 }, "geometry": { "type": "Point", "coordinates": [ 6.0991472, 51.1786114 ] } },
{ "type": "Feature", "properties": { "id": 2721, "left": 85000.0, "top": -40000.0, "right": 90000.0, "bottom": -35000.0, "row_index": 55, "col_index": 41 }, "geometry": { "type": "Point", "coordinates": [ 6.0979654, 51.1336723 ] } },
{ "type": "Feature", "properties": { "id": 2722, "left": 85000.0, "top": -45000.0, "right": 90000.0, "bottom": -40000.0, "row_index": 56, "col_index": 41 }, "geometry": { "type": "Point", "coordinates": [ 6.0967866, 51.0887329 ] } },
{ "type": "Feature", "properties": { "id": 2723, "left": 85000.0, "top": -50000.0, "right": 90000.0, "bottom": -45000.0, "row_index": 57, "col_index": 41 }, "geometry": { "type": "Point", "coordinates": [ 6.0956108, 51.0437932 ] } },
{ "type": "Feature", "properties": { "id": 2724, "left": 85000.0, "top": -55000.0, "right": 90000.0, "bottom": -50000.0, "row_index": 58, "col_index": 41 }, "geometry": { "type": "Point", "coordinates": [ 6.094438, 50.9988531 ] } },
{ "type": "Feature", "properties": { "id": 2725, "left": 85000.0, "top": -60000.0, "right": 90000.0, "bottom": -55000.0, "row_index": 59, "col_index": 41 }, "geometry": { "type": "Point", "coordinates": [ 6.0932682, 50.9539126 ] } },
{ "type": "Feature", "properties": { "id": 2726, "left": 85000.0, "top": -65000.0, "right": 90000.0, "bottom": -60000.0, "row_index": 60, "col_index": 41 }, "geometry": { "type": "Point", "coordinates": [ 6.0921015, 50.9089718 ] } },
{ "type": "Feature", "properties": { "id": 2727, "left": 85000.0, "top": -70000.0, "right": 90000.0, "bottom": -65000.0, "row_index": 61, "col_index": 41 }, "geometry": { "type": "Point", "coordinates": [ 6.0909377, 50.8640306 ] } },
{ "type": "Feature", "properties": { "id": 2728, "left": 85000.0, "top": -75000.0, "right": 90000.0, "bottom": -70000.0, "row_index": 62, "col_index": 41 }, "geometry": { "type": "Point", "coordinates": [ 6.0897769, 50.819089 ] } },
{ "type": "Feature", "properties": { "id": 2729, "left": 85000.0, "top": -80000.0, "right": 90000.0, "bottom": -75000.0, "row_index": 63, "col_index": 41 }, "geometry": { "type": "Point", "coordinates": [ 6.088619, 50.7741471 ] } },
{ "type": "Feature", "properties": { "id": 2730, "left": 85000.0, "top": -85000.0, "right": 90000.0, "bottom": -80000.0, "row_index": 64, "col_index": 41 }, "geometry": { "type": "Point", "coordinates": [ 6.0874641, 50.7292048 ] } },
{ "type": "Feature", "properties": { "id": 2731, "left": 90000.0, "top": 235000.0, "right": 95000.0, "bottom": 240000.0, "row_index": 0, "col_index": 42 }, "geometry": { "type": "Point", "coordinates": [ 6.2433047, 53.6039778 ] } },
{ "type": "Feature", "properties": { "id": 2732, "left": 90000.0, "top": 230000.0, "right": 95000.0, "bottom": 235000.0, "row_index": 1, "col_index": 42 }, "geometry": { "type": "Point", "coordinates": [ 6.2418622, 53.5590588 ] } },
{ "type": "Feature", "properties": { "id": 2733, "left": 90000.0, "top": 225000.0, "right": 95000.0, "bottom": 230000.0, "row_index": 2, "col_index": 42 }, "geometry": { "type": "Point", "coordinates": [ 6.2404236, 53.5141395 ] } },
{ "type": "Feature", "properties": { "id": 2734, "left": 90000.0, "top": 220000.0, "right": 95000.0, "bottom": 225000.0, "row_index": 3, "col_index": 42 }, "geometry": { "type": "Point", "coordinates": [ 6.2389889, 53.4692198 ] } },
{ "type": "Feature", "properties": { "id": 2735, "left": 90000.0, "top": 215000.0, "right": 95000.0, "bottom": 220000.0, "row_index": 4, "col_index": 42 }, "geometry": { "type": "Point", "coordinates": [ 6.237558, 53.4242997 ] } },
{ "type": "Feature", "properties": { "id": 2736, "left": 90000.0, "top": 210000.0, "right": 95000.0, "bottom": 215000.0, "row_index": 5, "col_index": 42 }, "geometry": { "type": "Point", "coordinates": [ 6.236131, 53.3793793 ] } },
{ "type": "Feature", "properties": { "id": 2737, "left": 90000.0, "top": 205000.0, "right": 95000.0, "bottom": 210000.0, "row_index": 6, "col_index": 42 }, "geometry": { "type": "Point", "coordinates": [ 6.2347078, 53.3344586 ] } },
{ "type": "Feature", "properties": { "id": 2738, "left": 90000.0, "top": 200000.0, "right": 95000.0, "bottom": 205000.0, "row_index": 7, "col_index": 42 }, "geometry": { "type": "Point", "coordinates": [ 6.2332884, 53.2895375 ] } },
{ "type": "Feature", "properties": { "id": 2739, "left": 90000.0, "top": 195000.0, "right": 95000.0, "bottom": 200000.0, "row_index": 8, "col_index": 42 }, "geometry": { "type": "Point", "coordinates": [ 6.2318728, 53.244616 ] } },
{ "type": "Feature", "properties": { "id": 2740, "left": 90000.0, "top": 190000.0, "right": 95000.0, "bottom": 195000.0, "row_index": 9, "col_index": 42 }, "geometry": { "type": "Point", "coordinates": [ 6.230461, 53.1996942 ] } },
{ "type": "Feature", "properties": { "id": 2741, "left": 90000.0, "top": 185000.0, "right": 95000.0, "bottom": 190000.0, "row_index": 10, "col_index": 42 }, "geometry": { "type": "Point", "coordinates": [ 6.229053, 53.154772 ] } },
{ "type": "Feature", "properties": { "id": 2742, "left": 90000.0, "top": 180000.0, "right": 95000.0, "bottom": 185000.0, "row_index": 11, "col_index": 42 }, "geometry": { "type": "Point", "coordinates": [ 6.2276488, 53.1098495 ] } },
{ "type": "Feature", "properties": { "id": 2743, "left": 90000.0, "top": 175000.0, "right": 95000.0, "bottom": 180000.0, "row_index": 12, "col_index": 42 }, "geometry": { "type": "Point", "coordinates": [ 6.2262482, 53.0649266 ] } },
{ "type": "Feature", "properties": { "id": 2744, "left": 90000.0, "top": 170000.0, "right": 95000.0, "bottom": 175000.0, "row_index": 13, "col_index": 42 }, "geometry": { "type": "Point", "coordinates": [ 6.2248515, 53.0200033 ] } },
{ "type": "Feature", "properties": { "id": 2745, "left": 90000.0, "top": 165000.0, "right": 95000.0, "bottom": 170000.0, "row_index": 14, "col_index": 42 }, "geometry": { "type": "Point", "coordinates": [ 6.2234584, 52.9750797 ] } },
{ "type": "Feature", "properties": { "id": 2746, "left": 90000.0, "top": 160000.0, "right": 95000.0, "bottom": 165000.0, "row_index": 15, "col_index": 42 }, "geometry": { "type": "Point", "coordinates": [ 6.2220691, 52.9301558 ] } },
{ "type": "Feature", "properties": { "id": 2747, "left": 90000.0, "top": 155000.0, "right": 95000.0, "bottom": 160000.0, "row_index": 16, "col_index": 42 }, "geometry": { "type": "Point", "coordinates": [ 6.2206834, 52.8852314 ] } },
{ "type": "Feature", "properties": { "id": 2748, "left": 90000.0, "top": 150000.0, "right": 95000.0, "bottom": 155000.0, "row_index": 17, "col_index": 42 }, "geometry": { "type": "Point", "coordinates": [ 6.2193014, 52.8403068 ] } },
{ "type": "Feature", "properties": { "id": 2749, "left": 90000.0, "top": 145000.0, "right": 95000.0, "bottom": 150000.0, "row_index": 18, "col_index": 42 }, "geometry": { "type": "Point", "coordinates": [ 6.2179231, 52.7953817 ] } },
{ "type": "Feature", "properties": { "id": 2750, "left": 90000.0, "top": 140000.0, "right": 95000.0, "bottom": 145000.0, "row_index": 19, "col_index": 42 }, "geometry": { "type": "Point", "coordinates": [ 6.2165485, 52.7504563 ] } },
{ "type": "Feature", "properties": { "id": 2751, "left": 90000.0, "top": 135000.0, "right": 95000.0, "bottom": 140000.0, "row_index": 20, "col_index": 42 }, "geometry": { "type": "Point", "coordinates": [ 6.2151775, 52.7055306 ] } },
{ "type": "Feature", "properties": { "id": 2752, "left": 90000.0, "top": 130000.0, "right": 95000.0, "bottom": 135000.0, "row_index": 21, "col_index": 42 }, "geometry": { "type": "Point", "coordinates": [ 6.2138101, 52.6606045 ] } },
{ "type": "Feature", "properties": { "id": 2753, "left": 90000.0, "top": 125000.0, "right": 95000.0, "bottom": 130000.0, "row_index": 22, "col_index": 42 }, "geometry": { "type": "Point", "coordinates": [ 6.2124463, 52.6156781 ] } },
{ "type": "Feature", "properties": { "id": 2754, "left": 90000.0, "top": 120000.0, "right": 95000.0, "bottom": 125000.0, "row_index": 23, "col_index": 42 }, "geometry": { "type": "Point", "coordinates": [ 6.2110862, 52.5707512 ] } },
{ "type": "Feature", "properties": { "id": 2755, "left": 90000.0, "top": 115000.0, "right": 95000.0, "bottom": 120000.0, "row_index": 24, "col_index": 42 }, "geometry": { "type": "Point", "coordinates": [ 6.2097296, 52.5258241 ] } },
{ "type": "Feature", "properties": { "id": 2756, "left": 90000.0, "top": 110000.0, "right": 95000.0, "bottom": 115000.0, "row_index": 25, "col_index": 42 }, "geometry": { "type": "Point", "coordinates": [ 6.2083766, 52.4808965 ] } },
{ "type": "Feature", "properties": { "id": 2757, "left": 90000.0, "top": 105000.0, "right": 95000.0, "bottom": 110000.0, "row_index": 26, "col_index": 42 }, "geometry": { "type": "Point", "coordinates": [ 6.2070272, 52.4359687 ] } },
{ "type": "Feature", "properties": { "id": 2758, "left": 90000.0, "top": 100000.0, "right": 95000.0, "bottom": 105000.0, "row_index": 27, "col_index": 42 }, "geometry": { "type": "Point", "coordinates": [ 6.2056813, 52.3910404 ] } },
{ "type": "Feature", "properties": { "id": 2759, "left": 90000.0, "top": 95000.0, "right": 95000.0, "bottom": 100000.0, "row_index": 28, "col_index": 42 }, "geometry": { "type": "Point", "coordinates": [ 6.204339, 52.3461118 ] } },
{ "type": "Feature", "properties": { "id": 2760, "left": 90000.0, "top": 90000.0, "right": 95000.0, "bottom": 95000.0, "row_index": 29, "col_index": 42 }, "geometry": { "type": "Point", "coordinates": [ 6.2030002, 52.3011828 ] } },
{ "type": "Feature", "properties": { "id": 2761, "left": 90000.0, "top": 85000.0, "right": 95000.0, "bottom": 90000.0, "row_index": 30, "col_index": 42 }, "geometry": { "type": "Point", "coordinates": [ 6.2016649, 52.2562535 ] } },
{ "type": "Feature", "properties": { "id": 2762, "left": 90000.0, "top": 80000.0, "right": 95000.0, "bottom": 85000.0, "row_index": 31, "col_index": 42 }, "geometry": { "type": "Point", "coordinates": [ 6.2003331, 52.2113239 ] } },
{ "type": "Feature", "properties": { "id": 2763, "left": 90000.0, "top": 75000.0, "right": 95000.0, "bottom": 80000.0, "row_index": 32, "col_index": 42 }, "geometry": { "type": "Point", "coordinates": [ 6.1990048, 52.1663938 ] } },
{ "type": "Feature", "properties": { "id": 2764, "left": 90000.0, "top": 70000.0, "right": 95000.0, "bottom": 75000.0, "row_index": 33, "col_index": 42 }, "geometry": { "type": "Point", "coordinates": [ 6.19768, 52.1214634 ] } },
{ "type": "Feature", "properties": { "id": 2765, "left": 90000.0, "top": 65000.0, "right": 95000.0, "bottom": 70000.0, "row_index": 34, "col_index": 42 }, "geometry": { "type": "Point", "coordinates": [ 6.1963586, 52.0765327 ] } },
{ "type": "Feature", "properties": { "id": 2766, "left": 90000.0, "top": 60000.0, "right": 95000.0, "bottom": 65000.0, "row_index": 35, "col_index": 42 }, "geometry": { "type": "Point", "coordinates": [ 6.1950407, 52.0316016 ] } },
{ "type": "Feature", "properties": { "id": 2767, "left": 90000.0, "top": 55000.0, "right": 95000.0, "bottom": 60000.0, "row_index": 36, "col_index": 42 }, "geometry": { "type": "Point", "coordinates": [ 6.1937263, 51.9866701 ] } },
{ "type": "Feature", "properties": { "id": 2768, "left": 90000.0, "top": 50000.0, "right": 95000.0, "bottom": 55000.0, "row_index": 37, "col_index": 42 }, "geometry": { "type": "Point", "coordinates": [ 6.1924153, 51.9417383 ] } },
{ "type": "Feature", "properties": { "id": 2769, "left": 90000.0, "top": 45000.0, "right": 95000.0, "bottom": 50000.0, "row_index": 38, "col_index": 42 }, "geometry": { "type": "Point", "coordinates": [ 6.1911077, 51.8968061 ] } },
{ "type": "Feature", "properties": { "id": 2770, "left": 90000.0, "top": 40000.0, "right": 95000.0, "bottom": 45000.0, "row_index": 39, "col_index": 42 }, "geometry": { "type": "Point", "coordinates": [ 6.1898035, 51.8518736 ] } },
{ "type": "Feature", "properties": { "id": 2771, "left": 90000.0, "top": 35000.0, "right": 95000.0, "bottom": 40000.0, "row_index": 40, "col_index": 42 }, "geometry": { "type": "Point", "coordinates": [ 6.1885027, 51.8069407 ] } },
{ "type": "Feature", "properties": { "id": 2772, "left": 90000.0, "top": 30000.0, "right": 95000.0, "bottom": 35000.0, "row_index": 41, "col_index": 42 }, "geometry": { "type": "Point", "coordinates": [ 6.1872053, 51.7620074 ] } },
{ "type": "Feature", "properties": { "id": 2773, "left": 90000.0, "top": 25000.0, "right": 95000.0, "bottom": 30000.0, "row_index": 42, "col_index": 42 }, "geometry": { "type": "Point", "coordinates": [ 6.1859112, 51.7170738 ] } },
{ "type": "Feature", "properties": { "id": 2774, "left": 90000.0, "top": 20000.0, "right": 95000.0, "bottom": 25000.0, "row_index": 43, "col_index": 42 }, "geometry": { "type": "Point", "coordinates": [ 6.1846206, 51.6721398 ] } },
{ "type": "Feature", "properties": { "id": 2775, "left": 90000.0, "top": 15000.0, "right": 95000.0, "bottom": 20000.0, "row_index": 44, "col_index": 42 }, "geometry": { "type": "Point", "coordinates": [ 6.1833332, 51.6272055 ] } },
{ "type": "Feature", "properties": { "id": 2776, "left": 90000.0, "top": 10000.0, "right": 95000.0, "bottom": 15000.0, "row_index": 45, "col_index": 42 }, "geometry": { "type": "Point", "coordinates": [ 6.1820492, 51.5822708 ] } },
{ "type": "Feature", "properties": { "id": 2777, "left": 90000.0, "top": 5000.0, "right": 95000.0, "bottom": 10000.0, "row_index": 46, "col_index": 42 }, "geometry": { "type": "Point", "coordinates": [ 6.1807686, 51.5373357 ] } },
{ "type": "Feature", "properties": { "id": 2778, "left": 90000.0, "top": 0.0, "right": 95000.0, "bottom": 5000.0, "row_index": 47, "col_index": 42 }, "geometry": { "type": "Point", "coordinates": [ 6.1794912, 51.4924003 ] } },
{ "type": "Feature", "properties": { "id": 2779, "left": 90000.0, "top": -5000.0, "right": 95000.0, "bottom": 0.0, "row_index": 48, "col_index": 42 }, "geometry": { "type": "Point", "coordinates": [ 6.1782172, 51.4474645 ] } },
{ "type": "Feature", "properties": { "id": 2780, "left": 90000.0, "top": -10000.0, "right": 95000.0, "bottom": -5000.0, "row_index": 49, "col_index": 42 }, "geometry": { "type": "Point", "coordinates": [ 6.1769464, 51.4025284 ] } },
{ "type": "Feature", "properties": { "id": 2781, "left": 90000.0, "top": -15000.0, "right": 95000.0, "bottom": -10000.0, "row_index": 50, "col_index": 42 }, "geometry": { "type": "Point", "coordinates": [ 6.1756789, 51.3575919 ] } },
{ "type": "Feature", "properties": { "id": 2782, "left": 90000.0, "top": -20000.0, "right": 95000.0, "bottom": -15000.0, "row_index": 51, "col_index": 42 }, "geometry": { "type": "Point", "coordinates": [ 6.1744147, 51.312655 ] } },
{ "type": "Feature", "properties": { "id": 2783, "left": 90000.0, "top": -25000.0, "right": 95000.0, "bottom": -20000.0, "row_index": 52, "col_index": 42 }, "geometry": { "type": "Point", "coordinates": [ 6.1731538, 51.2677178 ] } },
{ "type": "Feature", "properties": { "id": 2784, "left": 90000.0, "top": -30000.0, "right": 95000.0, "bottom": -25000.0, "row_index": 53, "col_index": 42 }, "geometry": { "type": "Point", "coordinates": [ 6.1718961, 51.2227802 ] } },
{ "type": "Feature", "properties": { "id": 2785, "left": 90000.0, "top": -35000.0, "right": 95000.0, "bottom": -30000.0, "row_index": 54, "col_index": 42 }, "geometry": { "type": "Point", "coordinates": [ 6.1706416, 51.1778423 ] } },
{ "type": "Feature", "properties": { "id": 2786, "left": 90000.0, "top": -40000.0, "right": 95000.0, "bottom": -35000.0, "row_index": 55, "col_index": 42 }, "geometry": { "type": "Point", "coordinates": [ 6.1693904, 51.132904 ] } },
{ "type": "Feature", "properties": { "id": 2787, "left": 90000.0, "top": -45000.0, "right": 95000.0, "bottom": -40000.0, "row_index": 56, "col_index": 42 }, "geometry": { "type": "Point", "coordinates": [ 6.1681424, 51.0879653 ] } },
{ "type": "Feature", "properties": { "id": 2788, "left": 90000.0, "top": -50000.0, "right": 95000.0, "bottom": -45000.0, "row_index": 57, "col_index": 42 }, "geometry": { "type": "Point", "coordinates": [ 6.1668976, 51.0430263 ] } },
{ "type": "Feature", "properties": { "id": 2789, "left": 90000.0, "top": -55000.0, "right": 95000.0, "bottom": -50000.0, "row_index": 58, "col_index": 42 }, "geometry": { "type": "Point", "coordinates": [ 6.165656, 50.998087 ] } },
{ "type": "Feature", "properties": { "id": 2790, "left": 90000.0, "top": -60000.0, "right": 95000.0, "bottom": -55000.0, "row_index": 59, "col_index": 42 }, "geometry": { "type": "Point", "coordinates": [ 6.1644175, 50.9531472 ] } },
{ "type": "Feature", "properties": { "id": 2791, "left": 90000.0, "top": -65000.0, "right": 95000.0, "bottom": -60000.0, "row_index": 60, "col_index": 42 }, "geometry": { "type": "Point", "coordinates": [ 6.1631822, 50.9082071 ] } },
{ "type": "Feature", "properties": { "id": 2792, "left": 90000.0, "top": -70000.0, "right": 95000.0, "bottom": -65000.0, "row_index": 61, "col_index": 42 }, "geometry": { "type": "Point", "coordinates": [ 6.1619501, 50.8632667 ] } },
{ "type": "Feature", "properties": { "id": 2793, "left": 90000.0, "top": -75000.0, "right": 95000.0, "bottom": -70000.0, "row_index": 62, "col_index": 42 }, "geometry": { "type": "Point", "coordinates": [ 6.1607212, 50.8183258 ] } },
{ "type": "Feature", "properties": { "id": 2794, "left": 90000.0, "top": -80000.0, "right": 95000.0, "bottom": -75000.0, "row_index": 63, "col_index": 42 }, "geometry": { "type": "Point", "coordinates": [ 6.1594954, 50.7733847 ] } },
{ "type": "Feature", "properties": { "id": 2795, "left": 90000.0, "top": -85000.0, "right": 95000.0, "bottom": -80000.0, "row_index": 64, "col_index": 42 }, "geometry": { "type": "Point", "coordinates": [ 6.1582727, 50.7284431 ] } },
{ "type": "Feature", "properties": { "id": 2796, "left": 95000.0, "top": 235000.0, "right": 100000.0, "bottom": 240000.0, "row_index": 0, "col_index": 43 }, "geometry": { "type": "Point", "coordinates": [ 6.3188253, 53.6031199 ] } },
{ "type": "Feature", "properties": { "id": 2797, "left": 95000.0, "top": 230000.0, "right": 100000.0, "bottom": 235000.0, "row_index": 1, "col_index": 43 }, "geometry": { "type": "Point", "coordinates": [ 6.3173028, 53.5582018 ] } },
{ "type": "Feature", "properties": { "id": 2798, "left": 95000.0, "top": 225000.0, "right": 100000.0, "bottom": 230000.0, "row_index": 2, "col_index": 43 }, "geometry": { "type": "Point", "coordinates": [ 6.3157845, 53.5132834 ] } },
{ "type": "Feature", "properties": { "id": 2799, "left": 95000.0, "top": 220000.0, "right": 100000.0, "bottom": 225000.0, "row_index": 3, "col_index": 43 }, "geometry": { "type": "Point", "coordinates": [ 6.3142702, 53.4683645 ] } },
{ "type": "Feature", "properties": { "id": 2800, "left": 95000.0, "top": 215000.0, "right": 100000.0, "bottom": 220000.0, "row_index": 4, "col_index": 43 }, "geometry": { "type": "Point", "coordinates": [ 6.31276, 53.4234454 ] } },
{ "type": "Feature", "properties": { "id": 2801, "left": 95000.0, "top": 210000.0, "right": 100000.0, "bottom": 215000.0, "row_index": 5, "col_index": 43 }, "geometry": { "type": "Point", "coordinates": [ 6.3112538, 53.3785258 ] } },
{ "type": "Feature", "properties": { "id": 2802, "left": 95000.0, "top": 205000.0, "right": 100000.0, "bottom": 210000.0, "row_index": 6, "col_index": 43 }, "geometry": { "type": "Point", "coordinates": [ 6.3097517, 53.3336059 ] } },
{ "type": "Feature", "properties": { "id": 2803, "left": 95000.0, "top": 200000.0, "right": 100000.0, "bottom": 205000.0, "row_index": 7, "col_index": 43 }, "geometry": { "type": "Point", "coordinates": [ 6.3082537, 53.2886857 ] } },
{ "type": "Feature", "properties": { "id": 2804, "left": 95000.0, "top": 195000.0, "right": 100000.0, "bottom": 200000.0, "row_index": 8, "col_index": 43 }, "geometry": { "type": "Point", "coordinates": [ 6.3067596, 53.2437651 ] } },
{ "type": "Feature", "properties": { "id": 2805, "left": 95000.0, "top": 190000.0, "right": 100000.0, "bottom": 195000.0, "row_index": 9, "col_index": 43 }, "geometry": { "type": "Point", "coordinates": [ 6.3052695, 53.1988441 ] } },
{ "type": "Feature", "properties": { "id": 2806, "left": 95000.0, "top": 185000.0, "right": 100000.0, "bottom": 190000.0, "row_index": 10, "col_index": 43 }, "geometry": { "type": "Point", "coordinates": [ 6.3037835, 53.1539228 ] } },
{ "type": "Feature", "properties": { "id": 2807, "left": 95000.0, "top": 180000.0, "right": 100000.0, "bottom": 185000.0, "row_index": 11, "col_index": 43 }, "geometry": { "type": "Point", "coordinates": [ 6.3023013, 53.1090011 ] } },
{ "type": "Feature", "properties": { "id": 2808, "left": 95000.0, "top": 175000.0, "right": 100000.0, "bottom": 180000.0, "row_index": 12, "col_index": 43 }, "geometry": { "type": "Point", "coordinates": [ 6.3008232, 53.0640791 ] } },
{ "type": "Feature", "properties": { "id": 2809, "left": 95000.0, "top": 170000.0, "right": 100000.0, "bottom": 175000.0, "row_index": 13, "col_index": 43 }, "geometry": { "type": "Point", "coordinates": [ 6.299349, 53.0191567 ] } },
{ "type": "Feature", "properties": { "id": 2810, "left": 95000.0, "top": 165000.0, "right": 100000.0, "bottom": 170000.0, "row_index": 14, "col_index": 43 }, "geometry": { "type": "Point", "coordinates": [ 6.2978787, 52.974234 ] } },
{ "type": "Feature", "properties": { "id": 2811, "left": 95000.0, "top": 160000.0, "right": 100000.0, "bottom": 165000.0, "row_index": 15, "col_index": 43 }, "geometry": { "type": "Point", "coordinates": [ 6.2964123, 52.9293109 ] } },
{ "type": "Feature", "properties": { "id": 2812, "left": 95000.0, "top": 155000.0, "right": 100000.0, "bottom": 160000.0, "row_index": 16, "col_index": 43 }, "geometry": { "type": "Point", "coordinates": [ 6.2949498, 52.8843874 ] } },
{ "type": "Feature", "properties": { "id": 2813, "left": 95000.0, "top": 150000.0, "right": 100000.0, "bottom": 155000.0, "row_index": 17, "col_index": 43 }, "geometry": { "type": "Point", "coordinates": [ 6.2934912, 52.8394636 ] } },
{ "type": "Feature", "properties": { "id": 2814, "left": 95000.0, "top": 145000.0, "right": 100000.0, "bottom": 150000.0, "row_index": 18, "col_index": 43 }, "geometry": { "type": "Point", "coordinates": [ 6.2920365, 52.7945394 ] } },
{ "type": "Feature", "properties": { "id": 2815, "left": 95000.0, "top": 140000.0, "right": 100000.0, "bottom": 145000.0, "row_index": 19, "col_index": 43 }, "geometry": { "type": "Point", "coordinates": [ 6.2905857, 52.7496148 ] } },
{ "type": "Feature", "properties": { "id": 2816, "left": 95000.0, "top": 135000.0, "right": 100000.0, "bottom": 140000.0, "row_index": 20, "col_index": 43 }, "geometry": { "type": "Point", "coordinates": [ 6.2891386, 52.7046899 ] } },
{ "type": "Feature", "properties": { "id": 2817, "left": 95000.0, "top": 130000.0, "right": 100000.0, "bottom": 135000.0, "row_index": 21, "col_index": 43 }, "geometry": { "type": "Point", "coordinates": [ 6.2876954, 52.6597647 ] } },
{ "type": "Feature", "properties": { "id": 2818, "left": 95000.0, "top": 125000.0, "right": 100000.0, "bottom": 130000.0, "row_index": 22, "col_index": 43 }, "geometry": { "type": "Point", "coordinates": [ 6.2862561, 52.6148391 ] } },
{ "type": "Feature", "properties": { "id": 2819, "left": 95000.0, "top": 120000.0, "right": 100000.0, "bottom": 125000.0, "row_index": 23, "col_index": 43 }, "geometry": { "type": "Point", "coordinates": [ 6.2848205, 52.5699131 ] } },
{ "type": "Feature", "properties": { "id": 2820, "left": 95000.0, "top": 115000.0, "right": 100000.0, "bottom": 120000.0, "row_index": 24, "col_index": 43 }, "geometry": { "type": "Point", "coordinates": [ 6.2833887, 52.5249868 ] } },
{ "type": "Feature", "properties": { "id": 2821, "left": 95000.0, "top": 110000.0, "right": 100000.0, "bottom": 115000.0, "row_index": 25, "col_index": 43 }, "geometry": { "type": "Point", "coordinates": [ 6.2819607, 52.4800601 ] } },
{ "type": "Feature", "properties": { "id": 2822, "left": 95000.0, "top": 105000.0, "right": 100000.0, "bottom": 110000.0, "row_index": 26, "col_index": 43 }, "geometry": { "type": "Point", "coordinates": [ 6.2805365, 52.435133 ] } },
{ "type": "Feature", "properties": { "id": 2823, "left": 95000.0, "top": 100000.0, "right": 100000.0, "bottom": 105000.0, "row_index": 27, "col_index": 43 }, "geometry": { "type": "Point", "coordinates": [ 6.279116, 52.3902056 ] } },
{ "type": "Feature", "properties": { "id": 2824, "left": 95000.0, "top": 95000.0, "right": 100000.0, "bottom": 100000.0, "row_index": 28, "col_index": 43 }, "geometry": { "type": "Point", "coordinates": [ 6.2776992, 52.3452778 ] } },
{ "type": "Feature", "properties": { "id": 2825, "left": 95000.0, "top": 90000.0, "right": 100000.0, "bottom": 95000.0, "row_index": 29, "col_index": 43 }, "geometry": { "type": "Point", "coordinates": [ 6.2762862, 52.3003497 ] } },
{ "type": "Feature", "properties": { "id": 2826, "left": 95000.0, "top": 85000.0, "right": 100000.0, "bottom": 90000.0, "row_index": 30, "col_index": 43 }, "geometry": { "type": "Point", "coordinates": [ 6.2748769, 52.2554212 ] } },
{ "type": "Feature", "properties": { "id": 2827, "left": 95000.0, "top": 80000.0, "right": 100000.0, "bottom": 85000.0, "row_index": 31, "col_index": 43 }, "geometry": { "type": "Point", "coordinates": [ 6.2734713, 52.2104924 ] } },
{ "type": "Feature", "properties": { "id": 2828, "left": 95000.0, "top": 75000.0, "right": 100000.0, "bottom": 80000.0, "row_index": 32, "col_index": 43 }, "geometry": { "type": "Point", "coordinates": [ 6.2720693, 52.1655632 ] } },
{ "type": "Feature", "properties": { "id": 2829, "left": 95000.0, "top": 70000.0, "right": 100000.0, "bottom": 75000.0, "row_index": 33, "col_index": 43 }, "geometry": { "type": "Point", "coordinates": [ 6.270671, 52.1206336 ] } },
{ "type": "Feature", "properties": { "id": 2830, "left": 95000.0, "top": 65000.0, "right": 100000.0, "bottom": 70000.0, "row_index": 34, "col_index": 43 }, "geometry": { "type": "Point", "coordinates": [ 6.2692764, 52.0757037 ] } },
{ "type": "Feature", "properties": { "id": 2831, "left": 95000.0, "top": 60000.0, "right": 100000.0, "bottom": 65000.0, "row_index": 35, "col_index": 43 }, "geometry": { "type": "Point", "coordinates": [ 6.2678855, 52.0307734 ] } },
{ "type": "Feature", "properties": { "id": 2832, "left": 95000.0, "top": 55000.0, "right": 100000.0, "bottom": 60000.0, "row_index": 36, "col_index": 43 }, "geometry": { "type": "Point", "coordinates": [ 6.2664982, 51.9858427 ] } },
{ "type": "Feature", "properties": { "id": 2833, "left": 95000.0, "top": 50000.0, "right": 100000.0, "bottom": 55000.0, "row_index": 37, "col_index": 43 }, "geometry": { "type": "Point", "coordinates": [ 6.2651145, 51.9409117 ] } },
{ "type": "Feature", "properties": { "id": 2834, "left": 95000.0, "top": 45000.0, "right": 100000.0, "bottom": 50000.0, "row_index": 38, "col_index": 43 }, "geometry": { "type": "Point", "coordinates": [ 6.2637344, 51.8959803 ] } },
{ "type": "Feature", "properties": { "id": 2835, "left": 95000.0, "top": 40000.0, "right": 100000.0, "bottom": 45000.0, "row_index": 39, "col_index": 43 }, "geometry": { "type": "Point", "coordinates": [ 6.2623579, 51.8510486 ] } },
{ "type": "Feature", "properties": { "id": 2836, "left": 95000.0, "top": 35000.0, "right": 100000.0, "bottom": 40000.0, "row_index": 40, "col_index": 43 }, "geometry": { "type": "Point", "coordinates": [ 6.2609849, 51.8061165 ] } },
{ "type": "Feature", "properties": { "id": 2837, "left": 95000.0, "top": 30000.0, "right": 100000.0, "bottom": 35000.0, "row_index": 41, "col_index": 43 }, "geometry": { "type": "Point", "coordinates": [ 6.2596156, 51.7611841 ] } },
{ "type": "Feature", "properties": { "id": 2838, "left": 95000.0, "top": 25000.0, "right": 100000.0, "bottom": 30000.0, "row_index": 42, "col_index": 43 }, "geometry": { "type": "Point", "coordinates": [ 6.2582498, 51.7162512 ] } },
{ "type": "Feature", "properties": { "id": 2839, "left": 95000.0, "top": 20000.0, "right": 100000.0, "bottom": 25000.0, "row_index": 43, "col_index": 43 }, "geometry": { "type": "Point", "coordinates": [ 6.2568876, 51.6713181 ] } },
{ "type": "Feature", "properties": { "id": 2840, "left": 95000.0, "top": 15000.0, "right": 100000.0, "bottom": 20000.0, "row_index": 44, "col_index": 43 }, "geometry": { "type": "Point", "coordinates": [ 6.2555289, 51.6263845 ] } },
{ "type": "Feature", "properties": { "id": 2841, "left": 95000.0, "top": 10000.0, "right": 100000.0, "bottom": 15000.0, "row_index": 45, "col_index": 43 }, "geometry": { "type": "Point", "coordinates": [ 6.2541737, 51.5814506 ] } },
{ "type": "Feature", "properties": { "id": 2842, "left": 95000.0, "top": 5000.0, "right": 100000.0, "bottom": 10000.0, "row_index": 46, "col_index": 43 }, "geometry": { "type": "Point", "coordinates": [ 6.252822, 51.5365164 ] } },
{ "type": "Feature", "properties": { "id": 2843, "left": 95000.0, "top": 0.0, "right": 100000.0, "bottom": 5000.0, "row_index": 47, "col_index": 43 }, "geometry": { "type": "Point", "coordinates": [ 6.2514739, 51.4915818 ] } },
{ "type": "Feature", "properties": { "id": 2844, "left": 95000.0, "top": -5000.0, "right": 100000.0, "bottom": 0.0, "row_index": 48, "col_index": 43 }, "geometry": { "type": "Point", "coordinates": [ 6.2501292, 51.4466468 ] } },
{ "type": "Feature", "properties": { "id": 2845, "left": 95000.0, "top": -10000.0, "right": 100000.0, "bottom": -5000.0, "row_index": 49, "col_index": 43 }, "geometry": { "type": "Point", "coordinates": [ 6.248788, 51.4017115 ] } },
{ "type": "Feature", "properties": { "id": 2846, "left": 95000.0, "top": -15000.0, "right": 100000.0, "bottom": -10000.0, "row_index": 50, "col_index": 43 }, "geometry": { "type": "Point", "coordinates": [ 6.2474502, 51.3567758 ] } },
{ "type": "Feature", "properties": { "id": 2847, "left": 95000.0, "top": -20000.0, "right": 100000.0, "bottom": -15000.0, "row_index": 51, "col_index": 43 }, "geometry": { "type": "Point", "coordinates": [ 6.2461159, 51.3118397 ] } },
{ "type": "Feature", "properties": { "id": 2848, "left": 95000.0, "top": -25000.0, "right": 100000.0, "bottom": -20000.0, "row_index": 52, "col_index": 43 }, "geometry": { "type": "Point", "coordinates": [ 6.2447851, 51.2669033 ] } },
{ "type": "Feature", "properties": { "id": 2849, "left": 95000.0, "top": -30000.0, "right": 100000.0, "bottom": -25000.0, "row_index": 53, "col_index": 43 }, "geometry": { "type": "Point", "coordinates": [ 6.2434576, 51.2219665 ] } },
{ "type": "Feature", "properties": { "id": 2850, "left": 95000.0, "top": -35000.0, "right": 100000.0, "bottom": -30000.0, "row_index": 54, "col_index": 43 }, "geometry": { "type": "Point", "coordinates": [ 6.2421336, 51.1770293 ] } },
{ "type": "Feature", "properties": { "id": 2851, "left": 95000.0, "top": -40000.0, "right": 100000.0, "bottom": -35000.0, "row_index": 55, "col_index": 43 }, "geometry": { "type": "Point", "coordinates": [ 6.240813, 51.1320918 ] } },
{ "type": "Feature", "properties": { "id": 2852, "left": 95000.0, "top": -45000.0, "right": 100000.0, "bottom": -40000.0, "row_index": 56, "col_index": 43 }, "geometry": { "type": "Point", "coordinates": [ 6.2394958, 51.087154 ] } },
{ "type": "Feature", "properties": { "id": 2853, "left": 95000.0, "top": -50000.0, "right": 100000.0, "bottom": -45000.0, "row_index": 57, "col_index": 43 }, "geometry": { "type": "Point", "coordinates": [ 6.238182, 51.0422157 ] } },
{ "type": "Feature", "properties": { "id": 2854, "left": 95000.0, "top": -55000.0, "right": 100000.0, "bottom": -50000.0, "row_index": 58, "col_index": 43 }, "geometry": { "type": "Point", "coordinates": [ 6.2368715, 50.9972771 ] } },
{ "type": "Feature", "properties": { "id": 2855, "left": 95000.0, "top": -60000.0, "right": 100000.0, "bottom": -55000.0, "row_index": 59, "col_index": 43 }, "geometry": { "type": "Point", "coordinates": [ 6.2355644, 50.9523382 ] } },
{ "type": "Feature", "properties": { "id": 2856, "left": 95000.0, "top": -65000.0, "right": 100000.0, "bottom": -60000.0, "row_index": 60, "col_index": 43 }, "geometry": { "type": "Point", "coordinates": [ 6.2342606, 50.9073988 ] } },
{ "type": "Feature", "properties": { "id": 2857, "left": 95000.0, "top": -70000.0, "right": 100000.0, "bottom": -65000.0, "row_index": 61, "col_index": 43 }, "geometry": { "type": "Point", "coordinates": [ 6.2329602, 50.8624592 ] } },
{ "type": "Feature", "properties": { "id": 2858, "left": 95000.0, "top": -75000.0, "right": 100000.0, "bottom": -70000.0, "row_index": 62, "col_index": 43 }, "geometry": { "type": "Point", "coordinates": [ 6.2316631, 50.8175191 ] } },
{ "type": "Feature", "properties": { "id": 2859, "left": 95000.0, "top": -80000.0, "right": 100000.0, "bottom": -75000.0, "row_index": 63, "col_index": 43 }, "geometry": { "type": "Point", "coordinates": [ 6.2303693, 50.7725787 ] } },
{ "type": "Feature", "properties": { "id": 2860, "left": 95000.0, "top": -85000.0, "right": 100000.0, "bottom": -80000.0, "row_index": 64, "col_index": 43 }, "geometry": { "type": "Point", "coordinates": [ 6.2290789, 50.7276379 ] } },
{ "type": "Feature", "properties": { "id": 2861, "left": 100000.0, "top": 235000.0, "right": 105000.0, "bottom": 240000.0, "row_index": 0, "col_index": 44 }, "geometry": { "type": "Point", "coordinates": [ 6.3943426, 53.6022158 ] } },
{ "type": "Feature", "properties": { "id": 2862, "left": 100000.0, "top": 230000.0, "right": 105000.0, "bottom": 235000.0, "row_index": 1, "col_index": 44 }, "geometry": { "type": "Point", "coordinates": [ 6.3927402, 53.5572986 ] } },
{ "type": "Feature", "properties": { "id": 2863, "left": 100000.0, "top": 225000.0, "right": 105000.0, "bottom": 230000.0, "row_index": 2, "col_index": 44 }, "geometry": { "type": "Point", "coordinates": [ 6.3911421, 53.512381 ] } },
{ "type": "Feature", "properties": { "id": 2864, "left": 100000.0, "top": 220000.0, "right": 105000.0, "bottom": 225000.0, "row_index": 3, "col_index": 44 }, "geometry": { "type": "Point", "coordinates": [ 6.3895483, 53.4674631 ] } },
{ "type": "Feature", "properties": { "id": 2865, "left": 100000.0, "top": 215000.0, "right": 105000.0, "bottom": 220000.0, "row_index": 4, "col_index": 44 }, "geometry": { "type": "Point", "coordinates": [ 6.3879588, 53.4225449 ] } },
{ "type": "Feature", "properties": { "id": 2866, "left": 100000.0, "top": 210000.0, "right": 105000.0, "bottom": 215000.0, "row_index": 5, "col_index": 44 }, "geometry": { "type": "Point", "coordinates": [ 6.3863736, 53.3776263 ] } },
{ "type": "Feature", "properties": { "id": 2867, "left": 100000.0, "top": 205000.0, "right": 105000.0, "bottom": 210000.0, "row_index": 6, "col_index": 44 }, "geometry": { "type": "Point", "coordinates": [ 6.3847926, 53.3327073 ] } },
{ "type": "Feature", "properties": { "id": 2868, "left": 100000.0, "top": 200000.0, "right": 105000.0, "bottom": 205000.0, "row_index": 7, "col_index": 44 }, "geometry": { "type": "Point", "coordinates": [ 6.3832158, 53.287788 ] } },
{ "type": "Feature", "properties": { "id": 2869, "left": 100000.0, "top": 195000.0, "right": 105000.0, "bottom": 200000.0, "row_index": 8, "col_index": 44 }, "geometry": { "type": "Point", "coordinates": [ 6.3816433, 53.2428683 ] } },
{ "type": "Feature", "properties": { "id": 2870, "left": 100000.0, "top": 190000.0, "right": 105000.0, "bottom": 195000.0, "row_index": 9, "col_index": 44 }, "geometry": { "type": "Point", "coordinates": [ 6.380075, 53.1979482 ] } },
{ "type": "Feature", "properties": { "id": 2871, "left": 100000.0, "top": 185000.0, "right": 105000.0, "bottom": 190000.0, "row_index": 10, "col_index": 44 }, "geometry": { "type": "Point", "coordinates": [ 6.3785108, 53.1530278 ] } },
{ "type": "Feature", "properties": { "id": 2872, "left": 100000.0, "top": 180000.0, "right": 105000.0, "bottom": 185000.0, "row_index": 11, "col_index": 44 }, "geometry": { "type": "Point", "coordinates": [ 6.3769509, 53.108107 ] } },
{ "type": "Feature", "properties": { "id": 2873, "left": 100000.0, "top": 175000.0, "right": 105000.0, "bottom": 180000.0, "row_index": 12, "col_index": 44 }, "geometry": { "type": "Point", "coordinates": [ 6.3753951, 53.0631859 ] } },
{ "type": "Feature", "properties": { "id": 2874, "left": 100000.0, "top": 170000.0, "right": 105000.0, "bottom": 175000.0, "row_index": 13, "col_index": 44 }, "geometry": { "type": "Point", "coordinates": [ 6.3738435, 53.0182644 ] } },
{ "type": "Feature", "properties": { "id": 2875, "left": 100000.0, "top": 165000.0, "right": 105000.0, "bottom": 170000.0, "row_index": 14, "col_index": 44 }, "geometry": { "type": "Point", "coordinates": [ 6.3722959, 52.9733426 ] } },
{ "type": "Feature", "properties": { "id": 2876, "left": 100000.0, "top": 160000.0, "right": 105000.0, "bottom": 165000.0, "row_index": 15, "col_index": 44 }, "geometry": { "type": "Point", "coordinates": [ 6.3707526, 52.9284204 ] } },
{ "type": "Feature", "properties": { "id": 2877, "left": 100000.0, "top": 155000.0, "right": 105000.0, "bottom": 160000.0, "row_index": 16, "col_index": 44 }, "geometry": { "type": "Point", "coordinates": [ 6.3692133, 52.8834978 ] } },
{ "type": "Feature", "properties": { "id": 2878, "left": 100000.0, "top": 150000.0, "right": 105000.0, "bottom": 155000.0, "row_index": 17, "col_index": 44 }, "geometry": { "type": "Point", "coordinates": [ 6.3676781, 52.8385749 ] } },
{ "type": "Feature", "properties": { "id": 2879, "left": 100000.0, "top": 145000.0, "right": 105000.0, "bottom": 150000.0, "row_index": 18, "col_index": 44 }, "geometry": { "type": "Point", "coordinates": [ 6.3661469, 52.7936516 ] } },
{ "type": "Feature", "properties": { "id": 2880, "left": 100000.0, "top": 140000.0, "right": 105000.0, "bottom": 145000.0, "row_index": 19, "col_index": 44 }, "geometry": { "type": "Point", "coordinates": [ 6.3646199, 52.7487279 ] } },
{ "type": "Feature", "properties": { "id": 2881, "left": 100000.0, "top": 135000.0, "right": 105000.0, "bottom": 140000.0, "row_index": 20, "col_index": 44 }, "geometry": { "type": "Point", "coordinates": [ 6.3630969, 52.7038039 ] } },
{ "type": "Feature", "properties": { "id": 2882, "left": 100000.0, "top": 130000.0, "right": 105000.0, "bottom": 135000.0, "row_index": 21, "col_index": 44 }, "geometry": { "type": "Point", "coordinates": [ 6.3615779, 52.6588795 ] } },
{ "type": "Feature", "properties": { "id": 2883, "left": 100000.0, "top": 125000.0, "right": 105000.0, "bottom": 130000.0, "row_index": 22, "col_index": 44 }, "geometry": { "type": "Point", "coordinates": [ 6.3600629, 52.6139548 ] } },
{ "type": "Feature", "properties": { "id": 2884, "left": 100000.0, "top": 120000.0, "right": 105000.0, "bottom": 125000.0, "row_index": 23, "col_index": 44 }, "geometry": { "type": "Point", "coordinates": [ 6.3585519, 52.5690297 ] } },
{ "type": "Feature", "properties": { "id": 2885, "left": 100000.0, "top": 115000.0, "right": 105000.0, "bottom": 120000.0, "row_index": 24, "col_index": 44 }, "geometry": { "type": "Point", "coordinates": [ 6.3570449, 52.5241043 ] } },
{ "type": "Feature", "properties": { "id": 2886, "left": 100000.0, "top": 110000.0, "right": 105000.0, "bottom": 115000.0, "row_index": 25, "col_index": 44 }, "geometry": { "type": "Point", "coordinates": [ 6.3555419, 52.4791784 ] } },
{ "type": "Feature", "properties": { "id": 2887, "left": 100000.0, "top": 105000.0, "right": 105000.0, "bottom": 110000.0, "row_index": 26, "col_index": 44 }, "geometry": { "type": "Point", "coordinates": [ 6.3540429, 52.4342523 ] } },
{ "type": "Feature", "properties": { "id": 2888, "left": 100000.0, "top": 100000.0, "right": 105000.0, "bottom": 105000.0, "row_index": 27, "col_index": 44 }, "geometry": { "type": "Point", "coordinates": [ 6.3525478, 52.3893257 ] } },
{ "type": "Feature", "properties": { "id": 2889, "left": 100000.0, "top": 95000.0, "right": 105000.0, "bottom": 100000.0, "row_index": 28, "col_index": 44 }, "geometry": { "type": "Point", "coordinates": [ 6.3510566, 52.3443988 ] } },
{ "type": "Feature", "properties": { "id": 2890, "left": 100000.0, "top": 90000.0, "right": 105000.0, "bottom": 95000.0, "row_index": 29, "col_index": 44 }, "geometry": { "type": "Point", "coordinates": [ 6.3495694, 52.2994716 ] } },
{ "type": "Feature", "properties": { "id": 2891, "left": 100000.0, "top": 85000.0, "right": 105000.0, "bottom": 90000.0, "row_index": 30, "col_index": 44 }, "geometry": { "type": "Point", "coordinates": [ 6.348086, 52.254544 ] } },
{ "type": "Feature", "properties": { "id": 2892, "left": 100000.0, "top": 80000.0, "right": 105000.0, "bottom": 85000.0, "row_index": 31, "col_index": 44 }, "geometry": { "type": "Point", "coordinates": [ 6.3466066, 52.209616 ] } },
{ "type": "Feature", "properties": { "id": 2893, "left": 100000.0, "top": 75000.0, "right": 105000.0, "bottom": 80000.0, "row_index": 32, "col_index": 44 }, "geometry": { "type": "Point", "coordinates": [ 6.345131, 52.1646876 ] } },
{ "type": "Feature", "properties": { "id": 2894, "left": 100000.0, "top": 70000.0, "right": 105000.0, "bottom": 75000.0, "row_index": 33, "col_index": 44 }, "geometry": { "type": "Point", "coordinates": [ 6.3436593, 52.1197589 ] } },
{ "type": "Feature", "properties": { "id": 2895, "left": 100000.0, "top": 65000.0, "right": 105000.0, "bottom": 70000.0, "row_index": 34, "col_index": 44 }, "geometry": { "type": "Point", "coordinates": [ 6.3421915, 52.0748299 ] } },
{ "type": "Feature", "properties": { "id": 2896, "left": 100000.0, "top": 60000.0, "right": 105000.0, "bottom": 65000.0, "row_index": 35, "col_index": 44 }, "geometry": { "type": "Point", "coordinates": [ 6.3407274, 52.0299004 ] } },
{ "type": "Feature", "properties": { "id": 2897, "left": 100000.0, "top": 55000.0, "right": 105000.0, "bottom": 60000.0, "row_index": 36, "col_index": 44 }, "geometry": { "type": "Point", "coordinates": [ 6.3392673, 51.9849707 ] } },
{ "type": "Feature", "properties": { "id": 2898, "left": 100000.0, "top": 50000.0, "right": 105000.0, "bottom": 55000.0, "row_index": 37, "col_index": 44 }, "geometry": { "type": "Point", "coordinates": [ 6.3378109, 51.9400405 ] } },
{ "type": "Feature", "properties": { "id": 2899, "left": 100000.0, "top": 45000.0, "right": 105000.0, "bottom": 50000.0, "row_index": 38, "col_index": 44 }, "geometry": { "type": "Point", "coordinates": [ 6.3363583, 51.89511 ] } },
{ "type": "Feature", "properties": { "id": 2900, "left": 100000.0, "top": 40000.0, "right": 105000.0, "bottom": 45000.0, "row_index": 39, "col_index": 44 }, "geometry": { "type": "Point", "coordinates": [ 6.3349095, 51.8501791 ] } },
{ "type": "Feature", "properties": { "id": 2901, "left": 100000.0, "top": 35000.0, "right": 105000.0, "bottom": 40000.0, "row_index": 40, "col_index": 44 }, "geometry": { "type": "Point", "coordinates": [ 6.3334645, 51.8052479 ] } },
{ "type": "Feature", "properties": { "id": 2902, "left": 100000.0, "top": 30000.0, "right": 105000.0, "bottom": 35000.0, "row_index": 41, "col_index": 44 }, "geometry": { "type": "Point", "coordinates": [ 6.3320232, 51.7603163 ] } },
{ "type": "Feature", "properties": { "id": 2903, "left": 100000.0, "top": 25000.0, "right": 105000.0, "bottom": 30000.0, "row_index": 42, "col_index": 44 }, "geometry": { "type": "Point", "coordinates": [ 6.3305857, 51.7153843 ] } },
{ "type": "Feature", "properties": { "id": 2904, "left": 100000.0, "top": 20000.0, "right": 105000.0, "bottom": 25000.0, "row_index": 43, "col_index": 44 }, "geometry": { "type": "Point", "coordinates": [ 6.3291519, 51.670452 ] } },
{ "type": "Feature", "properties": { "id": 2905, "left": 100000.0, "top": 15000.0, "right": 105000.0, "bottom": 20000.0, "row_index": 44, "col_index": 44 }, "geometry": { "type": "Point", "coordinates": [ 6.3277218, 51.6255193 ] } },
{ "type": "Feature", "properties": { "id": 2906, "left": 100000.0, "top": 10000.0, "right": 105000.0, "bottom": 15000.0, "row_index": 45, "col_index": 44 }, "geometry": { "type": "Point", "coordinates": [ 6.3262955, 51.5805863 ] } },
{ "type": "Feature", "properties": { "id": 2907, "left": 100000.0, "top": 5000.0, "right": 105000.0, "bottom": 10000.0, "row_index": 46, "col_index": 44 }, "geometry": { "type": "Point", "coordinates": [ 6.3248728, 51.5356528 ] } },
{ "type": "Feature", "properties": { "id": 2908, "left": 100000.0, "top": 0.0, "right": 105000.0, "bottom": 5000.0, "row_index": 47, "col_index": 44 }, "geometry": { "type": "Point", "coordinates": [ 6.3234538, 51.4907191 ] } },
{ "type": "Feature", "properties": { "id": 2909, "left": 100000.0, "top": -5000.0, "right": 105000.0, "bottom": 0.0, "row_index": 48, "col_index": 44 }, "geometry": { "type": "Point", "coordinates": [ 6.3220385, 51.4457849 ] } },
{ "type": "Feature", "properties": { "id": 2910, "left": 100000.0, "top": -10000.0, "right": 105000.0, "bottom": -5000.0, "row_index": 49, "col_index": 44 }, "geometry": { "type": "Point", "coordinates": [ 6.3206269, 51.4008504 ] } },
{ "type": "Feature", "properties": { "id": 2911, "left": 100000.0, "top": -15000.0, "right": 105000.0, "bottom": -10000.0, "row_index": 50, "col_index": 44 }, "geometry": { "type": "Point", "coordinates": [ 6.3192189, 51.3559156 ] } },
{ "type": "Feature", "properties": { "id": 2912, "left": 100000.0, "top": -20000.0, "right": 105000.0, "bottom": -15000.0, "row_index": 51, "col_index": 44 }, "geometry": { "type": "Point", "coordinates": [ 6.3178145, 51.3109803 ] } },
{ "type": "Feature", "properties": { "id": 2913, "left": 100000.0, "top": -25000.0, "right": 105000.0, "bottom": -20000.0, "row_index": 52, "col_index": 44 }, "geometry": { "type": "Point", "coordinates": [ 6.3164137, 51.2660448 ] } },
{ "type": "Feature", "properties": { "id": 2914, "left": 100000.0, "top": -30000.0, "right": 105000.0, "bottom": -25000.0, "row_index": 53, "col_index": 44 }, "geometry": { "type": "Point", "coordinates": [ 6.3150166, 51.2211088 ] } },
{ "type": "Feature", "properties": { "id": 2915, "left": 100000.0, "top": -35000.0, "right": 105000.0, "bottom": -30000.0, "row_index": 54, "col_index": 44 }, "geometry": { "type": "Point", "coordinates": [ 6.313623, 51.1761725 ] } },
{ "type": "Feature", "properties": { "id": 2916, "left": 100000.0, "top": -40000.0, "right": 105000.0, "bottom": -35000.0, "row_index": 55, "col_index": 44 }, "geometry": { "type": "Point", "coordinates": [ 6.312233, 51.1312358 ] } },
{ "type": "Feature", "properties": { "id": 2917, "left": 100000.0, "top": -45000.0, "right": 105000.0, "bottom": -40000.0, "row_index": 56, "col_index": 44 }, "geometry": { "type": "Point", "coordinates": [ 6.3108466, 51.0862988 ] } },
{ "type": "Feature", "properties": { "id": 2918, "left": 100000.0, "top": -50000.0, "right": 105000.0, "bottom": -45000.0, "row_index": 57, "col_index": 44 }, "geometry": { "type": "Point", "coordinates": [ 6.3094638, 51.0413614 ] } },
{ "type": "Feature", "properties": { "id": 2919, "left": 100000.0, "top": -55000.0, "right": 105000.0, "bottom": -50000.0, "row_index": 58, "col_index": 44 }, "geometry": { "type": "Point", "coordinates": [ 6.3080845, 50.9964236 ] } },
{ "type": "Feature", "properties": { "id": 2920, "left": 100000.0, "top": -60000.0, "right": 105000.0, "bottom": -55000.0, "row_index": 59, "col_index": 44 }, "geometry": { "type": "Point", "coordinates": [ 6.3067088, 50.9514854 ] } },
{ "type": "Feature", "properties": { "id": 2921, "left": 100000.0, "top": -65000.0, "right": 105000.0, "bottom": -60000.0, "row_index": 60, "col_index": 44 }, "geometry": { "type": "Point", "coordinates": [ 6.3053365, 50.9065469 ] } },
{ "type": "Feature", "properties": { "id": 2922, "left": 100000.0, "top": -70000.0, "right": 105000.0, "bottom": -65000.0, "row_index": 61, "col_index": 44 }, "geometry": { "type": "Point", "coordinates": [ 6.3039678, 50.8616081 ] } },
{ "type": "Feature", "properties": { "id": 2923, "left": 100000.0, "top": -75000.0, "right": 105000.0, "bottom": -70000.0, "row_index": 62, "col_index": 44 }, "geometry": { "type": "Point", "coordinates": [ 6.3026026, 50.8166689 ] } },
{ "type": "Feature", "properties": { "id": 2924, "left": 100000.0, "top": -80000.0, "right": 105000.0, "bottom": -75000.0, "row_index": 63, "col_index": 44 }, "geometry": { "type": "Point", "coordinates": [ 6.3012408, 50.7717293 ] } },
{ "type": "Feature", "properties": { "id": 2925, "left": 100000.0, "top": -85000.0, "right": 105000.0, "bottom": -80000.0, "row_index": 64, "col_index": 44 }, "geometry": { "type": "Point", "coordinates": [ 6.2998826, 50.7267893 ] } },
{ "type": "Feature", "properties": { "id": 2926, "left": 105000.0, "top": 235000.0, "right": 110000.0, "bottom": 240000.0, "row_index": 0, "col_index": 45 }, "geometry": { "type": "Point", "coordinates": [ 6.4698567, 53.6012653 ] } },
{ "type": "Feature", "properties": { "id": 2927, "left": 105000.0, "top": 230000.0, "right": 110000.0, "bottom": 235000.0, "row_index": 1, "col_index": 45 }, "geometry": { "type": "Point", "coordinates": [ 6.4681743, 53.5563491 ] } },
{ "type": "Feature", "properties": { "id": 2928, "left": 105000.0, "top": 225000.0, "right": 110000.0, "bottom": 230000.0, "row_index": 2, "col_index": 45 }, "geometry": { "type": "Point", "coordinates": [ 6.4664965, 53.5114325 ] } },
{ "type": "Feature", "properties": { "id": 2929, "left": 105000.0, "top": 220000.0, "right": 110000.0, "bottom": 225000.0, "row_index": 3, "col_index": 45 }, "geometry": { "type": "Point", "coordinates": [ 6.4648232, 53.4665156 ] } },
{ "type": "Feature", "properties": { "id": 2930, "left": 105000.0, "top": 215000.0, "right": 110000.0, "bottom": 220000.0, "row_index": 4, "col_index": 45 }, "geometry": { "type": "Point", "coordinates": [ 6.4631543, 53.4215983 ] } },
{ "type": "Feature", "properties": { "id": 2931, "left": 105000.0, "top": 210000.0, "right": 110000.0, "bottom": 215000.0, "row_index": 5, "col_index": 45 }, "geometry": { "type": "Point", "coordinates": [ 6.46149, 53.3766806 ] } },
{ "type": "Feature", "properties": { "id": 2932, "left": 105000.0, "top": 205000.0, "right": 110000.0, "bottom": 210000.0, "row_index": 6, "col_index": 45 }, "geometry": { "type": "Point", "coordinates": [ 6.4598301, 53.3317626 ] } },
{ "type": "Feature", "properties": { "id": 2933, "left": 105000.0, "top": 200000.0, "right": 110000.0, "bottom": 205000.0, "row_index": 7, "col_index": 45 }, "geometry": { "type": "Point", "coordinates": [ 6.4581747, 53.2868443 ] } },
{ "type": "Feature", "properties": { "id": 2934, "left": 105000.0, "top": 195000.0, "right": 110000.0, "bottom": 200000.0, "row_index": 8, "col_index": 45 }, "geometry": { "type": "Point", "coordinates": [ 6.4565237, 53.2419255 ] } },
{ "type": "Feature", "properties": { "id": 2935, "left": 105000.0, "top": 190000.0, "right": 110000.0, "bottom": 195000.0, "row_index": 9, "col_index": 45 }, "geometry": { "type": "Point", "coordinates": [ 6.4548772, 53.1970064 ] } },
{ "type": "Feature", "properties": { "id": 2936, "left": 105000.0, "top": 185000.0, "right": 110000.0, "bottom": 190000.0, "row_index": 10, "col_index": 45 }, "geometry": { "type": "Point", "coordinates": [ 6.453235, 53.152087 ] } },
{ "type": "Feature", "properties": { "id": 2937, "left": 105000.0, "top": 180000.0, "right": 110000.0, "bottom": 185000.0, "row_index": 11, "col_index": 45 }, "geometry": { "type": "Point", "coordinates": [ 6.4515972, 53.1071671 ] } },
{ "type": "Feature", "properties": { "id": 2938, "left": 105000.0, "top": 175000.0, "right": 110000.0, "bottom": 180000.0, "row_index": 12, "col_index": 45 }, "geometry": { "type": "Point", "coordinates": [ 6.4499638, 53.062247 ] } },
{ "type": "Feature", "properties": { "id": 2939, "left": 105000.0, "top": 170000.0, "right": 110000.0, "bottom": 175000.0, "row_index": 13, "col_index": 45 }, "geometry": { "type": "Point", "coordinates": [ 6.4483348, 53.0173264 ] } },
{ "type": "Feature", "properties": { "id": 2940, "left": 105000.0, "top": 165000.0, "right": 110000.0, "bottom": 170000.0, "row_index": 14, "col_index": 45 }, "geometry": { "type": "Point", "coordinates": [ 6.44671, 52.9724055 ] } },
{ "type": "Feature", "properties": { "id": 2941, "left": 105000.0, "top": 160000.0, "right": 110000.0, "bottom": 165000.0, "row_index": 15, "col_index": 45 }, "geometry": { "type": "Point", "coordinates": [ 6.4450896, 52.9274843 ] } },
{ "type": "Feature", "properties": { "id": 2942, "left": 105000.0, "top": 155000.0, "right": 110000.0, "bottom": 160000.0, "row_index": 16, "col_index": 45 }, "geometry": { "type": "Point", "coordinates": [ 6.4434736, 52.8825626 ] } },
{ "type": "Feature", "properties": { "id": 2943, "left": 105000.0, "top": 150000.0, "right": 110000.0, "bottom": 155000.0, "row_index": 17, "col_index": 45 }, "geometry": { "type": "Point", "coordinates": [ 6.4418618, 52.8376406 ] } },
{ "type": "Feature", "properties": { "id": 2944, "left": 105000.0, "top": 145000.0, "right": 110000.0, "bottom": 150000.0, "row_index": 18, "col_index": 45 }, "geometry": { "type": "Point", "coordinates": [ 6.4402542, 52.7927183 ] } },
{ "type": "Feature", "properties": { "id": 2945, "left": 105000.0, "top": 140000.0, "right": 110000.0, "bottom": 145000.0, "row_index": 19, "col_index": 45 }, "geometry": { "type": "Point", "coordinates": [ 6.438651, 52.7477956 ] } },
{ "type": "Feature", "properties": { "id": 2946, "left": 105000.0, "top": 135000.0, "right": 110000.0, "bottom": 140000.0, "row_index": 20, "col_index": 45 }, "geometry": { "type": "Point", "coordinates": [ 6.437052, 52.7028725 ] } },
{ "type": "Feature", "properties": { "id": 2947, "left": 105000.0, "top": 130000.0, "right": 110000.0, "bottom": 135000.0, "row_index": 21, "col_index": 45 }, "geometry": { "type": "Point", "coordinates": [ 6.4354572, 52.6579491 ] } },
{ "type": "Feature", "properties": { "id": 2948, "left": 105000.0, "top": 125000.0, "right": 110000.0, "bottom": 130000.0, "row_index": 22, "col_index": 45 }, "geometry": { "type": "Point", "coordinates": [ 6.4338666, 52.6130253 ] } },
{ "type": "Feature", "properties": { "id": 2949, "left": 105000.0, "top": 120000.0, "right": 110000.0, "bottom": 125000.0, "row_index": 23, "col_index": 45 }, "geometry": { "type": "Point", "coordinates": [ 6.4322803, 52.5681011 ] } },
{ "type": "Feature", "properties": { "id": 2950, "left": 105000.0, "top": 115000.0, "right": 110000.0, "bottom": 120000.0, "row_index": 24, "col_index": 45 }, "geometry": { "type": "Point", "coordinates": [ 6.4306981, 52.5231766 ] } },
{ "type": "Feature", "properties": { "id": 2951, "left": 105000.0, "top": 110000.0, "right": 110000.0, "bottom": 115000.0, "row_index": 25, "col_index": 45 }, "geometry": { "type": "Point", "coordinates": [ 6.4291201, 52.4782517 ] } },
{ "type": "Feature", "properties": { "id": 2952, "left": 105000.0, "top": 105000.0, "right": 110000.0, "bottom": 110000.0, "row_index": 26, "col_index": 45 }, "geometry": { "type": "Point", "coordinates": [ 6.4275463, 52.4333264 ] } },
{ "type": "Feature", "properties": { "id": 2953, "left": 105000.0, "top": 100000.0, "right": 110000.0, "bottom": 105000.0, "row_index": 27, "col_index": 45 }, "geometry": { "type": "Point", "coordinates": [ 6.4259766, 52.3884008 ] } },
{ "type": "Feature", "properties": { "id": 2954, "left": 105000.0, "top": 95000.0, "right": 110000.0, "bottom": 100000.0, "row_index": 28, "col_index": 45 }, "geometry": { "type": "Point", "coordinates": [ 6.424411, 52.3434748 ] } },
{ "type": "Feature", "properties": { "id": 2955, "left": 105000.0, "top": 90000.0, "right": 110000.0, "bottom": 95000.0, "row_index": 29, "col_index": 45 }, "geometry": { "type": "Point", "coordinates": [ 6.4228496, 52.2985485 ] } },
{ "type": "Feature", "properties": { "id": 2956, "left": 105000.0, "top": 85000.0, "right": 110000.0, "bottom": 90000.0, "row_index": 30, "col_index": 45 }, "geometry": { "type": "Point", "coordinates": [ 6.4212922, 52.2536218 ] } },
{ "type": "Feature", "properties": { "id": 2957, "left": 105000.0, "top": 80000.0, "right": 110000.0, "bottom": 85000.0, "row_index": 31, "col_index": 45 }, "geometry": { "type": "Point", "coordinates": [ 6.419739, 52.2086947 ] } },
{ "type": "Feature", "properties": { "id": 2958, "left": 105000.0, "top": 75000.0, "right": 110000.0, "bottom": 80000.0, "row_index": 32, "col_index": 45 }, "geometry": { "type": "Point", "coordinates": [ 6.4181898, 52.1637673 ] } },
{ "type": "Feature", "properties": { "id": 2959, "left": 105000.0, "top": 70000.0, "right": 110000.0, "bottom": 75000.0, "row_index": 33, "col_index": 45 }, "geometry": { "type": "Point", "coordinates": [ 6.4166446, 52.1188395 ] } },
{ "type": "Feature", "properties": { "id": 2960, "left": 105000.0, "top": 65000.0, "right": 110000.0, "bottom": 70000.0, "row_index": 34, "col_index": 45 }, "geometry": { "type": "Point", "coordinates": [ 6.4151036, 52.0739114 ] } },
{ "type": "Feature", "properties": { "id": 2961, "left": 105000.0, "top": 60000.0, "right": 110000.0, "bottom": 65000.0, "row_index": 35, "col_index": 45 }, "geometry": { "type": "Point", "coordinates": [ 6.4135665, 52.0289828 ] } },
{ "type": "Feature", "properties": { "id": 2962, "left": 105000.0, "top": 55000.0, "right": 110000.0, "bottom": 60000.0, "row_index": 36, "col_index": 45 }, "geometry": { "type": "Point", "coordinates": [ 6.4120335, 51.9840539 ] } },
{ "type": "Feature", "properties": { "id": 2963, "left": 105000.0, "top": 50000.0, "right": 110000.0, "bottom": 55000.0, "row_index": 37, "col_index": 45 }, "geometry": { "type": "Point", "coordinates": [ 6.4105044, 51.9391247 ] } },
{ "type": "Feature", "properties": { "id": 2964, "left": 105000.0, "top": 45000.0, "right": 110000.0, "bottom": 50000.0, "row_index": 38, "col_index": 45 }, "geometry": { "type": "Point", "coordinates": [ 6.4089793, 51.8941951 ] } },
{ "type": "Feature", "properties": { "id": 2965, "left": 105000.0, "top": 40000.0, "right": 110000.0, "bottom": 45000.0, "row_index": 39, "col_index": 45 }, "geometry": { "type": "Point", "coordinates": [ 6.4074583, 51.8492651 ] } },
{ "type": "Feature", "properties": { "id": 2966, "left": 105000.0, "top": 35000.0, "right": 110000.0, "bottom": 40000.0, "row_index": 40, "col_index": 45 }, "geometry": { "type": "Point", "coordinates": [ 6.4059411, 51.8043348 ] } },
{ "type": "Feature", "properties": { "id": 2967, "left": 105000.0, "top": 30000.0, "right": 110000.0, "bottom": 35000.0, "row_index": 41, "col_index": 45 }, "geometry": { "type": "Point", "coordinates": [ 6.404428, 51.7594041 ] } },
{ "type": "Feature", "properties": { "id": 2968, "left": 105000.0, "top": 25000.0, "right": 110000.0, "bottom": 30000.0, "row_index": 42, "col_index": 45 }, "geometry": { "type": "Point", "coordinates": [ 6.4029187, 51.714473 ] } },
{ "type": "Feature", "properties": { "id": 2969, "left": 105000.0, "top": 20000.0, "right": 110000.0, "bottom": 25000.0, "row_index": 43, "col_index": 45 }, "geometry": { "type": "Point", "coordinates": [ 6.4014134, 51.6695416 ] } },
{ "type": "Feature", "properties": { "id": 2970, "left": 105000.0, "top": 15000.0, "right": 110000.0, "bottom": 20000.0, "row_index": 44, "col_index": 45 }, "geometry": { "type": "Point", "coordinates": [ 6.399912, 51.6246098 ] } },
{ "type": "Feature", "properties": { "id": 2971, "left": 105000.0, "top": 10000.0, "right": 110000.0, "bottom": 15000.0, "row_index": 45, "col_index": 45 }, "geometry": { "type": "Point", "coordinates": [ 6.3984145, 51.5796776 ] } },
{ "type": "Feature", "properties": { "id": 2972, "left": 105000.0, "top": 5000.0, "right": 110000.0, "bottom": 10000.0, "row_index": 46, "col_index": 45 }, "geometry": { "type": "Point", "coordinates": [ 6.3969208, 51.5347451 ] } },
{ "type": "Feature", "properties": { "id": 2973, "left": 105000.0, "top": 0.0, "right": 110000.0, "bottom": 5000.0, "row_index": 47, "col_index": 45 }, "geometry": { "type": "Point", "coordinates": [ 6.395431, 51.4898122 ] } },
{ "type": "Feature", "properties": { "id": 2974, "left": 105000.0, "top": -5000.0, "right": 110000.0, "bottom": 0.0, "row_index": 48, "col_index": 45 }, "geometry": { "type": "Point", "coordinates": [ 6.3939451, 51.4448789 ] } },
{ "type": "Feature", "properties": { "id": 2975, "left": 105000.0, "top": -10000.0, "right": 110000.0, "bottom": -5000.0, "row_index": 49, "col_index": 45 }, "geometry": { "type": "Point", "coordinates": [ 6.392463, 51.3999453 ] } },
{ "type": "Feature", "properties": { "id": 2976, "left": 105000.0, "top": -15000.0, "right": 110000.0, "bottom": -10000.0, "row_index": 50, "col_index": 45 }, "geometry": { "type": "Point", "coordinates": [ 6.3909847, 51.3550113 ] } },
{ "type": "Feature", "properties": { "id": 2977, "left": 105000.0, "top": -20000.0, "right": 110000.0, "bottom": -15000.0, "row_index": 51, "col_index": 45 }, "geometry": { "type": "Point", "coordinates": [ 6.3895103, 51.310077 ] } },
{ "type": "Feature", "properties": { "id": 2978, "left": 105000.0, "top": -25000.0, "right": 110000.0, "bottom": -20000.0, "row_index": 52, "col_index": 45 }, "geometry": { "type": "Point", "coordinates": [ 6.3880396, 51.2651423 ] } },
{ "type": "Feature", "properties": { "id": 2979, "left": 105000.0, "top": -30000.0, "right": 110000.0, "bottom": -25000.0, "row_index": 53, "col_index": 45 }, "geometry": { "type": "Point", "coordinates": [ 6.3865728, 51.2202072 ] } },
{ "type": "Feature", "properties": { "id": 2980, "left": 105000.0, "top": -35000.0, "right": 110000.0, "bottom": -30000.0, "row_index": 54, "col_index": 45 }, "geometry": { "type": "Point", "coordinates": [ 6.3851097, 51.1752718 ] } },
{ "type": "Feature", "properties": { "id": 2981, "left": 105000.0, "top": -40000.0, "right": 110000.0, "bottom": -35000.0, "row_index": 55, "col_index": 45 }, "geometry": { "type": "Point", "coordinates": [ 6.3836504, 51.1303359 ] } },
{ "type": "Feature", "properties": { "id": 2982, "left": 105000.0, "top": -45000.0, "right": 110000.0, "bottom": -40000.0, "row_index": 56, "col_index": 45 }, "geometry": { "type": "Point", "coordinates": [ 6.3821948, 51.0853998 ] } },
{ "type": "Feature", "properties": { "id": 2983, "left": 105000.0, "top": -50000.0, "right": 110000.0, "bottom": -45000.0, "row_index": 57, "col_index": 45 }, "geometry": { "type": "Point", "coordinates": [ 6.380743, 51.0404632 ] } },
{ "type": "Feature", "properties": { "id": 2984, "left": 105000.0, "top": -55000.0, "right": 110000.0, "bottom": -50000.0, "row_index": 58, "col_index": 45 }, "geometry": { "type": "Point", "coordinates": [ 6.3792948, 50.9955263 ] } },
{ "type": "Feature", "properties": { "id": 2985, "left": 105000.0, "top": -60000.0, "right": 110000.0, "bottom": -55000.0, "row_index": 59, "col_index": 45 }, "geometry": { "type": "Point", "coordinates": [ 6.3778504, 50.9505891 ] } },
{ "type": "Feature", "properties": { "id": 2986, "left": 105000.0, "top": -65000.0, "right": 110000.0, "bottom": -60000.0, "row_index": 60, "col_index": 45 }, "geometry": { "type": "Point", "coordinates": [ 6.3764097, 50.9056514 ] } },
{ "type": "Feature", "properties": { "id": 2987, "left": 105000.0, "top": -70000.0, "right": 110000.0, "bottom": -65000.0, "row_index": 61, "col_index": 45 }, "geometry": { "type": "Point", "coordinates": [ 6.3749727, 50.8607134 ] } },
{ "type": "Feature", "properties": { "id": 2988, "left": 105000.0, "top": -75000.0, "right": 110000.0, "bottom": -70000.0, "row_index": 62, "col_index": 45 }, "geometry": { "type": "Point", "coordinates": [ 6.3735394, 50.8157751 ] } },
{ "type": "Feature", "properties": { "id": 2989, "left": 105000.0, "top": -80000.0, "right": 110000.0, "bottom": -75000.0, "row_index": 63, "col_index": 45 }, "geometry": { "type": "Point", "coordinates": [ 6.3721097, 50.7708363 ] } },
{ "type": "Feature", "properties": { "id": 2990, "left": 105000.0, "top": -85000.0, "right": 110000.0, "bottom": -80000.0, "row_index": 64, "col_index": 45 }, "geometry": { "type": "Point", "coordinates": [ 6.3706837, 50.7258972 ] } },
{ "type": "Feature", "properties": { "id": 2991, "left": 110000.0, "top": 235000.0, "right": 115000.0, "bottom": 240000.0, "row_index": 0, "col_index": 46 }, "geometry": { "type": "Point", "coordinates": [ 6.5453672, 53.6002685 ] } },
{ "type": "Feature", "properties": { "id": 2992, "left": 110000.0, "top": 230000.0, "right": 115000.0, "bottom": 235000.0, "row_index": 1, "col_index": 46 }, "geometry": { "type": "Point", "coordinates": [ 6.5436049, 53.5553533 ] } },
{ "type": "Feature", "properties": { "id": 2993, "left": 110000.0, "top": 225000.0, "right": 115000.0, "bottom": 230000.0, "row_index": 2, "col_index": 46 }, "geometry": { "type": "Point", "coordinates": [ 6.5418473, 53.5104378 ] } },
{ "type": "Feature", "properties": { "id": 2994, "left": 110000.0, "top": 220000.0, "right": 115000.0, "bottom": 225000.0, "row_index": 3, "col_index": 46 }, "geometry": { "type": "Point", "coordinates": [ 6.5400945, 53.4655219 ] } },
{ "type": "Feature", "properties": { "id": 2995, "left": 110000.0, "top": 215000.0, "right": 115000.0, "bottom": 220000.0, "row_index": 4, "col_index": 46 }, "geometry": { "type": "Point", "coordinates": [ 6.5383464, 53.4206056 ] } },
{ "type": "Feature", "properties": { "id": 2996, "left": 110000.0, "top": 210000.0, "right": 115000.0, "bottom": 215000.0, "row_index": 5, "col_index": 46 }, "geometry": { "type": "Point", "coordinates": [ 6.536603, 53.375689 ] } },
{ "type": "Feature", "properties": { "id": 2997, "left": 110000.0, "top": 205000.0, "right": 115000.0, "bottom": 210000.0, "row_index": 6, "col_index": 46 }, "geometry": { "type": "Point", "coordinates": [ 6.5348643, 53.3307719 ] } },
{ "type": "Feature", "properties": { "id": 2998, "left": 110000.0, "top": 200000.0, "right": 115000.0, "bottom": 205000.0, "row_index": 7, "col_index": 46 }, "geometry": { "type": "Point", "coordinates": [ 6.5331302, 53.2858546 ] } },
{ "type": "Feature", "properties": { "id": 2999, "left": 110000.0, "top": 195000.0, "right": 115000.0, "bottom": 200000.0, "row_index": 8, "col_index": 46 }, "geometry": { "type": "Point", "coordinates": [ 6.5314008, 53.2409369 ] } },
{ "type": "Feature", "properties": { "id": 3000, "left": 110000.0, "top": 190000.0, "right": 115000.0, "bottom": 195000.0, "row_index": 9, "col_index": 46 }, "geometry": { "type": "Point", "coordinates": [ 6.529676, 53.1960188 ] } },
{ "type": "Feature", "properties": { "id": 3001, "left": 110000.0, "top": 185000.0, "right": 115000.0, "bottom": 190000.0, "row_index": 10, "col_index": 46 }, "geometry": { "type": "Point", "coordinates": [ 6.5279558, 53.1511003 ] } },
{ "type": "Feature", "properties": { "id": 3002, "left": 110000.0, "top": 180000.0, "right": 115000.0, "bottom": 185000.0, "row_index": 11, "col_index": 46 }, "geometry": { "type": "Point", "coordinates": [ 6.5262402, 53.1061815 ] } },
{ "type": "Feature", "properties": { "id": 3003, "left": 110000.0, "top": 175000.0, "right": 115000.0, "bottom": 180000.0, "row_index": 12, "col_index": 46 }, "geometry": { "type": "Point", "coordinates": [ 6.5245292, 53.0612623 ] } },
{ "type": "Feature", "properties": { "id": 3004, "left": 110000.0, "top": 170000.0, "right": 115000.0, "bottom": 175000.0, "row_index": 13, "col_index": 46 }, "geometry": { "type": "Point", "coordinates": [ 6.5228227, 53.0163427 ] } },
{ "type": "Feature", "properties": { "id": 3005, "left": 110000.0, "top": 165000.0, "right": 115000.0, "bottom": 170000.0, "row_index": 14, "col_index": 46 }, "geometry": { "type": "Point", "coordinates": [ 6.5211208, 52.9714228 ] } },
{ "type": "Feature", "properties": { "id": 3006, "left": 110000.0, "top": 160000.0, "right": 115000.0, "bottom": 165000.0, "row_index": 15, "col_index": 46 }, "geometry": { "type": "Point", "coordinates": [ 6.5194234, 52.9265026 ] } },
{ "type": "Feature", "properties": { "id": 3007, "left": 110000.0, "top": 155000.0, "right": 115000.0, "bottom": 160000.0, "row_index": 16, "col_index": 46 }, "geometry": { "type": "Point", "coordinates": [ 6.5177305, 52.8815819 ] } },
{ "type": "Feature", "properties": { "id": 3008, "left": 110000.0, "top": 150000.0, "right": 115000.0, "bottom": 155000.0, "row_index": 17, "col_index": 46 }, "geometry": { "type": "Point", "coordinates": [ 6.5160422, 52.8366609 ] } },
{ "type": "Feature", "properties": { "id": 3009, "left": 110000.0, "top": 145000.0, "right": 115000.0, "bottom": 150000.0, "row_index": 18, "col_index": 46 }, "geometry": { "type": "Point", "coordinates": [ 6.5143583, 52.7917395 ] } },
{ "type": "Feature", "properties": { "id": 3010, "left": 110000.0, "top": 140000.0, "right": 115000.0, "bottom": 145000.0, "row_index": 19, "col_index": 46 }, "geometry": { "type": "Point", "coordinates": [ 6.5126788, 52.7468178 ] } },
{ "type": "Feature", "properties": { "id": 3011, "left": 110000.0, "top": 135000.0, "right": 115000.0, "bottom": 140000.0, "row_index": 20, "col_index": 46 }, "geometry": { "type": "Point", "coordinates": [ 6.5110039, 52.7018957 ] } },
{ "type": "Feature", "properties": { "id": 3012, "left": 110000.0, "top": 130000.0, "right": 115000.0, "bottom": 135000.0, "row_index": 21, "col_index": 46 }, "geometry": { "type": "Point", "coordinates": [ 6.5093333, 52.6569733 ] } },
{ "type": "Feature", "properties": { "id": 3013, "left": 110000.0, "top": 125000.0, "right": 115000.0, "bottom": 130000.0, "row_index": 22, "col_index": 46 }, "geometry": { "type": "Point", "coordinates": [ 6.5076672, 52.6120504 ] } },
{ "type": "Feature", "properties": { "id": 3014, "left": 110000.0, "top": 120000.0, "right": 115000.0, "bottom": 125000.0, "row_index": 23, "col_index": 46 }, "geometry": { "type": "Point", "coordinates": [ 6.5060054, 52.5671272 ] } },
{ "type": "Feature", "properties": { "id": 3015, "left": 110000.0, "top": 115000.0, "right": 115000.0, "bottom": 120000.0, "row_index": 24, "col_index": 46 }, "geometry": { "type": "Point", "coordinates": [ 6.5043481, 52.5222037 ] } },
{ "type": "Feature", "properties": { "id": 3016, "left": 110000.0, "top": 110000.0, "right": 115000.0, "bottom": 115000.0, "row_index": 25, "col_index": 46 }, "geometry": { "type": "Point", "coordinates": [ 6.5026951, 52.4772798 ] } },
{ "type": "Feature", "properties": { "id": 3017, "left": 110000.0, "top": 105000.0, "right": 115000.0, "bottom": 110000.0, "row_index": 26, "col_index": 46 }, "geometry": { "type": "Point", "coordinates": [ 6.5010465, 52.4323555 ] } },
{ "type": "Feature", "properties": { "id": 3018, "left": 110000.0, "top": 100000.0, "right": 115000.0, "bottom": 105000.0, "row_index": 27, "col_index": 46 }, "geometry": { "type": "Point", "coordinates": [ 6.4994022, 52.3874308 ] } },
{ "type": "Feature", "properties": { "id": 3019, "left": 110000.0, "top": 95000.0, "right": 115000.0, "bottom": 100000.0, "row_index": 28, "col_index": 46 }, "geometry": { "type": "Point", "coordinates": [ 6.4977623, 52.3425058 ] } },
{ "type": "Feature", "properties": { "id": 3020, "left": 110000.0, "top": 90000.0, "right": 115000.0, "bottom": 95000.0, "row_index": 29, "col_index": 46 }, "geometry": { "type": "Point", "coordinates": [ 6.4961267, 52.2975805 ] } },
{ "type": "Feature", "properties": { "id": 3021, "left": 110000.0, "top": 85000.0, "right": 115000.0, "bottom": 90000.0, "row_index": 30, "col_index": 46 }, "geometry": { "type": "Point", "coordinates": [ 6.4944953, 52.2526547 ] } },
{ "type": "Feature", "properties": { "id": 3022, "left": 110000.0, "top": 80000.0, "right": 115000.0, "bottom": 85000.0, "row_index": 31, "col_index": 46 }, "geometry": { "type": "Point", "coordinates": [ 6.4928682, 52.2077286 ] } },
{ "type": "Feature", "properties": { "id": 3023, "left": 110000.0, "top": 75000.0, "right": 115000.0, "bottom": 80000.0, "row_index": 32, "col_index": 46 }, "geometry": { "type": "Point", "coordinates": [ 6.4912454, 52.1628021 ] } },
{ "type": "Feature", "properties": { "id": 3024, "left": 110000.0, "top": 70000.0, "right": 115000.0, "bottom": 75000.0, "row_index": 33, "col_index": 46 }, "geometry": { "type": "Point", "coordinates": [ 6.4896269, 52.1178753 ] } },
{ "type": "Feature", "properties": { "id": 3025, "left": 110000.0, "top": 65000.0, "right": 115000.0, "bottom": 70000.0, "row_index": 34, "col_index": 46 }, "geometry": { "type": "Point", "coordinates": [ 6.4880126, 52.0729481 ] } },
{ "type": "Feature", "properties": { "id": 3026, "left": 110000.0, "top": 60000.0, "right": 115000.0, "bottom": 65000.0, "row_index": 35, "col_index": 46 }, "geometry": { "type": "Point", "coordinates": [ 6.4864025, 52.0280205 ] } },
{ "type": "Feature", "properties": { "id": 3027, "left": 110000.0, "top": 55000.0, "right": 115000.0, "bottom": 60000.0, "row_index": 36, "col_index": 46 }, "geometry": { "type": "Point", "coordinates": [ 6.4847966, 51.9830926 ] } },
{ "type": "Feature", "properties": { "id": 3028, "left": 110000.0, "top": 50000.0, "right": 115000.0, "bottom": 55000.0, "row_index": 37, "col_index": 46 }, "geometry": { "type": "Point", "coordinates": [ 6.4831949, 51.9381643 ] } },
{ "type": "Feature", "properties": { "id": 3029, "left": 110000.0, "top": 45000.0, "right": 115000.0, "bottom": 50000.0, "row_index": 38, "col_index": 46 }, "geometry": { "type": "Point", "coordinates": [ 6.4815974, 51.8932356 ] } },
{ "type": "Feature", "properties": { "id": 3030, "left": 110000.0, "top": 40000.0, "right": 115000.0, "bottom": 45000.0, "row_index": 39, "col_index": 46 }, "geometry": { "type": "Point", "coordinates": [ 6.480004, 51.8483066 ] } },
{ "type": "Feature", "properties": { "id": 3031, "left": 110000.0, "top": 35000.0, "right": 115000.0, "bottom": 40000.0, "row_index": 40, "col_index": 46 }, "geometry": { "type": "Point", "coordinates": [ 6.4784148, 51.8033772 ] } },
{ "type": "Feature", "properties": { "id": 3032, "left": 110000.0, "top": 30000.0, "right": 115000.0, "bottom": 35000.0, "row_index": 41, "col_index": 46 }, "geometry": { "type": "Point", "coordinates": [ 6.4768297, 51.7584474 ] } },
{ "type": "Feature", "properties": { "id": 3033, "left": 110000.0, "top": 25000.0, "right": 115000.0, "bottom": 30000.0, "row_index": 42, "col_index": 46 }, "geometry": { "type": "Point", "coordinates": [ 6.4752488, 51.7135173 ] } },
{ "type": "Feature", "properties": { "id": 3034, "left": 110000.0, "top": 20000.0, "right": 115000.0, "bottom": 25000.0, "row_index": 43, "col_index": 46 }, "geometry": { "type": "Point", "coordinates": [ 6.4736719, 51.6685868 ] } },
{ "type": "Feature", "properties": { "id": 3035, "left": 110000.0, "top": 15000.0, "right": 115000.0, "bottom": 20000.0, "row_index": 44, "col_index": 46 }, "geometry": { "type": "Point", "coordinates": [ 6.4720992, 51.6236559 ] } },
{ "type": "Feature", "properties": { "id": 3036, "left": 110000.0, "top": 10000.0, "right": 115000.0, "bottom": 15000.0, "row_index": 45, "col_index": 46 }, "geometry": { "type": "Point", "coordinates": [ 6.4705305, 51.5787247 ] } },
{ "type": "Feature", "properties": { "id": 3037, "left": 110000.0, "top": 5000.0, "right": 115000.0, "bottom": 10000.0, "row_index": 46, "col_index": 46 }, "geometry": { "type": "Point", "coordinates": [ 6.4689659, 51.5337931 ] } },
{ "type": "Feature", "properties": { "id": 3038, "left": 110000.0, "top": 0.0, "right": 115000.0, "bottom": 5000.0, "row_index": 47, "col_index": 46 }, "geometry": { "type": "Point", "coordinates": [ 6.4674053, 51.4888611 ] } },
{ "type": "Feature", "properties": { "id": 3039, "left": 110000.0, "top": -5000.0, "right": 115000.0, "bottom": 0.0, "row_index": 48, "col_index": 46 }, "geometry": { "type": "Point", "coordinates": [ 6.4658488, 51.4439288 ] } },
{ "type": "Feature", "properties": { "id": 3040, "left": 110000.0, "top": -10000.0, "right": 115000.0, "bottom": -5000.0, "row_index": 49, "col_index": 46 }, "geometry": { "type": "Point", "coordinates": [ 6.4642962, 51.3989961 ] } },
{ "type": "Feature", "properties": { "id": 3041, "left": 110000.0, "top": -15000.0, "right": 115000.0, "bottom": -10000.0, "row_index": 50, "col_index": 46 }, "geometry": { "type": "Point", "coordinates": [ 6.4627477, 51.3540631 ] } },
{ "type": "Feature", "properties": { "id": 3042, "left": 110000.0, "top": -20000.0, "right": 115000.0, "bottom": -15000.0, "row_index": 51, "col_index": 46 }, "geometry": { "type": "Point", "coordinates": [ 6.4612032, 51.3091296 ] } },
{ "type": "Feature", "properties": { "id": 3043, "left": 110000.0, "top": -25000.0, "right": 115000.0, "bottom": -20000.0, "row_index": 52, "col_index": 46 }, "geometry": { "type": "Point", "coordinates": [ 6.4596627, 51.2641958 ] } },
{ "type": "Feature", "properties": { "id": 3044, "left": 110000.0, "top": -30000.0, "right": 115000.0, "bottom": -25000.0, "row_index": 53, "col_index": 46 }, "geometry": { "type": "Point", "coordinates": [ 6.4581261, 51.2192617 ] } },
{ "type": "Feature", "properties": { "id": 3045, "left": 110000.0, "top": -35000.0, "right": 115000.0, "bottom": -30000.0, "row_index": 54, "col_index": 46 }, "geometry": { "type": "Point", "coordinates": [ 6.4565935, 51.1743272 ] } },
{ "type": "Feature", "properties": { "id": 3046, "left": 110000.0, "top": -40000.0, "right": 115000.0, "bottom": -35000.0, "row_index": 55, "col_index": 46 }, "geometry": { "type": "Point", "coordinates": [ 6.4550649, 51.1293923 ] } },
{ "type": "Feature", "properties": { "id": 3047, "left": 110000.0, "top": -45000.0, "right": 115000.0, "bottom": -40000.0, "row_index": 56, "col_index": 46 }, "geometry": { "type": "Point", "coordinates": [ 6.4535401, 51.084457 ] } },
{ "type": "Feature", "properties": { "id": 3048, "left": 110000.0, "top": -50000.0, "right": 115000.0, "bottom": -45000.0, "row_index": 57, "col_index": 46 }, "geometry": { "type": "Point", "coordinates": [ 6.4520193, 51.0395214 ] } },
{ "type": "Feature", "properties": { "id": 3049, "left": 110000.0, "top": -55000.0, "right": 115000.0, "bottom": -50000.0, "row_index": 58, "col_index": 46 }, "geometry": { "type": "Point", "coordinates": [ 6.4505024, 50.9945854 ] } },
{ "type": "Feature", "properties": { "id": 3050, "left": 110000.0, "top": -60000.0, "right": 115000.0, "bottom": -55000.0, "row_index": 59, "col_index": 46 }, "geometry": { "type": "Point", "coordinates": [ 6.4489894, 50.949649 ] } },
{ "type": "Feature", "properties": { "id": 3051, "left": 110000.0, "top": -65000.0, "right": 115000.0, "bottom": -60000.0, "row_index": 60, "col_index": 46 }, "geometry": { "type": "Point", "coordinates": [ 6.4474802, 50.9047123 ] } },
{ "type": "Feature", "properties": { "id": 3052, "left": 110000.0, "top": -70000.0, "right": 115000.0, "bottom": -65000.0, "row_index": 61, "col_index": 46 }, "geometry": { "type": "Point", "coordinates": [ 6.4459749, 50.8597752 ] } },
{ "type": "Feature", "properties": { "id": 3053, "left": 110000.0, "top": -75000.0, "right": 115000.0, "bottom": -70000.0, "row_index": 62, "col_index": 46 }, "geometry": { "type": "Point", "coordinates": [ 6.4444734, 50.8148377 ] } },
{ "type": "Feature", "properties": { "id": 3054, "left": 110000.0, "top": -80000.0, "right": 115000.0, "bottom": -75000.0, "row_index": 63, "col_index": 46 }, "geometry": { "type": "Point", "coordinates": [ 6.4429758, 50.7698999 ] } },
{ "type": "Feature", "properties": { "id": 3055, "left": 110000.0, "top": -85000.0, "right": 115000.0, "bottom": -80000.0, "row_index": 64, "col_index": 46 }, "geometry": { "type": "Point", "coordinates": [ 6.441482, 50.7249617 ] } },
{ "type": "Feature", "properties": { "id": 3056, "left": 115000.0, "top": 235000.0, "right": 120000.0, "bottom": 240000.0, "row_index": 0, "col_index": 47 }, "geometry": { "type": "Point", "coordinates": [ 6.620874, 53.5992255 ] } },
{ "type": "Feature", "properties": { "id": 3057, "left": 115000.0, "top": 230000.0, "right": 120000.0, "bottom": 235000.0, "row_index": 1, "col_index": 47 }, "geometry": { "type": "Point", "coordinates": [ 6.6190318, 53.5543114 ] } },
{ "type": "Feature", "properties": { "id": 3058, "left": 115000.0, "top": 225000.0, "right": 120000.0, "bottom": 230000.0, "row_index": 2, "col_index": 47 }, "geometry": { "type": "Point", "coordinates": [ 6.6171945, 53.5093969 ] } },
{ "type": "Feature", "properties": { "id": 3059, "left": 115000.0, "top": 220000.0, "right": 120000.0, "bottom": 225000.0, "row_index": 3, "col_index": 47 }, "geometry": { "type": "Point", "coordinates": [ 6.6153622, 53.464482 ] } },
{ "type": "Feature", "properties": { "id": 3060, "left": 115000.0, "top": 215000.0, "right": 120000.0, "bottom": 220000.0, "row_index": 4, "col_index": 47 }, "geometry": { "type": "Point", "coordinates": [ 6.6135348, 53.4195668 ] } },
{ "type": "Feature", "properties": { "id": 3061, "left": 115000.0, "top": 210000.0, "right": 120000.0, "bottom": 215000.0, "row_index": 5, "col_index": 47 }, "geometry": { "type": "Point", "coordinates": [ 6.6117124, 53.3746512 ] } },
{ "type": "Feature", "properties": { "id": 3062, "left": 115000.0, "top": 205000.0, "right": 120000.0, "bottom": 210000.0, "row_index": 6, "col_index": 47 }, "geometry": { "type": "Point", "coordinates": [ 6.6098948, 53.3297353 ] } },
{ "type": "Feature", "properties": { "id": 3063, "left": 115000.0, "top": 200000.0, "right": 120000.0, "bottom": 205000.0, "row_index": 7, "col_index": 47 }, "geometry": { "type": "Point", "coordinates": [ 6.6080821, 53.2848189 ] } },
{ "type": "Feature", "properties": { "id": 3064, "left": 115000.0, "top": 195000.0, "right": 120000.0, "bottom": 200000.0, "row_index": 8, "col_index": 47 }, "geometry": { "type": "Point", "coordinates": [ 6.6062742, 53.2399023 ] } },
{ "type": "Feature", "properties": { "id": 3065, "left": 115000.0, "top": 190000.0, "right": 120000.0, "bottom": 195000.0, "row_index": 9, "col_index": 47 }, "geometry": { "type": "Point", "coordinates": [ 6.6044712, 53.1949852 ] } },
{ "type": "Feature", "properties": { "id": 3066, "left": 115000.0, "top": 185000.0, "right": 120000.0, "bottom": 190000.0, "row_index": 10, "col_index": 47 }, "geometry": { "type": "Point", "coordinates": [ 6.602673, 53.1500678 ] } },
{ "type": "Feature", "properties": { "id": 3067, "left": 115000.0, "top": 180000.0, "right": 120000.0, "bottom": 185000.0, "row_index": 11, "col_index": 47 }, "geometry": { "type": "Point", "coordinates": [ 6.6008796, 53.10515 ] } },
{ "type": "Feature", "properties": { "id": 3068, "left": 115000.0, "top": 175000.0, "right": 120000.0, "bottom": 180000.0, "row_index": 12, "col_index": 47 }, "geometry": { "type": "Point", "coordinates": [ 6.599091, 53.0602319 ] } },
{ "type": "Feature", "properties": { "id": 3069, "left": 115000.0, "top": 170000.0, "right": 120000.0, "bottom": 175000.0, "row_index": 13, "col_index": 47 }, "geometry": { "type": "Point", "coordinates": [ 6.5973072, 53.0153134 ] } },
{ "type": "Feature", "properties": { "id": 3070, "left": 115000.0, "top": 165000.0, "right": 120000.0, "bottom": 170000.0, "row_index": 14, "col_index": 47 }, "geometry": { "type": "Point", "coordinates": [ 6.5955281, 52.9703945 ] } },
{ "type": "Feature", "properties": { "id": 3071, "left": 115000.0, "top": 160000.0, "right": 120000.0, "bottom": 165000.0, "row_index": 15, "col_index": 47 }, "geometry": { "type": "Point", "coordinates": [ 6.5937537, 52.9254753 ] } },
{ "type": "Feature", "properties": { "id": 3072, "left": 115000.0, "top": 155000.0, "right": 120000.0, "bottom": 160000.0, "row_index": 16, "col_index": 47 }, "geometry": { "type": "Point", "coordinates": [ 6.5919841, 52.8805557 ] } },
{ "type": "Feature", "properties": { "id": 3073, "left": 115000.0, "top": 150000.0, "right": 120000.0, "bottom": 155000.0, "row_index": 17, "col_index": 47 }, "geometry": { "type": "Point", "coordinates": [ 6.5902191, 52.8356357 ] } },
{ "type": "Feature", "properties": { "id": 3074, "left": 115000.0, "top": 145000.0, "right": 120000.0, "bottom": 150000.0, "row_index": 18, "col_index": 47 }, "geometry": { "type": "Point", "coordinates": [ 6.5884589, 52.7907153 ] } },
{ "type": "Feature", "properties": { "id": 3075, "left": 115000.0, "top": 140000.0, "right": 120000.0, "bottom": 145000.0, "row_index": 19, "col_index": 47 }, "geometry": { "type": "Point", "coordinates": [ 6.5867033, 52.7457946 ] } },
{ "type": "Feature", "properties": { "id": 3076, "left": 115000.0, "top": 135000.0, "right": 120000.0, "bottom": 140000.0, "row_index": 20, "col_index": 47 }, "geometry": { "type": "Point", "coordinates": [ 6.5849523, 52.7008736 ] } },
{ "type": "Feature", "properties": { "id": 3077, "left": 115000.0, "top": 130000.0, "right": 120000.0, "bottom": 135000.0, "row_index": 21, "col_index": 47 }, "geometry": { "type": "Point", "coordinates": [ 6.583206, 52.6559521 ] } },
{ "type": "Feature", "properties": { "id": 3078, "left": 115000.0, "top": 125000.0, "right": 120000.0, "bottom": 130000.0, "row_index": 22, "col_index": 47 }, "geometry": { "type": "Point", "coordinates": [ 6.5814643, 52.6110303 ] } },
{ "type": "Feature", "properties": { "id": 3079, "left": 115000.0, "top": 120000.0, "right": 120000.0, "bottom": 125000.0, "row_index": 23, "col_index": 47 }, "geometry": { "type": "Point", "coordinates": [ 6.5797272, 52.5661082 ] } },
{ "type": "Feature", "properties": { "id": 3080, "left": 115000.0, "top": 115000.0, "right": 120000.0, "bottom": 120000.0, "row_index": 24, "col_index": 47 }, "geometry": { "type": "Point", "coordinates": [ 6.5779947, 52.5211856 ] } },
{ "type": "Feature", "properties": { "id": 3081, "left": 115000.0, "top": 110000.0, "right": 120000.0, "bottom": 115000.0, "row_index": 25, "col_index": 47 }, "geometry": { "type": "Point", "coordinates": [ 6.5762668, 52.4762627 ] } },
{ "type": "Feature", "properties": { "id": 3082, "left": 115000.0, "top": 105000.0, "right": 120000.0, "bottom": 110000.0, "row_index": 26, "col_index": 47 }, "geometry": { "type": "Point", "coordinates": [ 6.5745434, 52.4313395 ] } },
{ "type": "Feature", "properties": { "id": 3083, "left": 115000.0, "top": 100000.0, "right": 120000.0, "bottom": 105000.0, "row_index": 27, "col_index": 47 }, "geometry": { "type": "Point", "coordinates": [ 6.5728246, 52.3864158 ] } },
{ "type": "Feature", "properties": { "id": 3084, "left": 115000.0, "top": 95000.0, "right": 120000.0, "bottom": 100000.0, "row_index": 28, "col_index": 47 }, "geometry": { "type": "Point", "coordinates": [ 6.5711102, 52.3414918 ] } },
{ "type": "Feature", "properties": { "id": 3085, "left": 115000.0, "top": 90000.0, "right": 120000.0, "bottom": 95000.0, "row_index": 29, "col_index": 47 }, "geometry": { "type": "Point", "coordinates": [ 6.5694004, 52.2965674 ] } },
{ "type": "Feature", "properties": { "id": 3086, "left": 115000.0, "top": 85000.0, "right": 120000.0, "bottom": 90000.0, "row_index": 30, "col_index": 47 }, "geometry": { "type": "Point", "coordinates": [ 6.5676951, 52.2516427 ] } },
{ "type": "Feature", "properties": { "id": 3087, "left": 115000.0, "top": 80000.0, "right": 120000.0, "bottom": 85000.0, "row_index": 31, "col_index": 47 }, "geometry": { "type": "Point", "coordinates": [ 6.5659942, 52.2067176 ] } },
{ "type": "Feature", "properties": { "id": 3088, "left": 115000.0, "top": 75000.0, "right": 120000.0, "bottom": 80000.0, "row_index": 32, "col_index": 47 }, "geometry": { "type": "Point", "coordinates": [ 6.5642978, 52.1617921 ] } },
{ "type": "Feature", "properties": { "id": 3089, "left": 115000.0, "top": 70000.0, "right": 120000.0, "bottom": 75000.0, "row_index": 33, "col_index": 47 }, "geometry": { "type": "Point", "coordinates": [ 6.5626059, 52.1168663 ] } },
{ "type": "Feature", "properties": { "id": 3090, "left": 115000.0, "top": 65000.0, "right": 120000.0, "bottom": 70000.0, "row_index": 34, "col_index": 47 }, "geometry": { "type": "Point", "coordinates": [ 6.5609184, 52.0719401 ] } },
{ "type": "Feature", "properties": { "id": 3091, "left": 115000.0, "top": 60000.0, "right": 120000.0, "bottom": 65000.0, "row_index": 35, "col_index": 47 }, "geometry": { "type": "Point", "coordinates": [ 6.5592353, 52.0270135 ] } },
{ "type": "Feature", "properties": { "id": 3092, "left": 115000.0, "top": 55000.0, "right": 120000.0, "bottom": 60000.0, "row_index": 36, "col_index": 47 }, "geometry": { "type": "Point", "coordinates": [ 6.5575565, 51.9820866 ] } },
{ "type": "Feature", "properties": { "id": 3093, "left": 115000.0, "top": 50000.0, "right": 120000.0, "bottom": 55000.0, "row_index": 37, "col_index": 47 }, "geometry": { "type": "Point", "coordinates": [ 6.5558822, 51.9371593 ] } },
{ "type": "Feature", "properties": { "id": 3094, "left": 115000.0, "top": 45000.0, "right": 120000.0, "bottom": 50000.0, "row_index": 38, "col_index": 47 }, "geometry": { "type": "Point", "coordinates": [ 6.5542122, 51.8922316 ] } },
{ "type": "Feature", "properties": { "id": 3095, "left": 115000.0, "top": 40000.0, "right": 120000.0, "bottom": 45000.0, "row_index": 39, "col_index": 47 }, "geometry": { "type": "Point", "coordinates": [ 6.5525466, 51.8473035 ] } },
{ "type": "Feature", "properties": { "id": 3096, "left": 115000.0, "top": 35000.0, "right": 120000.0, "bottom": 40000.0, "row_index": 40, "col_index": 47 }, "geometry": { "type": "Point", "coordinates": [ 6.5508853, 51.8023751 ] } },
{ "type": "Feature", "properties": { "id": 3097, "left": 115000.0, "top": 30000.0, "right": 120000.0, "bottom": 35000.0, "row_index": 41, "col_index": 47 }, "geometry": { "type": "Point", "coordinates": [ 6.5492284, 51.7574463 ] } },
{ "type": "Feature", "properties": { "id": 3098, "left": 115000.0, "top": 25000.0, "right": 120000.0, "bottom": 30000.0, "row_index": 42, "col_index": 47 }, "geometry": { "type": "Point", "coordinates": [ 6.5475757, 51.7125172 ] } },
{ "type": "Feature", "properties": { "id": 3099, "left": 115000.0, "top": 20000.0, "right": 120000.0, "bottom": 25000.0, "row_index": 43, "col_index": 47 }, "geometry": { "type": "Point", "coordinates": [ 6.5459273, 51.6675877 ] } },
{ "type": "Feature", "properties": { "id": 3100, "left": 115000.0, "top": 15000.0, "right": 120000.0, "bottom": 20000.0, "row_index": 44, "col_index": 47 }, "geometry": { "type": "Point", "coordinates": [ 6.5442833, 51.6226578 ] } },
{ "type": "Feature", "properties": { "id": 3101, "left": 115000.0, "top": 10000.0, "right": 120000.0, "bottom": 15000.0, "row_index": 45, "col_index": 47 }, "geometry": { "type": "Point", "coordinates": [ 6.5426434, 51.5777275 ] } },
{ "type": "Feature", "properties": { "id": 3102, "left": 115000.0, "top": 5000.0, "right": 120000.0, "bottom": 10000.0, "row_index": 46, "col_index": 47 }, "geometry": { "type": "Point", "coordinates": [ 6.5410078, 51.5327969 ] } },
{ "type": "Feature", "properties": { "id": 3103, "left": 115000.0, "top": 0.0, "right": 120000.0, "bottom": 5000.0, "row_index": 47, "col_index": 47 }, "geometry": { "type": "Point", "coordinates": [ 6.5393765, 51.4878659 ] } },
{ "type": "Feature", "properties": { "id": 3104, "left": 115000.0, "top": -5000.0, "right": 120000.0, "bottom": 0.0, "row_index": 48, "col_index": 47 }, "geometry": { "type": "Point", "coordinates": [ 6.5377494, 51.4429346 ] } },
{ "type": "Feature", "properties": { "id": 3105, "left": 115000.0, "top": -10000.0, "right": 120000.0, "bottom": -5000.0, "row_index": 49, "col_index": 47 }, "geometry": { "type": "Point", "coordinates": [ 6.5361265, 51.3980028 ] } },
{ "type": "Feature", "properties": { "id": 3106, "left": 115000.0, "top": -15000.0, "right": 120000.0, "bottom": -10000.0, "row_index": 50, "col_index": 47 }, "geometry": { "type": "Point", "coordinates": [ 6.5345077, 51.3530707 ] } },
{ "type": "Feature", "properties": { "id": 3107, "left": 115000.0, "top": -20000.0, "right": 120000.0, "bottom": -15000.0, "row_index": 51, "col_index": 47 }, "geometry": { "type": "Point", "coordinates": [ 6.5328932, 51.3081383 ] } },
{ "type": "Feature", "properties": { "id": 3108, "left": 115000.0, "top": -25000.0, "right": 120000.0, "bottom": -20000.0, "row_index": 52, "col_index": 47 }, "geometry": { "type": "Point", "coordinates": [ 6.5312828, 51.2632055 ] } },
{ "type": "Feature", "properties": { "id": 3109, "left": 115000.0, "top": -30000.0, "right": 120000.0, "bottom": -25000.0, "row_index": 53, "col_index": 47 }, "geometry": { "type": "Point", "coordinates": [ 6.5296765, 51.2182723 ] } },
{ "type": "Feature", "properties": { "id": 3110, "left": 115000.0, "top": -35000.0, "right": 120000.0, "bottom": -30000.0, "row_index": 54, "col_index": 47 }, "geometry": { "type": "Point", "coordinates": [ 6.5280744, 51.1733387 ] } },
{ "type": "Feature", "properties": { "id": 3111, "left": 115000.0, "top": -40000.0, "right": 120000.0, "bottom": -35000.0, "row_index": 55, "col_index": 47 }, "geometry": { "type": "Point", "coordinates": [ 6.5264764, 51.1284047 ] } },
{ "type": "Feature", "properties": { "id": 3112, "left": 115000.0, "top": -45000.0, "right": 120000.0, "bottom": -40000.0, "row_index": 56, "col_index": 47 }, "geometry": { "type": "Point", "coordinates": [ 6.5248825, 51.0834704 ] } },
{ "type": "Feature", "properties": { "id": 3113, "left": 115000.0, "top": -50000.0, "right": 120000.0, "bottom": -45000.0, "row_index": 57, "col_index": 47 }, "geometry": { "type": "Point", "coordinates": [ 6.5232927, 51.0385358 ] } },
{ "type": "Feature", "properties": { "id": 3114, "left": 115000.0, "top": -55000.0, "right": 120000.0, "bottom": -50000.0, "row_index": 58, "col_index": 47 }, "geometry": { "type": "Point", "coordinates": [ 6.521707, 50.9936007 ] } },
{ "type": "Feature", "properties": { "id": 3115, "left": 115000.0, "top": -60000.0, "right": 120000.0, "bottom": -55000.0, "row_index": 59, "col_index": 47 }, "geometry": { "type": "Point", "coordinates": [ 6.5201253, 50.9486653 ] } },
{ "type": "Feature", "properties": { "id": 3116, "left": 115000.0, "top": -65000.0, "right": 120000.0, "bottom": -60000.0, "row_index": 60, "col_index": 47 }, "geometry": { "type": "Point", "coordinates": [ 6.5185477, 50.9037295 ] } },
{ "type": "Feature", "properties": { "id": 3117, "left": 115000.0, "top": -70000.0, "right": 120000.0, "bottom": -65000.0, "row_index": 61, "col_index": 47 }, "geometry": { "type": "Point", "coordinates": [ 6.5169742, 50.8587934 ] } },
{ "type": "Feature", "properties": { "id": 3118, "left": 115000.0, "top": -75000.0, "right": 120000.0, "bottom": -70000.0, "row_index": 62, "col_index": 47 }, "geometry": { "type": "Point", "coordinates": [ 6.5154046, 50.8138568 ] } },
{ "type": "Feature", "properties": { "id": 3119, "left": 115000.0, "top": -80000.0, "right": 120000.0, "bottom": -75000.0, "row_index": 63, "col_index": 47 }, "geometry": { "type": "Point", "coordinates": [ 6.5138391, 50.76892 ] } },
{ "type": "Feature", "properties": { "id": 3120, "left": 115000.0, "top": -85000.0, "right": 120000.0, "bottom": -80000.0, "row_index": 64, "col_index": 47 }, "geometry": { "type": "Point", "coordinates": [ 6.5122775, 50.7239827 ] } },
{ "type": "Feature", "properties": { "id": 3121, "left": 120000.0, "top": 235000.0, "right": 125000.0, "bottom": 240000.0, "row_index": 0, "col_index": 48 }, "geometry": { "type": "Point", "coordinates": [ 6.6963769, 53.5981361 ] } },
{ "type": "Feature", "properties": { "id": 3122, "left": 120000.0, "top": 230000.0, "right": 125000.0, "bottom": 235000.0, "row_index": 1, "col_index": 48 }, "geometry": { "type": "Point", "coordinates": [ 6.6944548, 53.5532231 ] } },
{ "type": "Feature", "properties": { "id": 3123, "left": 120000.0, "top": 225000.0, "right": 125000.0, "bottom": 230000.0, "row_index": 2, "col_index": 48 }, "geometry": { "type": "Point", "coordinates": [ 6.6925379, 53.5083097 ] } },
{ "type": "Feature", "properties": { "id": 3124, "left": 120000.0, "top": 220000.0, "right": 125000.0, "bottom": 225000.0, "row_index": 3, "col_index": 48 }, "geometry": { "type": "Point", "coordinates": [ 6.6906261, 53.463396 ] } },
{ "type": "Feature", "properties": { "id": 3125, "left": 120000.0, "top": 215000.0, "right": 125000.0, "bottom": 220000.0, "row_index": 4, "col_index": 48 }, "geometry": { "type": "Point", "coordinates": [ 6.6887195, 53.4184819 ] } },
{ "type": "Feature", "properties": { "id": 3126, "left": 120000.0, "top": 210000.0, "right": 125000.0, "bottom": 215000.0, "row_index": 5, "col_index": 48 }, "geometry": { "type": "Point", "coordinates": [ 6.686818, 53.3735674 ] } },
{ "type": "Feature", "properties": { "id": 3127, "left": 120000.0, "top": 205000.0, "right": 125000.0, "bottom": 210000.0, "row_index": 6, "col_index": 48 }, "geometry": { "type": "Point", "coordinates": [ 6.6849216, 53.3286526 ] } },
{ "type": "Feature", "properties": { "id": 3128, "left": 120000.0, "top": 200000.0, "right": 125000.0, "bottom": 205000.0, "row_index": 7, "col_index": 48 }, "geometry": { "type": "Point", "coordinates": [ 6.6830302, 53.2837373 ] } },
{ "type": "Feature", "properties": { "id": 3129, "left": 120000.0, "top": 195000.0, "right": 125000.0, "bottom": 200000.0, "row_index": 8, "col_index": 48 }, "geometry": { "type": "Point", "coordinates": [ 6.681144, 53.2388218 ] } },
{ "type": "Feature", "properties": { "id": 3130, "left": 120000.0, "top": 190000.0, "right": 125000.0, "bottom": 195000.0, "row_index": 9, "col_index": 48 }, "geometry": { "type": "Point", "coordinates": [ 6.6792627, 53.1939058 ] } },
{ "type": "Feature", "properties": { "id": 3131, "left": 120000.0, "top": 185000.0, "right": 125000.0, "bottom": 190000.0, "row_index": 10, "col_index": 48 }, "geometry": { "type": "Point", "coordinates": [ 6.6773865, 53.1489895 ] } },
{ "type": "Feature", "properties": { "id": 3132, "left": 120000.0, "top": 180000.0, "right": 125000.0, "bottom": 185000.0, "row_index": 11, "col_index": 48 }, "geometry": { "type": "Point", "coordinates": [ 6.6755154, 53.1040728 ] } },
{ "type": "Feature", "properties": { "id": 3133, "left": 120000.0, "top": 175000.0, "right": 125000.0, "bottom": 180000.0, "row_index": 12, "col_index": 48 }, "geometry": { "type": "Point", "coordinates": [ 6.6736492, 53.0591558 ] } },
{ "type": "Feature", "properties": { "id": 3134, "left": 120000.0, "top": 170000.0, "right": 125000.0, "bottom": 175000.0, "row_index": 13, "col_index": 48 }, "geometry": { "type": "Point", "coordinates": [ 6.6717879, 53.0142383 ] } },
{ "type": "Feature", "properties": { "id": 3135, "left": 120000.0, "top": 165000.0, "right": 125000.0, "bottom": 170000.0, "row_index": 14, "col_index": 48 }, "geometry": { "type": "Point", "coordinates": [ 6.6699317, 52.9693205 ] } },
{ "type": "Feature", "properties": { "id": 3136, "left": 120000.0, "top": 160000.0, "right": 125000.0, "bottom": 165000.0, "row_index": 15, "col_index": 48 }, "geometry": { "type": "Point", "coordinates": [ 6.6680804, 52.9244024 ] } },
{ "type": "Feature", "properties": { "id": 3137, "left": 120000.0, "top": 155000.0, "right": 125000.0, "bottom": 160000.0, "row_index": 16, "col_index": 48 }, "geometry": { "type": "Point", "coordinates": [ 6.666234, 52.8794839 ] } },
{ "type": "Feature", "properties": { "id": 3138, "left": 120000.0, "top": 150000.0, "right": 125000.0, "bottom": 155000.0, "row_index": 17, "col_index": 48 }, "geometry": { "type": "Point", "coordinates": [ 6.6643925, 52.834565 ] } },
{ "type": "Feature", "properties": { "id": 3139, "left": 120000.0, "top": 145000.0, "right": 125000.0, "bottom": 150000.0, "row_index": 18, "col_index": 48 }, "geometry": { "type": "Point", "coordinates": [ 6.6625559, 52.7896457 ] } },
{ "type": "Feature", "properties": { "id": 3140, "left": 120000.0, "top": 140000.0, "right": 125000.0, "bottom": 145000.0, "row_index": 19, "col_index": 48 }, "geometry": { "type": "Point", "coordinates": [ 6.6607241, 52.7447261 ] } },
{ "type": "Feature", "properties": { "id": 3141, "left": 120000.0, "top": 135000.0, "right": 125000.0, "bottom": 140000.0, "row_index": 20, "col_index": 48 }, "geometry": { "type": "Point", "coordinates": [ 6.6588972, 52.6998061 ] } },
{ "type": "Feature", "properties": { "id": 3142, "left": 120000.0, "top": 130000.0, "right": 125000.0, "bottom": 135000.0, "row_index": 21, "col_index": 48 }, "geometry": { "type": "Point", "coordinates": [ 6.6570752, 52.6548857 ] } },
{ "type": "Feature", "properties": { "id": 3143, "left": 120000.0, "top": 125000.0, "right": 125000.0, "bottom": 130000.0, "row_index": 22, "col_index": 48 }, "geometry": { "type": "Point", "coordinates": [ 6.6552579, 52.609965 ] } },
{ "type": "Feature", "properties": { "id": 3144, "left": 120000.0, "top": 120000.0, "right": 125000.0, "bottom": 125000.0, "row_index": 23, "col_index": 48 }, "geometry": { "type": "Point", "coordinates": [ 6.6534455, 52.5650439 ] } },
{ "type": "Feature", "properties": { "id": 3145, "left": 120000.0, "top": 115000.0, "right": 125000.0, "bottom": 120000.0, "row_index": 24, "col_index": 48 }, "geometry": { "type": "Point", "coordinates": [ 6.6516379, 52.5201224 ] } },
{ "type": "Feature", "properties": { "id": 3146, "left": 120000.0, "top": 110000.0, "right": 125000.0, "bottom": 115000.0, "row_index": 25, "col_index": 48 }, "geometry": { "type": "Point", "coordinates": [ 6.649835, 52.4752005 ] } },
{ "type": "Feature", "properties": { "id": 3147, "left": 120000.0, "top": 105000.0, "right": 125000.0, "bottom": 110000.0, "row_index": 26, "col_index": 48 }, "geometry": { "type": "Point", "coordinates": [ 6.6480368, 52.4302783 ] } },
{ "type": "Feature", "properties": { "id": 3148, "left": 120000.0, "top": 100000.0, "right": 125000.0, "bottom": 105000.0, "row_index": 27, "col_index": 48 }, "geometry": { "type": "Point", "coordinates": [ 6.6462434, 52.3853557 ] } },
{ "type": "Feature", "properties": { "id": 3149, "left": 120000.0, "top": 95000.0, "right": 125000.0, "bottom": 100000.0, "row_index": 28, "col_index": 48 }, "geometry": { "type": "Point", "coordinates": [ 6.6444548, 52.3404328 ] } },
{ "type": "Feature", "properties": { "id": 3150, "left": 120000.0, "top": 90000.0, "right": 125000.0, "bottom": 95000.0, "row_index": 29, "col_index": 48 }, "geometry": { "type": "Point", "coordinates": [ 6.6426708, 52.2955095 ] } },
{ "type": "Feature", "properties": { "id": 3151, "left": 120000.0, "top": 85000.0, "right": 125000.0, "bottom": 90000.0, "row_index": 30, "col_index": 48 }, "geometry": { "type": "Point", "coordinates": [ 6.6408915, 52.2505858 ] } },
{ "type": "Feature", "properties": { "id": 3152, "left": 120000.0, "top": 80000.0, "right": 125000.0, "bottom": 85000.0, "row_index": 31, "col_index": 48 }, "geometry": { "type": "Point", "coordinates": [ 6.6391168, 52.2056617 ] } },
{ "type": "Feature", "properties": { "id": 3153, "left": 120000.0, "top": 75000.0, "right": 125000.0, "bottom": 80000.0, "row_index": 32, "col_index": 48 }, "geometry": { "type": "Point", "coordinates": [ 6.6373469, 52.1607373 ] } },
{ "type": "Feature", "properties": { "id": 3154, "left": 120000.0, "top": 70000.0, "right": 125000.0, "bottom": 75000.0, "row_index": 33, "col_index": 48 }, "geometry": { "type": "Point", "coordinates": [ 6.6355815, 52.1158125 ] } },
{ "type": "Feature", "properties": { "id": 3155, "left": 120000.0, "top": 65000.0, "right": 125000.0, "bottom": 70000.0, "row_index": 34, "col_index": 48 }, "geometry": { "type": "Point", "coordinates": [ 6.6338208, 52.0708873 ] } },
{ "type": "Feature", "properties": { "id": 3156, "left": 120000.0, "top": 60000.0, "right": 125000.0, "bottom": 65000.0, "row_index": 35, "col_index": 48 }, "geometry": { "type": "Point", "coordinates": [ 6.6320647, 52.0259618 ] } },
{ "type": "Feature", "properties": { "id": 3157, "left": 120000.0, "top": 55000.0, "right": 125000.0, "bottom": 60000.0, "row_index": 36, "col_index": 48 }, "geometry": { "type": "Point", "coordinates": [ 6.6303131, 51.9810359 ] } },
{ "type": "Feature", "properties": { "id": 3158, "left": 120000.0, "top": 50000.0, "right": 125000.0, "bottom": 55000.0, "row_index": 37, "col_index": 48 }, "geometry": { "type": "Point", "coordinates": [ 6.6285662, 51.9361096 ] } },
{ "type": "Feature", "properties": { "id": 3159, "left": 120000.0, "top": 45000.0, "right": 125000.0, "bottom": 50000.0, "row_index": 38, "col_index": 48 }, "geometry": { "type": "Point", "coordinates": [ 6.6268238, 51.891183 ] } },
{ "type": "Feature", "properties": { "id": 3160, "left": 120000.0, "top": 40000.0, "right": 125000.0, "bottom": 45000.0, "row_index": 39, "col_index": 48 }, "geometry": { "type": "Point", "coordinates": [ 6.6250859, 51.846256 ] } },
{ "type": "Feature", "properties": { "id": 3161, "left": 120000.0, "top": 35000.0, "right": 125000.0, "bottom": 40000.0, "row_index": 40, "col_index": 48 }, "geometry": { "type": "Point", "coordinates": [ 6.6233525, 51.8013286 ] } },
{ "type": "Feature", "properties": { "id": 3162, "left": 120000.0, "top": 30000.0, "right": 125000.0, "bottom": 35000.0, "row_index": 41, "col_index": 48 }, "geometry": { "type": "Point", "coordinates": [ 6.6216237, 51.7564008 ] } },
{ "type": "Feature", "properties": { "id": 3163, "left": 120000.0, "top": 25000.0, "right": 125000.0, "bottom": 30000.0, "row_index": 42, "col_index": 48 }, "geometry": { "type": "Point", "coordinates": [ 6.6198994, 51.7114727 ] } },
{ "type": "Feature", "properties": { "id": 3164, "left": 120000.0, "top": 20000.0, "right": 125000.0, "bottom": 25000.0, "row_index": 43, "col_index": 48 }, "geometry": { "type": "Point", "coordinates": [ 6.6181795, 51.6665442 ] } },
{ "type": "Feature", "properties": { "id": 3165, "left": 120000.0, "top": 15000.0, "right": 125000.0, "bottom": 20000.0, "row_index": 44, "col_index": 48 }, "geometry": { "type": "Point", "coordinates": [ 6.6164641, 51.6216153 ] } },
{ "type": "Feature", "properties": { "id": 3166, "left": 120000.0, "top": 10000.0, "right": 125000.0, "bottom": 15000.0, "row_index": 45, "col_index": 48 }, "geometry": { "type": "Point", "coordinates": [ 6.6147531, 51.5766861 ] } },
{ "type": "Feature", "properties": { "id": 3167, "left": 120000.0, "top": 5000.0, "right": 125000.0, "bottom": 10000.0, "row_index": 46, "col_index": 48 }, "geometry": { "type": "Point", "coordinates": [ 6.6130466, 51.5317565 ] } },
{ "type": "Feature", "properties": { "id": 3168, "left": 120000.0, "top": 0.0, "right": 125000.0, "bottom": 5000.0, "row_index": 47, "col_index": 48 }, "geometry": { "type": "Point", "coordinates": [ 6.6113445, 51.4868265 ] } },
{ "type": "Feature", "properties": { "id": 3169, "left": 120000.0, "top": -5000.0, "right": 125000.0, "bottom": 0.0, "row_index": 48, "col_index": 48 }, "geometry": { "type": "Point", "coordinates": [ 6.6096468, 51.4418962 ] } },
{ "type": "Feature", "properties": { "id": 3170, "left": 120000.0, "top": -10000.0, "right": 125000.0, "bottom": -5000.0, "row_index": 49, "col_index": 48 }, "geometry": { "type": "Point", "coordinates": [ 6.6079535, 51.3969655 ] } },
{ "type": "Feature", "properties": { "id": 3171, "left": 120000.0, "top": -15000.0, "right": 125000.0, "bottom": -10000.0, "row_index": 50, "col_index": 48 }, "geometry": { "type": "Point", "coordinates": [ 6.6062645, 51.3520344 ] } },
{ "type": "Feature", "properties": { "id": 3172, "left": 120000.0, "top": -20000.0, "right": 125000.0, "bottom": -15000.0, "row_index": 51, "col_index": 48 }, "geometry": { "type": "Point", "coordinates": [ 6.6045799, 51.3071029 ] } },
{ "type": "Feature", "properties": { "id": 3173, "left": 120000.0, "top": -25000.0, "right": 125000.0, "bottom": -20000.0, "row_index": 52, "col_index": 48 }, "geometry": { "type": "Point", "coordinates": [ 6.6028997, 51.2621711 ] } },
{ "type": "Feature", "properties": { "id": 3174, "left": 120000.0, "top": -30000.0, "right": 125000.0, "bottom": -25000.0, "row_index": 53, "col_index": 48 }, "geometry": { "type": "Point", "coordinates": [ 6.6012238, 51.2172389 ] } },
{ "type": "Feature", "properties": { "id": 3175, "left": 120000.0, "top": -35000.0, "right": 125000.0, "bottom": -30000.0, "row_index": 54, "col_index": 48 }, "geometry": { "type": "Point", "coordinates": [ 6.5995521, 51.1723063 ] } },
{ "type": "Feature", "properties": { "id": 3176, "left": 120000.0, "top": -40000.0, "right": 125000.0, "bottom": -35000.0, "row_index": 55, "col_index": 48 }, "geometry": { "type": "Point", "coordinates": [ 6.5978848, 51.1273734 ] } },
{ "type": "Feature", "properties": { "id": 3177, "left": 120000.0, "top": -45000.0, "right": 125000.0, "bottom": -40000.0, "row_index": 56, "col_index": 48 }, "geometry": { "type": "Point", "coordinates": [ 6.5962218, 51.0824401 ] } },
{ "type": "Feature", "properties": { "id": 3178, "left": 120000.0, "top": -50000.0, "right": 125000.0, "bottom": -45000.0, "row_index": 57, "col_index": 48 }, "geometry": { "type": "Point", "coordinates": [ 6.594563, 51.0375064 ] } },
{ "type": "Feature", "properties": { "id": 3179, "left": 120000.0, "top": -55000.0, "right": 125000.0, "bottom": -50000.0, "row_index": 58, "col_index": 48 }, "geometry": { "type": "Point", "coordinates": [ 6.5929085, 50.9925724 ] } },
{ "type": "Feature", "properties": { "id": 3180, "left": 120000.0, "top": -60000.0, "right": 125000.0, "bottom": -55000.0, "row_index": 59, "col_index": 48 }, "geometry": { "type": "Point", "coordinates": [ 6.5912583, 50.9476379 ] } },
{ "type": "Feature", "properties": { "id": 3181, "left": 120000.0, "top": -65000.0, "right": 125000.0, "bottom": -60000.0, "row_index": 60, "col_index": 48 }, "geometry": { "type": "Point", "coordinates": [ 6.5896122, 50.9027031 ] } },
{ "type": "Feature", "properties": { "id": 3182, "left": 120000.0, "top": -70000.0, "right": 125000.0, "bottom": -65000.0, "row_index": 61, "col_index": 48 }, "geometry": { "type": "Point", "coordinates": [ 6.5879704, 50.857768 ] } },
{ "type": "Feature", "properties": { "id": 3183, "left": 120000.0, "top": -75000.0, "right": 125000.0, "bottom": -70000.0, "row_index": 62, "col_index": 48 }, "geometry": { "type": "Point", "coordinates": [ 6.5863327, 50.8128324 ] } },
{ "type": "Feature", "properties": { "id": 3184, "left": 120000.0, "top": -80000.0, "right": 125000.0, "bottom": -75000.0, "row_index": 63, "col_index": 48 }, "geometry": { "type": "Point", "coordinates": [ 6.5846993, 50.7678965 ] } },
{ "type": "Feature", "properties": { "id": 3185, "left": 120000.0, "top": -85000.0, "right": 125000.0, "bottom": -80000.0, "row_index": 64, "col_index": 48 }, "geometry": { "type": "Point", "coordinates": [ 6.58307, 50.7229602 ] } },
{ "type": "Feature", "properties": { "id": 3186, "left": 125000.0, "top": 235000.0, "right": 130000.0, "bottom": 240000.0, "row_index": 0, "col_index": 49 }, "geometry": { "type": "Point", "coordinates": [ 6.7718759, 53.5970005 ] } },
{ "type": "Feature", "properties": { "id": 3187, "left": 125000.0, "top": 230000.0, "right": 130000.0, "bottom": 235000.0, "row_index": 1, "col_index": 49 }, "geometry": { "type": "Point", "coordinates": [ 6.7698739, 53.5520887 ] } },
{ "type": "Feature", "properties": { "id": 3188, "left": 125000.0, "top": 225000.0, "right": 130000.0, "bottom": 230000.0, "row_index": 2, "col_index": 49 }, "geometry": { "type": "Point", "coordinates": [ 6.7678773, 53.5071764 ] } },
{ "type": "Feature", "properties": { "id": 3189, "left": 125000.0, "top": 220000.0, "right": 130000.0, "bottom": 225000.0, "row_index": 3, "col_index": 49 }, "geometry": { "type": "Point", "coordinates": [ 6.765886, 53.4622638 ] } },
{ "type": "Feature", "properties": { "id": 3190, "left": 125000.0, "top": 215000.0, "right": 130000.0, "bottom": 220000.0, "row_index": 4, "col_index": 49 }, "geometry": { "type": "Point", "coordinates": [ 6.7639002, 53.4173509 ] } },
{ "type": "Feature", "properties": { "id": 3191, "left": 125000.0, "top": 210000.0, "right": 130000.0, "bottom": 215000.0, "row_index": 5, "col_index": 49 }, "geometry": { "type": "Point", "coordinates": [ 6.7619196, 53.3724376 ] } },
{ "type": "Feature", "properties": { "id": 3192, "left": 125000.0, "top": 205000.0, "right": 130000.0, "bottom": 210000.0, "row_index": 6, "col_index": 49 }, "geometry": { "type": "Point", "coordinates": [ 6.7599444, 53.3275239 ] } },
{ "type": "Feature", "properties": { "id": 3193, "left": 125000.0, "top": 200000.0, "right": 130000.0, "bottom": 205000.0, "row_index": 7, "col_index": 49 }, "geometry": { "type": "Point", "coordinates": [ 6.7579744, 53.2826098 ] } },
{ "type": "Feature", "properties": { "id": 3194, "left": 125000.0, "top": 195000.0, "right": 130000.0, "bottom": 200000.0, "row_index": 8, "col_index": 49 }, "geometry": { "type": "Point", "coordinates": [ 6.7560098, 53.2376953 ] } },
{ "type": "Feature", "properties": { "id": 3195, "left": 125000.0, "top": 190000.0, "right": 130000.0, "bottom": 195000.0, "row_index": 9, "col_index": 49 }, "geometry": { "type": "Point", "coordinates": [ 6.7540504, 53.1927805 ] } },
{ "type": "Feature", "properties": { "id": 3196, "left": 125000.0, "top": 185000.0, "right": 130000.0, "bottom": 190000.0, "row_index": 10, "col_index": 49 }, "geometry": { "type": "Point", "coordinates": [ 6.7520962, 53.1478654 ] } },
{ "type": "Feature", "properties": { "id": 3197, "left": 125000.0, "top": 180000.0, "right": 130000.0, "bottom": 185000.0, "row_index": 11, "col_index": 49 }, "geometry": { "type": "Point", "coordinates": [ 6.7501472, 53.1029498 ] } },
{ "type": "Feature", "properties": { "id": 3198, "left": 125000.0, "top": 175000.0, "right": 130000.0, "bottom": 180000.0, "row_index": 12, "col_index": 49 }, "geometry": { "type": "Point", "coordinates": [ 6.7482035, 53.0580339 ] } },
{ "type": "Feature", "properties": { "id": 3199, "left": 125000.0, "top": 170000.0, "right": 130000.0, "bottom": 175000.0, "row_index": 13, "col_index": 49 }, "geometry": { "type": "Point", "coordinates": [ 6.7462649, 53.0131176 ] } },
{ "type": "Feature", "properties": { "id": 3200, "left": 125000.0, "top": 165000.0, "right": 130000.0, "bottom": 170000.0, "row_index": 14, "col_index": 49 }, "geometry": { "type": "Point", "coordinates": [ 6.7443315, 52.9682009 ] } },
{ "type": "Feature", "properties": { "id": 3201, "left": 125000.0, "top": 160000.0, "right": 130000.0, "bottom": 165000.0, "row_index": 15, "col_index": 49 }, "geometry": { "type": "Point", "coordinates": [ 6.7424032, 52.9232839 ] } },
{ "type": "Feature", "properties": { "id": 3202, "left": 125000.0, "top": 155000.0, "right": 130000.0, "bottom": 160000.0, "row_index": 16, "col_index": 49 }, "geometry": { "type": "Point", "coordinates": [ 6.7404801, 52.8783665 ] } },
{ "type": "Feature", "properties": { "id": 3203, "left": 125000.0, "top": 150000.0, "right": 130000.0, "bottom": 155000.0, "row_index": 17, "col_index": 49 }, "geometry": { "type": "Point", "coordinates": [ 6.7385621, 52.8334487 ] } },
{ "type": "Feature", "properties": { "id": 3204, "left": 125000.0, "top": 145000.0, "right": 130000.0, "bottom": 150000.0, "row_index": 18, "col_index": 49 }, "geometry": { "type": "Point", "coordinates": [ 6.7366491, 52.7885306 ] } },
{ "type": "Feature", "properties": { "id": 3205, "left": 125000.0, "top": 140000.0, "right": 130000.0, "bottom": 145000.0, "row_index": 19, "col_index": 49 }, "geometry": { "type": "Point", "coordinates": [ 6.7347412, 52.7436121 ] } },
{ "type": "Feature", "properties": { "id": 3206, "left": 125000.0, "top": 135000.0, "right": 130000.0, "bottom": 140000.0, "row_index": 20, "col_index": 49 }, "geometry": { "type": "Point", "coordinates": [ 6.7328384, 52.6986932 ] } },
{ "type": "Feature", "properties": { "id": 3207, "left": 125000.0, "top": 130000.0, "right": 130000.0, "bottom": 135000.0, "row_index": 21, "col_index": 49 }, "geometry": { "type": "Point", "coordinates": [ 6.7309406, 52.6537739 ] } },
{ "type": "Feature", "properties": { "id": 3208, "left": 125000.0, "top": 125000.0, "right": 130000.0, "bottom": 130000.0, "row_index": 22, "col_index": 49 }, "geometry": { "type": "Point", "coordinates": [ 6.7290479, 52.6088543 ] } },
{ "type": "Feature", "properties": { "id": 3209, "left": 125000.0, "top": 120000.0, "right": 130000.0, "bottom": 125000.0, "row_index": 23, "col_index": 49 }, "geometry": { "type": "Point", "coordinates": [ 6.7271601, 52.5639343 ] } },
{ "type": "Feature", "properties": { "id": 3210, "left": 125000.0, "top": 115000.0, "right": 130000.0, "bottom": 120000.0, "row_index": 24, "col_index": 49 }, "geometry": { "type": "Point", "coordinates": [ 6.7252773, 52.519014 ] } },
{ "type": "Feature", "properties": { "id": 3211, "left": 125000.0, "top": 110000.0, "right": 130000.0, "bottom": 115000.0, "row_index": 25, "col_index": 49 }, "geometry": { "type": "Point", "coordinates": [ 6.7233995, 52.4740932 ] } },
{ "type": "Feature", "properties": { "id": 3212, "left": 125000.0, "top": 105000.0, "right": 130000.0, "bottom": 110000.0, "row_index": 26, "col_index": 49 }, "geometry": { "type": "Point", "coordinates": [ 6.7215266, 52.4291721 ] } },
{ "type": "Feature", "properties": { "id": 3213, "left": 125000.0, "top": 100000.0, "right": 130000.0, "bottom": 105000.0, "row_index": 27, "col_index": 49 }, "geometry": { "type": "Point", "coordinates": [ 6.7196587, 52.3842506 ] } },
{ "type": "Feature", "properties": { "id": 3214, "left": 125000.0, "top": 95000.0, "right": 130000.0, "bottom": 100000.0, "row_index": 28, "col_index": 49 }, "geometry": { "type": "Point", "coordinates": [ 6.7177957, 52.3393288 ] } },
{ "type": "Feature", "properties": { "id": 3215, "left": 125000.0, "top": 90000.0, "right": 130000.0, "bottom": 95000.0, "row_index": 29, "col_index": 49 }, "geometry": { "type": "Point", "coordinates": [ 6.7159375, 52.2944066 ] } },
{ "type": "Feature", "properties": { "id": 3216, "left": 125000.0, "top": 85000.0, "right": 130000.0, "bottom": 90000.0, "row_index": 30, "col_index": 49 }, "geometry": { "type": "Point", "coordinates": [ 6.7140843, 52.249484 ] } },
{ "type": "Feature", "properties": { "id": 3217, "left": 125000.0, "top": 80000.0, "right": 130000.0, "bottom": 85000.0, "row_index": 31, "col_index": 49 }, "geometry": { "type": "Point", "coordinates": [ 6.7122359, 52.204561 ] } },
{ "type": "Feature", "properties": { "id": 3218, "left": 125000.0, "top": 75000.0, "right": 130000.0, "bottom": 80000.0, "row_index": 32, "col_index": 49 }, "geometry": { "type": "Point", "coordinates": [ 6.7103923, 52.1596377 ] } },
{ "type": "Feature", "properties": { "id": 3219, "left": 125000.0, "top": 70000.0, "right": 130000.0, "bottom": 75000.0, "row_index": 33, "col_index": 49 }, "geometry": { "type": "Point", "coordinates": [ 6.7085536, 52.1147139 ] } },
{ "type": "Feature", "properties": { "id": 3220, "left": 125000.0, "top": 65000.0, "right": 130000.0, "bottom": 70000.0, "row_index": 34, "col_index": 49 }, "geometry": { "type": "Point", "coordinates": [ 6.7067197, 52.0697899 ] } },
{ "type": "Feature", "properties": { "id": 3221, "left": 125000.0, "top": 60000.0, "right": 130000.0, "bottom": 65000.0, "row_index": 35, "col_index": 49 }, "geometry": { "type": "Point", "coordinates": [ 6.7048906, 52.0248654 ] } },
{ "type": "Feature", "properties": { "id": 3222, "left": 125000.0, "top": 55000.0, "right": 130000.0, "bottom": 60000.0, "row_index": 36, "col_index": 49 }, "geometry": { "type": "Point", "coordinates": [ 6.7030662, 51.9799406 ] } },
{ "type": "Feature", "properties": { "id": 3223, "left": 125000.0, "top": 50000.0, "right": 130000.0, "bottom": 55000.0, "row_index": 37, "col_index": 49 }, "geometry": { "type": "Point", "coordinates": [ 6.7012467, 51.9350154 ] } },
{ "type": "Feature", "properties": { "id": 3224, "left": 125000.0, "top": 45000.0, "right": 130000.0, "bottom": 50000.0, "row_index": 38, "col_index": 49 }, "geometry": { "type": "Point", "coordinates": [ 6.6994318, 51.8900898 ] } },
{ "type": "Feature", "properties": { "id": 3225, "left": 125000.0, "top": 40000.0, "right": 130000.0, "bottom": 45000.0, "row_index": 39, "col_index": 49 }, "geometry": { "type": "Point", "coordinates": [ 6.6976217, 51.8451639 ] } },
{ "type": "Feature", "properties": { "id": 3226, "left": 125000.0, "top": 35000.0, "right": 130000.0, "bottom": 40000.0, "row_index": 40, "col_index": 49 }, "geometry": { "type": "Point", "coordinates": [ 6.6958163, 51.8002376 ] } },
{ "type": "Feature", "properties": { "id": 3227, "left": 125000.0, "top": 30000.0, "right": 130000.0, "bottom": 35000.0, "row_index": 41, "col_index": 49 }, "geometry": { "type": "Point", "coordinates": [ 6.6940156, 51.7553109 ] } },
{ "type": "Feature", "properties": { "id": 3228, "left": 125000.0, "top": 25000.0, "right": 130000.0, "bottom": 30000.0, "row_index": 42, "col_index": 49 }, "geometry": { "type": "Point", "coordinates": [ 6.6922196, 51.7103838 ] } },
{ "type": "Feature", "properties": { "id": 3229, "left": 125000.0, "top": 20000.0, "right": 130000.0, "bottom": 25000.0, "row_index": 43, "col_index": 49 }, "geometry": { "type": "Point", "coordinates": [ 6.6904283, 51.6654564 ] } },
{ "type": "Feature", "properties": { "id": 3230, "left": 125000.0, "top": 15000.0, "right": 130000.0, "bottom": 20000.0, "row_index": 44, "col_index": 49 }, "geometry": { "type": "Point", "coordinates": [ 6.6886416, 51.6205286 ] } },
{ "type": "Feature", "properties": { "id": 3231, "left": 125000.0, "top": 10000.0, "right": 130000.0, "bottom": 15000.0, "row_index": 45, "col_index": 49 }, "geometry": { "type": "Point", "coordinates": [ 6.6868595, 51.5756004 ] } },
{ "type": "Feature", "properties": { "id": 3232, "left": 125000.0, "top": 5000.0, "right": 130000.0, "bottom": 10000.0, "row_index": 46, "col_index": 49 }, "geometry": { "type": "Point", "coordinates": [ 6.685082, 51.5306719 ] } },
{ "type": "Feature", "properties": { "id": 3233, "left": 125000.0, "top": 0.0, "right": 130000.0, "bottom": 5000.0, "row_index": 47, "col_index": 49 }, "geometry": { "type": "Point", "coordinates": [ 6.6833092, 51.485743 ] } },
{ "type": "Feature", "properties": { "id": 3234, "left": 125000.0, "top": -5000.0, "right": 130000.0, "bottom": 0.0, "row_index": 48, "col_index": 49 }, "geometry": { "type": "Point", "coordinates": [ 6.6815409, 51.4408137 ] } },
{ "type": "Feature", "properties": { "id": 3235, "left": 125000.0, "top": -10000.0, "right": 130000.0, "bottom": -5000.0, "row_index": 49, "col_index": 49 }, "geometry": { "type": "Point", "coordinates": [ 6.6797772, 51.395884 ] } },
{ "type": "Feature", "properties": { "id": 3236, "left": 125000.0, "top": -15000.0, "right": 130000.0, "bottom": -10000.0, "row_index": 50, "col_index": 49 }, "geometry": { "type": "Point", "coordinates": [ 6.678018, 51.350954 ] } },
{ "type": "Feature", "properties": { "id": 3237, "left": 125000.0, "top": -20000.0, "right": 130000.0, "bottom": -15000.0, "row_index": 51, "col_index": 49 }, "geometry": { "type": "Point", "coordinates": [ 6.6762634, 51.3060236 ] } },
{ "type": "Feature", "properties": { "id": 3238, "left": 125000.0, "top": -25000.0, "right": 130000.0, "bottom": -20000.0, "row_index": 52, "col_index": 49 }, "geometry": { "type": "Point", "coordinates": [ 6.6745133, 51.2610928 ] } },
{ "type": "Feature", "properties": { "id": 3239, "left": 125000.0, "top": -30000.0, "right": 130000.0, "bottom": -25000.0, "row_index": 53, "col_index": 49 }, "geometry": { "type": "Point", "coordinates": [ 6.6727677, 51.2161616 ] } },
{ "type": "Feature", "properties": { "id": 3240, "left": 125000.0, "top": -35000.0, "right": 130000.0, "bottom": -30000.0, "row_index": 54, "col_index": 49 }, "geometry": { "type": "Point", "coordinates": [ 6.6710266, 51.1712301 ] } },
{ "type": "Feature", "properties": { "id": 3241, "left": 125000.0, "top": -40000.0, "right": 130000.0, "bottom": -35000.0, "row_index": 55, "col_index": 49 }, "geometry": { "type": "Point", "coordinates": [ 6.66929, 51.1262982 ] } },
{ "type": "Feature", "properties": { "id": 3242, "left": 125000.0, "top": -45000.0, "right": 130000.0, "bottom": -40000.0, "row_index": 56, "col_index": 49 }, "geometry": { "type": "Point", "coordinates": [ 6.6675578, 51.081366 ] } },
{ "type": "Feature", "properties": { "id": 3243, "left": 125000.0, "top": -50000.0, "right": 130000.0, "bottom": -45000.0, "row_index": 57, "col_index": 49 }, "geometry": { "type": "Point", "coordinates": [ 6.6658301, 51.0364333 ] } },
{ "type": "Feature", "properties": { "id": 3244, "left": 125000.0, "top": -55000.0, "right": 130000.0, "bottom": -50000.0, "row_index": 58, "col_index": 49 }, "geometry": { "type": "Point", "coordinates": [ 6.6641069, 50.9915003 ] } },
{ "type": "Feature", "properties": { "id": 3245, "left": 125000.0, "top": -60000.0, "right": 130000.0, "bottom": -55000.0, "row_index": 59, "col_index": 49 }, "geometry": { "type": "Point", "coordinates": [ 6.662388, 50.9465669 ] } },
{ "type": "Feature", "properties": { "id": 3246, "left": 125000.0, "top": -65000.0, "right": 130000.0, "bottom": -60000.0, "row_index": 60, "col_index": 49 }, "geometry": { "type": "Point", "coordinates": [ 6.6606735, 50.9016331 ] } },
{ "type": "Feature", "properties": { "id": 3247, "left": 125000.0, "top": -70000.0, "right": 130000.0, "bottom": -65000.0, "row_index": 61, "col_index": 49 }, "geometry": { "type": "Point", "coordinates": [ 6.6589634, 50.856699 ] } },
{ "type": "Feature", "properties": { "id": 3248, "left": 125000.0, "top": -75000.0, "right": 130000.0, "bottom": -70000.0, "row_index": 62, "col_index": 49 }, "geometry": { "type": "Point", "coordinates": [ 6.6572577, 50.8117645 ] } },
{ "type": "Feature", "properties": { "id": 3249, "left": 125000.0, "top": -80000.0, "right": 130000.0, "bottom": -75000.0, "row_index": 63, "col_index": 49 }, "geometry": { "type": "Point", "coordinates": [ 6.6555564, 50.7668296 ] } },
{ "type": "Feature", "properties": { "id": 3250, "left": 125000.0, "top": -85000.0, "right": 130000.0, "bottom": -80000.0, "row_index": 64, "col_index": 49 }, "geometry": { "type": "Point", "coordinates": [ 6.6538594, 50.7218944 ] } },
{ "type": "Feature", "properties": { "id": 3251, "left": 130000.0, "top": 235000.0, "right": 135000.0, "bottom": 240000.0, "row_index": 0, "col_index": 50 }, "geometry": { "type": "Point", "coordinates": [ 6.8473706, 53.5958186 ] } },
{ "type": "Feature", "properties": { "id": 3252, "left": 130000.0, "top": 230000.0, "right": 135000.0, "bottom": 235000.0, "row_index": 1, "col_index": 50 }, "geometry": { "type": "Point", "coordinates": [ 6.8452888, 53.550908 ] } },
{ "type": "Feature", "properties": { "id": 3253, "left": 130000.0, "top": 225000.0, "right": 135000.0, "bottom": 230000.0, "row_index": 2, "col_index": 50 }, "geometry": { "type": "Point", "coordinates": [ 6.8432125, 53.5059969 ] } },
{ "type": "Feature", "properties": { "id": 3254, "left": 130000.0, "top": 220000.0, "right": 135000.0, "bottom": 225000.0, "row_index": 3, "col_index": 50 }, "geometry": { "type": "Point", "coordinates": [ 6.8411418, 53.4610855 ] } },
{ "type": "Feature", "properties": { "id": 3255, "left": 130000.0, "top": 215000.0, "right": 135000.0, "bottom": 220000.0, "row_index": 4, "col_index": 50 }, "geometry": { "type": "Point", "coordinates": [ 6.8390767, 53.4161738 ] } },
{ "type": "Feature", "properties": { "id": 3256, "left": 130000.0, "top": 210000.0, "right": 135000.0, "bottom": 215000.0, "row_index": 5, "col_index": 50 }, "geometry": { "type": "Point", "coordinates": [ 6.8370172, 53.3712617 ] } },
{ "type": "Feature", "properties": { "id": 3257, "left": 130000.0, "top": 205000.0, "right": 135000.0, "bottom": 210000.0, "row_index": 6, "col_index": 50 }, "geometry": { "type": "Point", "coordinates": [ 6.8349631, 53.3263492 ] } },
{ "type": "Feature", "properties": { "id": 3258, "left": 130000.0, "top": 200000.0, "right": 135000.0, "bottom": 205000.0, "row_index": 7, "col_index": 50 }, "geometry": { "type": "Point", "coordinates": [ 6.8329146, 53.2814363 ] } },
{ "type": "Feature", "properties": { "id": 3259, "left": 130000.0, "top": 195000.0, "right": 135000.0, "bottom": 200000.0, "row_index": 8, "col_index": 50 }, "geometry": { "type": "Point", "coordinates": [ 6.8308716, 53.236523 ] } },
{ "type": "Feature", "properties": { "id": 3260, "left": 130000.0, "top": 190000.0, "right": 135000.0, "bottom": 195000.0, "row_index": 9, "col_index": 50 }, "geometry": { "type": "Point", "coordinates": [ 6.828834, 53.1916094 ] } },
{ "type": "Feature", "properties": { "id": 3261, "left": 130000.0, "top": 185000.0, "right": 135000.0, "bottom": 190000.0, "row_index": 10, "col_index": 50 }, "geometry": { "type": "Point", "coordinates": [ 6.8268018, 53.1466954 ] } },
{ "type": "Feature", "properties": { "id": 3262, "left": 130000.0, "top": 180000.0, "right": 135000.0, "bottom": 185000.0, "row_index": 11, "col_index": 50 }, "geometry": { "type": "Point", "coordinates": [ 6.8247751, 53.101781 ] } },
{ "type": "Feature", "properties": { "id": 3263, "left": 130000.0, "top": 175000.0, "right": 135000.0, "bottom": 180000.0, "row_index": 12, "col_index": 50 }, "geometry": { "type": "Point", "coordinates": [ 6.8227538, 53.0568663 ] } },
{ "type": "Feature", "properties": { "id": 3264, "left": 130000.0, "top": 170000.0, "right": 135000.0, "bottom": 175000.0, "row_index": 13, "col_index": 50 }, "geometry": { "type": "Point", "coordinates": [ 6.8207379, 53.0119512 ] } },
{ "type": "Feature", "properties": { "id": 3265, "left": 130000.0, "top": 165000.0, "right": 135000.0, "bottom": 170000.0, "row_index": 14, "col_index": 50 }, "geometry": { "type": "Point", "coordinates": [ 6.8187274, 52.9670357 ] } },
{ "type": "Feature", "properties": { "id": 3266, "left": 130000.0, "top": 160000.0, "right": 135000.0, "bottom": 165000.0, "row_index": 15, "col_index": 50 }, "geometry": { "type": "Point", "coordinates": [ 6.8167222, 52.9221199 ] } },
{ "type": "Feature", "properties": { "id": 3267, "left": 130000.0, "top": 155000.0, "right": 135000.0, "bottom": 160000.0, "row_index": 16, "col_index": 50 }, "geometry": { "type": "Point", "coordinates": [ 6.8147223, 52.8772036 ] } },
{ "type": "Feature", "properties": { "id": 3268, "left": 130000.0, "top": 150000.0, "right": 135000.0, "bottom": 155000.0, "row_index": 17, "col_index": 50 }, "geometry": { "type": "Point", "coordinates": [ 6.8127277, 52.832287 ] } },
{ "type": "Feature", "properties": { "id": 3269, "left": 130000.0, "top": 145000.0, "right": 135000.0, "bottom": 150000.0, "row_index": 18, "col_index": 50 }, "geometry": { "type": "Point", "coordinates": [ 6.8107385, 52.78737 ] } },
{ "type": "Feature", "properties": { "id": 3270, "left": 130000.0, "top": 140000.0, "right": 135000.0, "bottom": 145000.0, "row_index": 19, "col_index": 50 }, "geometry": { "type": "Point", "coordinates": [ 6.8087545, 52.7424527 ] } },
{ "type": "Feature", "properties": { "id": 3271, "left": 130000.0, "top": 135000.0, "right": 135000.0, "bottom": 140000.0, "row_index": 20, "col_index": 50 }, "geometry": { "type": "Point", "coordinates": [ 6.8067758, 52.697535 ] } },
{ "type": "Feature", "properties": { "id": 3272, "left": 130000.0, "top": 130000.0, "right": 135000.0, "bottom": 135000.0, "row_index": 21, "col_index": 50 }, "geometry": { "type": "Point", "coordinates": [ 6.8048023, 52.6526169 ] } },
{ "type": "Feature", "properties": { "id": 3273, "left": 130000.0, "top": 125000.0, "right": 135000.0, "bottom": 130000.0, "row_index": 22, "col_index": 50 }, "geometry": { "type": "Point", "coordinates": [ 6.802834, 52.6076984 ] } },
{ "type": "Feature", "properties": { "id": 3274, "left": 130000.0, "top": 120000.0, "right": 135000.0, "bottom": 125000.0, "row_index": 23, "col_index": 50 }, "geometry": { "type": "Point", "coordinates": [ 6.8008709, 52.5627796 ] } },
{ "type": "Feature", "properties": { "id": 3275, "left": 130000.0, "top": 115000.0, "right": 135000.0, "bottom": 120000.0, "row_index": 24, "col_index": 50 }, "geometry": { "type": "Point", "coordinates": [ 6.798913, 52.5178604 ] } },
{ "type": "Feature", "properties": { "id": 3276, "left": 130000.0, "top": 110000.0, "right": 135000.0, "bottom": 115000.0, "row_index": 25, "col_index": 50 }, "geometry": { "type": "Point", "coordinates": [ 6.7969602, 52.4729408 ] } },
{ "type": "Feature", "properties": { "id": 3277, "left": 130000.0, "top": 105000.0, "right": 135000.0, "bottom": 110000.0, "row_index": 26, "col_index": 50 }, "geometry": { "type": "Point", "coordinates": [ 6.7950127, 52.4280208 ] } },
{ "type": "Feature", "properties": { "id": 3278, "left": 130000.0, "top": 100000.0, "right": 135000.0, "bottom": 105000.0, "row_index": 27, "col_index": 50 }, "geometry": { "type": "Point", "coordinates": [ 6.7930702, 52.3831005 ] } },
{ "type": "Feature", "properties": { "id": 3279, "left": 130000.0, "top": 95000.0, "right": 135000.0, "bottom": 100000.0, "row_index": 28, "col_index": 50 }, "geometry": { "type": "Point", "coordinates": [ 6.7911328, 52.3381798 ] } },
{ "type": "Feature", "properties": { "id": 3280, "left": 130000.0, "top": 90000.0, "right": 135000.0, "bottom": 95000.0, "row_index": 29, "col_index": 50 }, "geometry": { "type": "Point", "coordinates": [ 6.7892006, 52.2932587 ] } },
{ "type": "Feature", "properties": { "id": 3281, "left": 130000.0, "top": 85000.0, "right": 135000.0, "bottom": 90000.0, "row_index": 30, "col_index": 50 }, "geometry": { "type": "Point", "coordinates": [ 6.7872734, 52.2483372 ] } },
{ "type": "Feature", "properties": { "id": 3282, "left": 130000.0, "top": 80000.0, "right": 135000.0, "bottom": 85000.0, "row_index": 31, "col_index": 50 }, "geometry": { "type": "Point", "coordinates": [ 6.7853512, 52.2034154 ] } },
{ "type": "Feature", "properties": { "id": 3283, "left": 130000.0, "top": 75000.0, "right": 135000.0, "bottom": 80000.0, "row_index": 32, "col_index": 50 }, "geometry": { "type": "Point", "coordinates": [ 6.7834341, 52.1584932 ] } },
{ "type": "Feature", "properties": { "id": 3284, "left": 130000.0, "top": 70000.0, "right": 135000.0, "bottom": 75000.0, "row_index": 33, "col_index": 50 }, "geometry": { "type": "Point", "coordinates": [ 6.781522, 52.1135706 ] } },
{ "type": "Feature", "properties": { "id": 3285, "left": 130000.0, "top": 65000.0, "right": 135000.0, "bottom": 70000.0, "row_index": 34, "col_index": 50 }, "geometry": { "type": "Point", "coordinates": [ 6.7796149, 52.0686477 ] } },
{ "type": "Feature", "properties": { "id": 3286, "left": 130000.0, "top": 60000.0, "right": 135000.0, "bottom": 65000.0, "row_index": 35, "col_index": 50 }, "geometry": { "type": "Point", "coordinates": [ 6.7777129, 52.0237243 ] } },
{ "type": "Feature", "properties": { "id": 3287, "left": 130000.0, "top": 55000.0, "right": 135000.0, "bottom": 60000.0, "row_index": 36, "col_index": 50 }, "geometry": { "type": "Point", "coordinates": [ 6.7758157, 51.9788006 ] } },
{ "type": "Feature", "properties": { "id": 3288, "left": 130000.0, "top": 50000.0, "right": 135000.0, "bottom": 55000.0, "row_index": 37, "col_index": 50 }, "geometry": { "type": "Point", "coordinates": [ 6.7739236, 51.9338766 ] } },
{ "type": "Feature", "properties": { "id": 3289, "left": 130000.0, "top": 45000.0, "right": 135000.0, "bottom": 50000.0, "row_index": 38, "col_index": 50 }, "geometry": { "type": "Point", "coordinates": [ 6.7720363, 51.8889521 ] } },
{ "type": "Feature", "properties": { "id": 3290, "left": 130000.0, "top": 40000.0, "right": 135000.0, "bottom": 45000.0, "row_index": 39, "col_index": 50 }, "geometry": { "type": "Point", "coordinates": [ 6.770154, 51.8440273 ] } },
{ "type": "Feature", "properties": { "id": 3291, "left": 130000.0, "top": 35000.0, "right": 135000.0, "bottom": 40000.0, "row_index": 40, "col_index": 50 }, "geometry": { "type": "Point", "coordinates": [ 6.7682766, 51.7991021 ] } },
{ "type": "Feature", "properties": { "id": 3292, "left": 130000.0, "top": 30000.0, "right": 135000.0, "bottom": 35000.0, "row_index": 41, "col_index": 50 }, "geometry": { "type": "Point", "coordinates": [ 6.766404, 51.7541765 ] } },
{ "type": "Feature", "properties": { "id": 3293, "left": 130000.0, "top": 25000.0, "right": 135000.0, "bottom": 30000.0, "row_index": 42, "col_index": 50 }, "geometry": { "type": "Point", "coordinates": [ 6.7645363, 51.7092506 ] } },
{ "type": "Feature", "properties": { "id": 3294, "left": 130000.0, "top": 20000.0, "right": 135000.0, "bottom": 25000.0, "row_index": 43, "col_index": 50 }, "geometry": { "type": "Point", "coordinates": [ 6.7626735, 51.6643243 ] } },
{ "type": "Feature", "properties": { "id": 3295, "left": 130000.0, "top": 15000.0, "right": 135000.0, "bottom": 20000.0, "row_index": 44, "col_index": 50 }, "geometry": { "type": "Point", "coordinates": [ 6.7608155, 51.6193976 ] } },
{ "type": "Feature", "properties": { "id": 3296, "left": 130000.0, "top": 10000.0, "right": 135000.0, "bottom": 15000.0, "row_index": 45, "col_index": 50 }, "geometry": { "type": "Point", "coordinates": [ 6.7589623, 51.5744705 ] } },
{ "type": "Feature", "properties": { "id": 3297, "left": 130000.0, "top": 5000.0, "right": 135000.0, "bottom": 10000.0, "row_index": 46, "col_index": 50 }, "geometry": { "type": "Point", "coordinates": [ 6.7571139, 51.5295431 ] } },
{ "type": "Feature", "properties": { "id": 3298, "left": 130000.0, "top": 0.0, "right": 135000.0, "bottom": 5000.0, "row_index": 47, "col_index": 50 }, "geometry": { "type": "Point", "coordinates": [ 6.7552704, 51.4846153 ] } },
{ "type": "Feature", "properties": { "id": 3299, "left": 130000.0, "top": -5000.0, "right": 135000.0, "bottom": 0.0, "row_index": 48, "col_index": 50 }, "geometry": { "type": "Point", "coordinates": [ 6.7534315, 51.4396871 ] } },
{ "type": "Feature", "properties": { "id": 3300, "left": 130000.0, "top": -10000.0, "right": 135000.0, "bottom": -5000.0, "row_index": 49, "col_index": 50 }, "geometry": { "type": "Point", "coordinates": [ 6.7515974, 51.3947585 ] } },
{ "type": "Feature", "properties": { "id": 3301, "left": 130000.0, "top": -15000.0, "right": 135000.0, "bottom": -10000.0, "row_index": 50, "col_index": 50 }, "geometry": { "type": "Point", "coordinates": [ 6.7497681, 51.3498296 ] } },
{ "type": "Feature", "properties": { "id": 3302, "left": 130000.0, "top": -20000.0, "right": 135000.0, "bottom": -15000.0, "row_index": 51, "col_index": 50 }, "geometry": { "type": "Point", "coordinates": [ 6.7479435, 51.3049002 ] } },
{ "type": "Feature", "properties": { "id": 3303, "left": 130000.0, "top": -25000.0, "right": 135000.0, "bottom": -20000.0, "row_index": 52, "col_index": 50 }, "geometry": { "type": "Point", "coordinates": [ 6.7461235, 51.2599706 ] } },
{ "type": "Feature", "properties": { "id": 3304, "left": 130000.0, "top": -30000.0, "right": 135000.0, "bottom": -25000.0, "row_index": 53, "col_index": 50 }, "geometry": { "type": "Point", "coordinates": [ 6.7443083, 51.2150405 ] } },
{ "type": "Feature", "properties": { "id": 3305, "left": 130000.0, "top": -35000.0, "right": 135000.0, "bottom": -30000.0, "row_index": 54, "col_index": 50 }, "geometry": { "type": "Point", "coordinates": [ 6.7424977, 51.17011 ] } },
{ "type": "Feature", "properties": { "id": 3306, "left": 130000.0, "top": -40000.0, "right": 135000.0, "bottom": -35000.0, "row_index": 55, "col_index": 50 }, "geometry": { "type": "Point", "coordinates": [ 6.7406918, 51.1251792 ] } },
{ "type": "Feature", "properties": { "id": 3307, "left": 130000.0, "top": -45000.0, "right": 135000.0, "bottom": -40000.0, "row_index": 56, "col_index": 50 }, "geometry": { "type": "Point", "coordinates": [ 6.7388905, 51.080248 ] } },
{ "type": "Feature", "properties": { "id": 3308, "left": 130000.0, "top": -50000.0, "right": 135000.0, "bottom": -45000.0, "row_index": 57, "col_index": 50 }, "geometry": { "type": "Point", "coordinates": [ 6.7370939, 51.0353165 ] } },
{ "type": "Feature", "properties": { "id": 3309, "left": 130000.0, "top": -55000.0, "right": 135000.0, "bottom": -50000.0, "row_index": 58, "col_index": 50 }, "geometry": { "type": "Point", "coordinates": [ 6.7353018, 50.9903845 ] } },
{ "type": "Feature", "properties": { "id": 3310, "left": 130000.0, "top": -60000.0, "right": 135000.0, "bottom": -55000.0, "row_index": 59, "col_index": 50 }, "geometry": { "type": "Point", "coordinates": [ 6.7335144, 50.9454522 ] } },
{ "type": "Feature", "properties": { "id": 3311, "left": 130000.0, "top": -65000.0, "right": 135000.0, "bottom": -60000.0, "row_index": 60, "col_index": 50 }, "geometry": { "type": "Point", "coordinates": [ 6.7317315, 50.9005195 ] } },
{ "type": "Feature", "properties": { "id": 3312, "left": 130000.0, "top": -70000.0, "right": 135000.0, "bottom": -65000.0, "row_index": 61, "col_index": 50 }, "geometry": { "type": "Point", "coordinates": [ 6.7299532, 50.8555865 ] } },
{ "type": "Feature", "properties": { "id": 3313, "left": 130000.0, "top": -75000.0, "right": 135000.0, "bottom": -70000.0, "row_index": 62, "col_index": 50 }, "geometry": { "type": "Point", "coordinates": [ 6.7281794, 50.810653 ] } },
{ "type": "Feature", "properties": { "id": 3314, "left": 130000.0, "top": -80000.0, "right": 135000.0, "bottom": -75000.0, "row_index": 63, "col_index": 50 }, "geometry": { "type": "Point", "coordinates": [ 6.7264102, 50.7657192 ] } },
{ "type": "Feature", "properties": { "id": 3315, "left": 130000.0, "top": -85000.0, "right": 135000.0, "bottom": -80000.0, "row_index": 64, "col_index": 50 }, "geometry": { "type": "Point", "coordinates": [ 6.7246455, 50.720785 ] } },
{ "type": "Feature", "properties": { "id": 3316, "left": 135000.0, "top": 235000.0, "right": 140000.0, "bottom": 240000.0, "row_index": 0, "col_index": 51 }, "geometry": { "type": "Point", "coordinates": [ 6.922861, 53.5945904 ] } },
{ "type": "Feature", "properties": { "id": 3317, "left": 135000.0, "top": 230000.0, "right": 140000.0, "bottom": 235000.0, "row_index": 1, "col_index": 51 }, "geometry": { "type": "Point", "coordinates": [ 6.9206993, 53.549681 ] } },
{ "type": "Feature", "properties": { "id": 3318, "left": 135000.0, "top": 225000.0, "right": 140000.0, "bottom": 230000.0, "row_index": 2, "col_index": 51 }, "geometry": { "type": "Point", "coordinates": [ 6.9185434, 53.5047713 ] } },
{ "type": "Feature", "properties": { "id": 3319, "left": 135000.0, "top": 220000.0, "right": 140000.0, "bottom": 225000.0, "row_index": 3, "col_index": 51 }, "geometry": { "type": "Point", "coordinates": [ 6.9163933, 53.4598611 ] } },
{ "type": "Feature", "properties": { "id": 3320, "left": 135000.0, "top": 215000.0, "right": 140000.0, "bottom": 220000.0, "row_index": 4, "col_index": 51 }, "geometry": { "type": "Point", "coordinates": [ 6.914249, 53.4149506 ] } },
{ "type": "Feature", "properties": { "id": 3321, "left": 135000.0, "top": 210000.0, "right": 140000.0, "bottom": 215000.0, "row_index": 5, "col_index": 51 }, "geometry": { "type": "Point", "coordinates": [ 6.9121104, 53.3700397 ] } },
{ "type": "Feature", "properties": { "id": 3322, "left": 135000.0, "top": 205000.0, "right": 140000.0, "bottom": 210000.0, "row_index": 6, "col_index": 51 }, "geometry": { "type": "Point", "coordinates": [ 6.9099776, 53.3251285 ] } },
{ "type": "Feature", "properties": { "id": 3323, "left": 135000.0, "top": 200000.0, "right": 140000.0, "bottom": 205000.0, "row_index": 7, "col_index": 51 }, "geometry": { "type": "Point", "coordinates": [ 6.9078505, 53.2802168 ] } },
{ "type": "Feature", "properties": { "id": 3324, "left": 135000.0, "top": 195000.0, "right": 140000.0, "bottom": 200000.0, "row_index": 8, "col_index": 51 }, "geometry": { "type": "Point", "coordinates": [ 6.9057291, 53.2353048 ] } },
{ "type": "Feature", "properties": { "id": 3325, "left": 135000.0, "top": 190000.0, "right": 140000.0, "bottom": 195000.0, "row_index": 9, "col_index": 51 }, "geometry": { "type": "Point", "coordinates": [ 6.9036134, 53.1903924 ] } },
{ "type": "Feature", "properties": { "id": 3326, "left": 135000.0, "top": 185000.0, "right": 140000.0, "bottom": 190000.0, "row_index": 10, "col_index": 51 }, "geometry": { "type": "Point", "coordinates": [ 6.9015033, 53.1454797 ] } },
{ "type": "Feature", "properties": { "id": 3327, "left": 135000.0, "top": 180000.0, "right": 140000.0, "bottom": 185000.0, "row_index": 11, "col_index": 51 }, "geometry": { "type": "Point", "coordinates": [ 6.8993988, 53.1005665 ] } },
{ "type": "Feature", "properties": { "id": 3328, "left": 135000.0, "top": 175000.0, "right": 140000.0, "bottom": 180000.0, "row_index": 12, "col_index": 51 }, "geometry": { "type": "Point", "coordinates": [ 6.8973, 53.055653 ] } },
{ "type": "Feature", "properties": { "id": 3329, "left": 135000.0, "top": 170000.0, "right": 140000.0, "bottom": 175000.0, "row_index": 13, "col_index": 51 }, "geometry": { "type": "Point", "coordinates": [ 6.8952068, 53.0107391 ] } },
{ "type": "Feature", "properties": { "id": 3330, "left": 135000.0, "top": 165000.0, "right": 140000.0, "bottom": 170000.0, "row_index": 14, "col_index": 51 }, "geometry": { "type": "Point", "coordinates": [ 6.8931191, 52.9658249 ] } },
{ "type": "Feature", "properties": { "id": 3331, "left": 135000.0, "top": 160000.0, "right": 140000.0, "bottom": 165000.0, "row_index": 15, "col_index": 51 }, "geometry": { "type": "Point", "coordinates": [ 6.891037, 52.9209102 ] } },
{ "type": "Feature", "properties": { "id": 3332, "left": 135000.0, "top": 155000.0, "right": 140000.0, "bottom": 160000.0, "row_index": 16, "col_index": 51 }, "geometry": { "type": "Point", "coordinates": [ 6.8889604, 52.8759952 ] } },
{ "type": "Feature", "properties": { "id": 3333, "left": 135000.0, "top": 150000.0, "right": 140000.0, "bottom": 155000.0, "row_index": 17, "col_index": 51 }, "geometry": { "type": "Point", "coordinates": [ 6.8868894, 52.8310798 ] } },
{ "type": "Feature", "properties": { "id": 3334, "left": 135000.0, "top": 145000.0, "right": 140000.0, "bottom": 150000.0, "row_index": 18, "col_index": 51 }, "geometry": { "type": "Point", "coordinates": [ 6.8848238, 52.7861641 ] } },
{ "type": "Feature", "properties": { "id": 3335, "left": 135000.0, "top": 140000.0, "right": 140000.0, "bottom": 145000.0, "row_index": 19, "col_index": 51 }, "geometry": { "type": "Point", "coordinates": [ 6.8827637, 52.7412479 ] } },
{ "type": "Feature", "properties": { "id": 3336, "left": 135000.0, "top": 135000.0, "right": 140000.0, "bottom": 140000.0, "row_index": 20, "col_index": 51 }, "geometry": { "type": "Point", "coordinates": [ 6.8807091, 52.6963314 ] } },
{ "type": "Feature", "properties": { "id": 3337, "left": 135000.0, "top": 130000.0, "right": 140000.0, "bottom": 135000.0, "row_index": 21, "col_index": 51 }, "geometry": { "type": "Point", "coordinates": [ 6.8786599, 52.6514145 ] } },
{ "type": "Feature", "properties": { "id": 3338, "left": 135000.0, "top": 125000.0, "right": 140000.0, "bottom": 130000.0, "row_index": 22, "col_index": 51 }, "geometry": { "type": "Point", "coordinates": [ 6.8766161, 52.6064972 ] } },
{ "type": "Feature", "properties": { "id": 3339, "left": 135000.0, "top": 120000.0, "right": 140000.0, "bottom": 125000.0, "row_index": 23, "col_index": 51 }, "geometry": { "type": "Point", "coordinates": [ 6.8745777, 52.5615796 ] } },
{ "type": "Feature", "properties": { "id": 3340, "left": 135000.0, "top": 115000.0, "right": 140000.0, "bottom": 120000.0, "row_index": 24, "col_index": 51 }, "geometry": { "type": "Point", "coordinates": [ 6.8725447, 52.5166616 ] } },
{ "type": "Feature", "properties": { "id": 3341, "left": 135000.0, "top": 110000.0, "right": 140000.0, "bottom": 115000.0, "row_index": 25, "col_index": 51 }, "geometry": { "type": "Point", "coordinates": [ 6.870517, 52.4717432 ] } },
{ "type": "Feature", "properties": { "id": 3342, "left": 135000.0, "top": 105000.0, "right": 140000.0, "bottom": 110000.0, "row_index": 26, "col_index": 51 }, "geometry": { "type": "Point", "coordinates": [ 6.8684947, 52.4268244 ] } },
{ "type": "Feature", "properties": { "id": 3343, "left": 135000.0, "top": 100000.0, "right": 140000.0, "bottom": 105000.0, "row_index": 27, "col_index": 51 }, "geometry": { "type": "Point", "coordinates": [ 6.8664778, 52.3819053 ] } },
{ "type": "Feature", "properties": { "id": 3344, "left": 135000.0, "top": 95000.0, "right": 140000.0, "bottom": 100000.0, "row_index": 28, "col_index": 51 }, "geometry": { "type": "Point", "coordinates": [ 6.8644661, 52.3369858 ] } },
{ "type": "Feature", "properties": { "id": 3345, "left": 135000.0, "top": 90000.0, "right": 140000.0, "bottom": 95000.0, "row_index": 29, "col_index": 51 }, "geometry": { "type": "Point", "coordinates": [ 6.8624597, 52.2920659 ] } },
{ "type": "Feature", "properties": { "id": 3346, "left": 135000.0, "top": 85000.0, "right": 140000.0, "bottom": 90000.0, "row_index": 30, "col_index": 51 }, "geometry": { "type": "Point", "coordinates": [ 6.8604586, 52.2471456 ] } },
{ "type": "Feature", "properties": { "id": 3347, "left": 135000.0, "top": 80000.0, "right": 140000.0, "bottom": 85000.0, "row_index": 31, "col_index": 51 }, "geometry": { "type": "Point", "coordinates": [ 6.8584627, 52.2022249 ] } },
{ "type": "Feature", "properties": { "id": 3348, "left": 135000.0, "top": 75000.0, "right": 140000.0, "bottom": 80000.0, "row_index": 32, "col_index": 51 }, "geometry": { "type": "Point", "coordinates": [ 6.8564721, 52.1573039 ] } },
{ "type": "Feature", "properties": { "id": 3349, "left": 135000.0, "top": 70000.0, "right": 140000.0, "bottom": 75000.0, "row_index": 33, "col_index": 51 }, "geometry": { "type": "Point", "coordinates": [ 6.8544866, 52.1123825 ] } },
{ "type": "Feature", "properties": { "id": 3350, "left": 135000.0, "top": 65000.0, "right": 140000.0, "bottom": 70000.0, "row_index": 34, "col_index": 51 }, "geometry": { "type": "Point", "coordinates": [ 6.8525064, 52.0674607 ] } },
{ "type": "Feature", "properties": { "id": 3351, "left": 135000.0, "top": 60000.0, "right": 140000.0, "bottom": 65000.0, "row_index": 35, "col_index": 51 }, "geometry": { "type": "Point", "coordinates": [ 6.8505313, 52.0225386 ] } },
{ "type": "Feature", "properties": { "id": 3352, "left": 135000.0, "top": 55000.0, "right": 140000.0, "bottom": 60000.0, "row_index": 36, "col_index": 51 }, "geometry": { "type": "Point", "coordinates": [ 6.8485614, 51.9776161 ] } },
{ "type": "Feature", "properties": { "id": 3353, "left": 135000.0, "top": 50000.0, "right": 140000.0, "bottom": 55000.0, "row_index": 37, "col_index": 51 }, "geometry": { "type": "Point", "coordinates": [ 6.8465967, 51.9326931 ] } },
{ "type": "Feature", "properties": { "id": 3354, "left": 135000.0, "top": 45000.0, "right": 140000.0, "bottom": 50000.0, "row_index": 38, "col_index": 51 }, "geometry": { "type": "Point", "coordinates": [ 6.844637, 51.8877699 ] } },
{ "type": "Feature", "properties": { "id": 3355, "left": 135000.0, "top": 40000.0, "right": 140000.0, "bottom": 45000.0, "row_index": 39, "col_index": 51 }, "geometry": { "type": "Point", "coordinates": [ 6.8426825, 51.8428462 ] } },
{ "type": "Feature", "properties": { "id": 3356, "left": 135000.0, "top": 35000.0, "right": 140000.0, "bottom": 40000.0, "row_index": 40, "col_index": 51 }, "geometry": { "type": "Point", "coordinates": [ 6.8407331, 51.7979222 ] } },
{ "type": "Feature", "properties": { "id": 3357, "left": 135000.0, "top": 30000.0, "right": 140000.0, "bottom": 35000.0, "row_index": 41, "col_index": 51 }, "geometry": { "type": "Point", "coordinates": [ 6.8387887, 51.7529978 ] } },
{ "type": "Feature", "properties": { "id": 3358, "left": 135000.0, "top": 25000.0, "right": 140000.0, "bottom": 30000.0, "row_index": 42, "col_index": 51 }, "geometry": { "type": "Point", "coordinates": [ 6.8368494, 51.708073 ] } },
{ "type": "Feature", "properties": { "id": 3359, "left": 135000.0, "top": 20000.0, "right": 140000.0, "bottom": 25000.0, "row_index": 43, "col_index": 51 }, "geometry": { "type": "Point", "coordinates": [ 6.8349151, 51.6631478 ] } },
{ "type": "Feature", "properties": { "id": 3360, "left": 135000.0, "top": 15000.0, "right": 140000.0, "bottom": 20000.0, "row_index": 44, "col_index": 51 }, "geometry": { "type": "Point", "coordinates": [ 6.8329858, 51.6182223 ] } },
{ "type": "Feature", "properties": { "id": 3361, "left": 135000.0, "top": 10000.0, "right": 140000.0, "bottom": 15000.0, "row_index": 45, "col_index": 51 }, "geometry": { "type": "Point", "coordinates": [ 6.8310615, 51.5732963 ] } },
{ "type": "Feature", "properties": { "id": 3362, "left": 135000.0, "top": 5000.0, "right": 140000.0, "bottom": 10000.0, "row_index": 46, "col_index": 51 }, "geometry": { "type": "Point", "coordinates": [ 6.8291422, 51.52837 ] } },
{ "type": "Feature", "properties": { "id": 3363, "left": 135000.0, "top": 0.0, "right": 140000.0, "bottom": 5000.0, "row_index": 47, "col_index": 51 }, "geometry": { "type": "Point", "coordinates": [ 6.8272279, 51.4834434 ] } },
{ "type": "Feature", "properties": { "id": 3364, "left": 135000.0, "top": -5000.0, "right": 140000.0, "bottom": 0.0, "row_index": 48, "col_index": 51 }, "geometry": { "type": "Point", "coordinates": [ 6.8253185, 51.4385163 ] } },
{ "type": "Feature", "properties": { "id": 3365, "left": 135000.0, "top": -10000.0, "right": 140000.0, "bottom": -5000.0, "row_index": 49, "col_index": 51 }, "geometry": { "type": "Point", "coordinates": [ 6.8234141, 51.3935889 ] } },
{ "type": "Feature", "properties": { "id": 3366, "left": 135000.0, "top": -15000.0, "right": 140000.0, "bottom": -10000.0, "row_index": 50, "col_index": 51 }, "geometry": { "type": "Point", "coordinates": [ 6.8215146, 51.3486611 ] } },
{ "type": "Feature", "properties": { "id": 3367, "left": 135000.0, "top": -20000.0, "right": 140000.0, "bottom": -15000.0, "row_index": 51, "col_index": 51 }, "geometry": { "type": "Point", "coordinates": [ 6.81962, 51.3037329 ] } },
{ "type": "Feature", "properties": { "id": 3368, "left": 135000.0, "top": -25000.0, "right": 140000.0, "bottom": -20000.0, "row_index": 52, "col_index": 51 }, "geometry": { "type": "Point", "coordinates": [ 6.8177302, 51.2588044 ] } },
{ "type": "Feature", "properties": { "id": 3369, "left": 135000.0, "top": -30000.0, "right": 140000.0, "bottom": -25000.0, "row_index": 53, "col_index": 51 }, "geometry": { "type": "Point", "coordinates": [ 6.8158453, 51.2138754 ] } },
{ "type": "Feature", "properties": { "id": 3370, "left": 135000.0, "top": -35000.0, "right": 140000.0, "bottom": -30000.0, "row_index": 54, "col_index": 51 }, "geometry": { "type": "Point", "coordinates": [ 6.8139653, 51.1689461 ] } },
{ "type": "Feature", "properties": { "id": 3371, "left": 135000.0, "top": -40000.0, "right": 140000.0, "bottom": -35000.0, "row_index": 55, "col_index": 51 }, "geometry": { "type": "Point", "coordinates": [ 6.8120901, 51.1240164 ] } },
{ "type": "Feature", "properties": { "id": 3372, "left": 135000.0, "top": -45000.0, "right": 140000.0, "bottom": -40000.0, "row_index": 56, "col_index": 51 }, "geometry": { "type": "Point", "coordinates": [ 6.8102197, 51.0790864 ] } },
{ "type": "Feature", "properties": { "id": 3373, "left": 135000.0, "top": -50000.0, "right": 140000.0, "bottom": -45000.0, "row_index": 57, "col_index": 51 }, "geometry": { "type": "Point", "coordinates": [ 6.8083542, 51.0341559 ] } },
{ "type": "Feature", "properties": { "id": 3374, "left": 135000.0, "top": -55000.0, "right": 140000.0, "bottom": -50000.0, "row_index": 58, "col_index": 51 }, "geometry": { "type": "Point", "coordinates": [ 6.8064934, 50.9892251 ] } },
{ "type": "Feature", "properties": { "id": 3375, "left": 135000.0, "top": -60000.0, "right": 140000.0, "bottom": -55000.0, "row_index": 59, "col_index": 51 }, "geometry": { "type": "Point", "coordinates": [ 6.8046374, 50.9442939 ] } },
{ "type": "Feature", "properties": { "id": 3376, "left": 135000.0, "top": -65000.0, "right": 140000.0, "bottom": -60000.0, "row_index": 60, "col_index": 51 }, "geometry": { "type": "Point", "coordinates": [ 6.8027861, 50.8993623 ] } },
{ "type": "Feature", "properties": { "id": 3377, "left": 135000.0, "top": -70000.0, "right": 140000.0, "bottom": -65000.0, "row_index": 61, "col_index": 51 }, "geometry": { "type": "Point", "coordinates": [ 6.8009395, 50.8544304 ] } },
{ "type": "Feature", "properties": { "id": 3378, "left": 135000.0, "top": -75000.0, "right": 140000.0, "bottom": -70000.0, "row_index": 62, "col_index": 51 }, "geometry": { "type": "Point", "coordinates": [ 6.7990977, 50.809498 ] } },
{ "type": "Feature", "properties": { "id": 3379, "left": 135000.0, "top": -80000.0, "right": 140000.0, "bottom": -75000.0, "row_index": 63, "col_index": 51 }, "geometry": { "type": "Point", "coordinates": [ 6.7972606, 50.7645653 ] } },
{ "type": "Feature", "properties": { "id": 3380, "left": 135000.0, "top": -85000.0, "right": 140000.0, "bottom": -80000.0, "row_index": 64, "col_index": 51 }, "geometry": { "type": "Point", "coordinates": [ 6.7954282, 50.7196322 ] } },
{ "type": "Feature", "properties": { "id": 3381, "left": 140000.0, "top": 235000.0, "right": 145000.0, "bottom": 240000.0, "row_index": 0, "col_index": 52 }, "geometry": { "type": "Point", "coordinates": [ 6.9983469, 53.5933159 ] } },
{ "type": "Feature", "properties": { "id": 3382, "left": 140000.0, "top": 230000.0, "right": 145000.0, "bottom": 235000.0, "row_index": 1, "col_index": 52 }, "geometry": { "type": "Point", "coordinates": [ 6.9961053, 53.5484079 ] } },
{ "type": "Feature", "properties": { "id": 3383, "left": 140000.0, "top": 225000.0, "right": 145000.0, "bottom": 230000.0, "row_index": 2, "col_index": 52 }, "geometry": { "type": "Point", "coordinates": [ 6.9938698, 53.5034994 ] } },
{ "type": "Feature", "properties": { "id": 3384, "left": 140000.0, "top": 220000.0, "right": 145000.0, "bottom": 225000.0, "row_index": 3, "col_index": 52 }, "geometry": { "type": "Point", "coordinates": [ 6.9916403, 53.4585905 ] } },
{ "type": "Feature", "properties": { "id": 3385, "left": 140000.0, "top": 215000.0, "right": 145000.0, "bottom": 220000.0, "row_index": 4, "col_index": 52 }, "geometry": { "type": "Point", "coordinates": [ 6.9894168, 53.4136813 ] } },
{ "type": "Feature", "properties": { "id": 3386, "left": 140000.0, "top": 210000.0, "right": 145000.0, "bottom": 215000.0, "row_index": 5, "col_index": 52 }, "geometry": { "type": "Point", "coordinates": [ 6.9871993, 53.3687717 ] } },
{ "type": "Feature", "properties": { "id": 3387, "left": 140000.0, "top": 205000.0, "right": 145000.0, "bottom": 210000.0, "row_index": 6, "col_index": 52 }, "geometry": { "type": "Point", "coordinates": [ 6.9849877, 53.3238618 ] } },
{ "type": "Feature", "properties": { "id": 3388, "left": 140000.0, "top": 200000.0, "right": 145000.0, "bottom": 205000.0, "row_index": 7, "col_index": 52 }, "geometry": { "type": "Point", "coordinates": [ 6.982782, 53.2789514 ] } },
{ "type": "Feature", "properties": { "id": 3389, "left": 140000.0, "top": 195000.0, "right": 145000.0, "bottom": 200000.0, "row_index": 8, "col_index": 52 }, "geometry": { "type": "Point", "coordinates": [ 6.9805823, 53.2340407 ] } },
{ "type": "Feature", "properties": { "id": 3390, "left": 140000.0, "top": 190000.0, "right": 145000.0, "bottom": 195000.0, "row_index": 9, "col_index": 52 }, "geometry": { "type": "Point", "coordinates": [ 6.9783884, 53.1891296 ] } },
{ "type": "Feature", "properties": { "id": 3391, "left": 140000.0, "top": 185000.0, "right": 145000.0, "bottom": 190000.0, "row_index": 10, "col_index": 52 }, "geometry": { "type": "Point", "coordinates": [ 6.9762004, 53.1442181 ] } },
{ "type": "Feature", "properties": { "id": 3392, "left": 140000.0, "top": 180000.0, "right": 145000.0, "bottom": 185000.0, "row_index": 11, "col_index": 52 }, "geometry": { "type": "Point", "coordinates": [ 6.9740182, 53.0993062 ] } },
{ "type": "Feature", "properties": { "id": 3393, "left": 140000.0, "top": 175000.0, "right": 145000.0, "bottom": 180000.0, "row_index": 12, "col_index": 52 }, "geometry": { "type": "Point", "coordinates": [ 6.9718419, 53.054394 ] } },
{ "type": "Feature", "properties": { "id": 3394, "left": 140000.0, "top": 170000.0, "right": 145000.0, "bottom": 175000.0, "row_index": 13, "col_index": 52 }, "geometry": { "type": "Point", "coordinates": [ 6.9696713, 53.0094814 ] } },
{ "type": "Feature", "properties": { "id": 3395, "left": 140000.0, "top": 165000.0, "right": 145000.0, "bottom": 170000.0, "row_index": 14, "col_index": 52 }, "geometry": { "type": "Point", "coordinates": [ 6.9675066, 52.9645684 ] } },
{ "type": "Feature", "properties": { "id": 3396, "left": 140000.0, "top": 160000.0, "right": 145000.0, "bottom": 165000.0, "row_index": 15, "col_index": 52 }, "geometry": { "type": "Point", "coordinates": [ 6.9653476, 52.919655 ] } },
{ "type": "Feature", "properties": { "id": 3397, "left": 140000.0, "top": 155000.0, "right": 145000.0, "bottom": 160000.0, "row_index": 16, "col_index": 52 }, "geometry": { "type": "Point", "coordinates": [ 6.9631943, 52.8747413 ] } },
{ "type": "Feature", "properties": { "id": 3398, "left": 140000.0, "top": 150000.0, "right": 145000.0, "bottom": 155000.0, "row_index": 17, "col_index": 52 }, "geometry": { "type": "Point", "coordinates": [ 6.9610467, 52.8298271 ] } },
{ "type": "Feature", "properties": { "id": 3399, "left": 140000.0, "top": 145000.0, "right": 145000.0, "bottom": 150000.0, "row_index": 18, "col_index": 52 }, "geometry": { "type": "Point", "coordinates": [ 6.9589049, 52.7849126 ] } },
{ "type": "Feature", "properties": { "id": 3400, "left": 140000.0, "top": 140000.0, "right": 145000.0, "bottom": 145000.0, "row_index": 19, "col_index": 52 }, "geometry": { "type": "Point", "coordinates": [ 6.9567687, 52.7399977 ] } },
{ "type": "Feature", "properties": { "id": 3401, "left": 140000.0, "top": 135000.0, "right": 145000.0, "bottom": 140000.0, "row_index": 20, "col_index": 52 }, "geometry": { "type": "Point", "coordinates": [ 6.9546382, 52.6950825 ] } },
{ "type": "Feature", "properties": { "id": 3402, "left": 140000.0, "top": 130000.0, "right": 145000.0, "bottom": 135000.0, "row_index": 21, "col_index": 52 }, "geometry": { "type": "Point", "coordinates": [ 6.9525133, 52.6501668 ] } },
{ "type": "Feature", "properties": { "id": 3403, "left": 140000.0, "top": 125000.0, "right": 145000.0, "bottom": 130000.0, "row_index": 22, "col_index": 52 }, "geometry": { "type": "Point", "coordinates": [ 6.950394, 52.6052508 ] } },
{ "type": "Feature", "properties": { "id": 3404, "left": 140000.0, "top": 120000.0, "right": 145000.0, "bottom": 125000.0, "row_index": 23, "col_index": 52 }, "geometry": { "type": "Point", "coordinates": [ 6.9482804, 52.5603344 ] } },
{ "type": "Feature", "properties": { "id": 3405, "left": 140000.0, "top": 115000.0, "right": 145000.0, "bottom": 120000.0, "row_index": 24, "col_index": 52 }, "geometry": { "type": "Point", "coordinates": [ 6.9461723, 52.5154176 ] } },
{ "type": "Feature", "properties": { "id": 3406, "left": 140000.0, "top": 110000.0, "right": 145000.0, "bottom": 115000.0, "row_index": 25, "col_index": 52 }, "geometry": { "type": "Point", "coordinates": [ 6.9440697, 52.4705005 ] } },
{ "type": "Feature", "properties": { "id": 3407, "left": 140000.0, "top": 105000.0, "right": 145000.0, "bottom": 110000.0, "row_index": 26, "col_index": 52 }, "geometry": { "type": "Point", "coordinates": [ 6.9419728, 52.425583 ] } },
{ "type": "Feature", "properties": { "id": 3408, "left": 140000.0, "top": 100000.0, "right": 145000.0, "bottom": 105000.0, "row_index": 27, "col_index": 52 }, "geometry": { "type": "Point", "coordinates": [ 6.9398813, 52.3806651 ] } },
{ "type": "Feature", "properties": { "id": 3409, "left": 140000.0, "top": 95000.0, "right": 145000.0, "bottom": 100000.0, "row_index": 28, "col_index": 52 }, "geometry": { "type": "Point", "coordinates": [ 6.9377953, 52.3357468 ] } },
{ "type": "Feature", "properties": { "id": 3410, "left": 140000.0, "top": 90000.0, "right": 145000.0, "bottom": 95000.0, "row_index": 29, "col_index": 52 }, "geometry": { "type": "Point", "coordinates": [ 6.9357148, 52.2908281 ] } },
{ "type": "Feature", "properties": { "id": 3411, "left": 140000.0, "top": 85000.0, "right": 145000.0, "bottom": 90000.0, "row_index": 30, "col_index": 52 }, "geometry": { "type": "Point", "coordinates": [ 6.9336398, 52.2459091 ] } },
{ "type": "Feature", "properties": { "id": 3412, "left": 140000.0, "top": 80000.0, "right": 145000.0, "bottom": 85000.0, "row_index": 31, "col_index": 52 }, "geometry": { "type": "Point", "coordinates": [ 6.9315702, 52.2009896 ] } },
{ "type": "Feature", "properties": { "id": 3413, "left": 140000.0, "top": 75000.0, "right": 145000.0, "bottom": 80000.0, "row_index": 32, "col_index": 52 }, "geometry": { "type": "Point", "coordinates": [ 6.929506, 52.1560698 ] } },
{ "type": "Feature", "properties": { "id": 3414, "left": 140000.0, "top": 70000.0, "right": 145000.0, "bottom": 75000.0, "row_index": 33, "col_index": 52 }, "geometry": { "type": "Point", "coordinates": [ 6.9274473, 52.1111496 ] } },
{ "type": "Feature", "properties": { "id": 3415, "left": 140000.0, "top": 65000.0, "right": 145000.0, "bottom": 70000.0, "row_index": 34, "col_index": 52 }, "geometry": { "type": "Point", "coordinates": [ 6.9253939, 52.0662291 ] } },
{ "type": "Feature", "properties": { "id": 3416, "left": 140000.0, "top": 60000.0, "right": 145000.0, "bottom": 65000.0, "row_index": 35, "col_index": 52 }, "geometry": { "type": "Point", "coordinates": [ 6.9233459, 52.0213081 ] } },
{ "type": "Feature", "properties": { "id": 3417, "left": 140000.0, "top": 55000.0, "right": 145000.0, "bottom": 60000.0, "row_index": 36, "col_index": 52 }, "geometry": { "type": "Point", "coordinates": [ 6.9213032, 51.9763868 ] } },
{ "type": "Feature", "properties": { "id": 3418, "left": 140000.0, "top": 50000.0, "right": 145000.0, "bottom": 55000.0, "row_index": 37, "col_index": 52 }, "geometry": { "type": "Point", "coordinates": [ 6.9192659, 51.9314651 ] } },
{ "type": "Feature", "properties": { "id": 3419, "left": 140000.0, "top": 45000.0, "right": 145000.0, "bottom": 50000.0, "row_index": 38, "col_index": 52 }, "geometry": { "type": "Point", "coordinates": [ 6.9172339, 51.8865431 ] } },
{ "type": "Feature", "properties": { "id": 3420, "left": 140000.0, "top": 40000.0, "right": 145000.0, "bottom": 45000.0, "row_index": 39, "col_index": 52 }, "geometry": { "type": "Point", "coordinates": [ 6.9152071, 51.8416206 ] } },
{ "type": "Feature", "properties": { "id": 3421, "left": 140000.0, "top": 35000.0, "right": 145000.0, "bottom": 40000.0, "row_index": 40, "col_index": 52 }, "geometry": { "type": "Point", "coordinates": [ 6.9131857, 51.7966978 ] } },
{ "type": "Feature", "properties": { "id": 3422, "left": 140000.0, "top": 30000.0, "right": 145000.0, "bottom": 35000.0, "row_index": 41, "col_index": 52 }, "geometry": { "type": "Point", "coordinates": [ 6.9111695, 51.7517746 ] } },
{ "type": "Feature", "properties": { "id": 3423, "left": 140000.0, "top": 25000.0, "right": 145000.0, "bottom": 30000.0, "row_index": 42, "col_index": 52 }, "geometry": { "type": "Point", "coordinates": [ 6.9091585, 51.706851 ] } },
{ "type": "Feature", "properties": { "id": 3424, "left": 140000.0, "top": 20000.0, "right": 145000.0, "bottom": 25000.0, "row_index": 43, "col_index": 52 }, "geometry": { "type": "Point", "coordinates": [ 6.9071528, 51.661927 ] } },
{ "type": "Feature", "properties": { "id": 3425, "left": 140000.0, "top": 15000.0, "right": 145000.0, "bottom": 20000.0, "row_index": 44, "col_index": 52 }, "geometry": { "type": "Point", "coordinates": [ 6.9051523, 51.6170027 ] } },
{ "type": "Feature", "properties": { "id": 3426, "left": 140000.0, "top": 10000.0, "right": 145000.0, "bottom": 15000.0, "row_index": 45, "col_index": 52 }, "geometry": { "type": "Point", "coordinates": [ 6.9031569, 51.5720779 ] } },
{ "type": "Feature", "properties": { "id": 3427, "left": 140000.0, "top": 5000.0, "right": 145000.0, "bottom": 10000.0, "row_index": 46, "col_index": 52 }, "geometry": { "type": "Point", "coordinates": [ 6.9011668, 51.5271528 ] } },
{ "type": "Feature", "properties": { "id": 3428, "left": 140000.0, "top": 0.0, "right": 145000.0, "bottom": 5000.0, "row_index": 47, "col_index": 52 }, "geometry": { "type": "Point", "coordinates": [ 6.8991817, 51.4822273 ] } },
{ "type": "Feature", "properties": { "id": 3429, "left": 140000.0, "top": -5000.0, "right": 145000.0, "bottom": 0.0, "row_index": 48, "col_index": 52 }, "geometry": { "type": "Point", "coordinates": [ 6.8972018, 51.4373015 ] } },
{ "type": "Feature", "properties": { "id": 3430, "left": 140000.0, "top": -10000.0, "right": 145000.0, "bottom": -5000.0, "row_index": 49, "col_index": 52 }, "geometry": { "type": "Point", "coordinates": [ 6.895227, 51.3923752 ] } },
{ "type": "Feature", "properties": { "id": 3431, "left": 140000.0, "top": -15000.0, "right": 145000.0, "bottom": -10000.0, "row_index": 50, "col_index": 52 }, "geometry": { "type": "Point", "coordinates": [ 6.8932574, 51.3474486 ] } },
{ "type": "Feature", "properties": { "id": 3432, "left": 140000.0, "top": -20000.0, "right": 145000.0, "bottom": -15000.0, "row_index": 51, "col_index": 52 }, "geometry": { "type": "Point", "coordinates": [ 6.8912928, 51.3025216 ] } },
{ "type": "Feature", "properties": { "id": 3433, "left": 140000.0, "top": -25000.0, "right": 145000.0, "bottom": -20000.0, "row_index": 52, "col_index": 52 }, "geometry": { "type": "Point", "coordinates": [ 6.8893332, 51.2575942 ] } },
{ "type": "Feature", "properties": { "id": 3434, "left": 140000.0, "top": -30000.0, "right": 145000.0, "bottom": -25000.0, "row_index": 53, "col_index": 52 }, "geometry": { "type": "Point", "coordinates": [ 6.8873787, 51.2126665 ] } },
{ "type": "Feature", "properties": { "id": 3435, "left": 140000.0, "top": -35000.0, "right": 145000.0, "bottom": -30000.0, "row_index": 54, "col_index": 52 }, "geometry": { "type": "Point", "coordinates": [ 6.8854292, 51.1677383 ] } },
{ "type": "Feature", "properties": { "id": 3436, "left": 140000.0, "top": -40000.0, "right": 145000.0, "bottom": -35000.0, "row_index": 55, "col_index": 52 }, "geometry": { "type": "Point", "coordinates": [ 6.8834848, 51.1228098 ] } },
{ "type": "Feature", "properties": { "id": 3437, "left": 140000.0, "top": -45000.0, "right": 145000.0, "bottom": -40000.0, "row_index": 56, "col_index": 52 }, "geometry": { "type": "Point", "coordinates": [ 6.8815453, 51.0778809 ] } },
{ "type": "Feature", "properties": { "id": 3438, "left": 140000.0, "top": -50000.0, "right": 145000.0, "bottom": -45000.0, "row_index": 57, "col_index": 52 }, "geometry": { "type": "Point", "coordinates": [ 6.8796108, 51.0329516 ] } },
{ "type": "Feature", "properties": { "id": 3439, "left": 140000.0, "top": -55000.0, "right": 145000.0, "bottom": -50000.0, "row_index": 58, "col_index": 52 }, "geometry": { "type": "Point", "coordinates": [ 6.8776813, 50.988022 ] } },
{ "type": "Feature", "properties": { "id": 3440, "left": 140000.0, "top": -60000.0, "right": 145000.0, "bottom": -55000.0, "row_index": 59, "col_index": 52 }, "geometry": { "type": "Point", "coordinates": [ 6.8757567, 50.9430919 ] } },
{ "type": "Feature", "properties": { "id": 3441, "left": 140000.0, "top": -65000.0, "right": 145000.0, "bottom": -60000.0, "row_index": 60, "col_index": 52 }, "geometry": { "type": "Point", "coordinates": [ 6.8738371, 50.8981615 ] } },
{ "type": "Feature", "properties": { "id": 3442, "left": 140000.0, "top": -70000.0, "right": 145000.0, "bottom": -65000.0, "row_index": 61, "col_index": 52 }, "geometry": { "type": "Point", "coordinates": [ 6.8719223, 50.8532307 ] } },
{ "type": "Feature", "properties": { "id": 3443, "left": 140000.0, "top": -75000.0, "right": 145000.0, "bottom": -70000.0, "row_index": 62, "col_index": 52 }, "geometry": { "type": "Point", "coordinates": [ 6.8700125, 50.8082995 ] } },
{ "type": "Feature", "properties": { "id": 3444, "left": 140000.0, "top": -80000.0, "right": 145000.0, "bottom": -75000.0, "row_index": 63, "col_index": 52 }, "geometry": { "type": "Point", "coordinates": [ 6.8681075, 50.763368 ] } },
{ "type": "Feature", "properties": { "id": 3445, "left": 140000.0, "top": -85000.0, "right": 145000.0, "bottom": -80000.0, "row_index": 64, "col_index": 52 }, "geometry": { "type": "Point", "coordinates": [ 6.8662074, 50.718436 ] } },
{ "type": "Feature", "properties": { "id": 3446, "left": 145000.0, "top": 235000.0, "right": 150000.0, "bottom": 240000.0, "row_index": 0, "col_index": 53 }, "geometry": { "type": "Point", "coordinates": [ 7.073828, 53.5919952 ] } },
{ "type": "Feature", "properties": { "id": 3447, "left": 145000.0, "top": 230000.0, "right": 150000.0, "bottom": 235000.0, "row_index": 1, "col_index": 53 }, "geometry": { "type": "Point", "coordinates": [ 7.0715067, 53.5470885 ] } },
{ "type": "Feature", "properties": { "id": 3448, "left": 145000.0, "top": 225000.0, "right": 150000.0, "bottom": 230000.0, "row_index": 2, "col_index": 53 }, "geometry": { "type": "Point", "coordinates": [ 7.0691916, 53.5021813 ] } },
{ "type": "Feature", "properties": { "id": 3449, "left": 145000.0, "top": 220000.0, "right": 150000.0, "bottom": 225000.0, "row_index": 3, "col_index": 53 }, "geometry": { "type": "Point", "coordinates": [ 7.0668827, 53.4572738 ] } },
{ "type": "Feature", "properties": { "id": 3450, "left": 145000.0, "top": 215000.0, "right": 150000.0, "bottom": 220000.0, "row_index": 4, "col_index": 53 }, "geometry": { "type": "Point", "coordinates": [ 7.06458, 53.412366 ] } },
{ "type": "Feature", "properties": { "id": 3451, "left": 145000.0, "top": 210000.0, "right": 150000.0, "bottom": 215000.0, "row_index": 5, "col_index": 53 }, "geometry": { "type": "Point", "coordinates": [ 7.0622835, 53.3674577 ] } },
{ "type": "Feature", "properties": { "id": 3452, "left": 145000.0, "top": 205000.0, "right": 150000.0, "bottom": 210000.0, "row_index": 6, "col_index": 53 }, "geometry": { "type": "Point", "coordinates": [ 7.0599932, 53.3225491 ] } },
{ "type": "Feature", "properties": { "id": 3453, "left": 145000.0, "top": 200000.0, "right": 150000.0, "bottom": 205000.0, "row_index": 7, "col_index": 53 }, "geometry": { "type": "Point", "coordinates": [ 7.057709, 53.2776401 ] } },
{ "type": "Feature", "properties": { "id": 3454, "left": 145000.0, "top": 195000.0, "right": 150000.0, "bottom": 200000.0, "row_index": 8, "col_index": 53 }, "geometry": { "type": "Point", "coordinates": [ 7.0554309, 53.2327307 ] } },
{ "type": "Feature", "properties": { "id": 3455, "left": 145000.0, "top": 190000.0, "right": 150000.0, "bottom": 195000.0, "row_index": 9, "col_index": 53 }, "geometry": { "type": "Point", "coordinates": [ 7.0531589, 53.1878209 ] } },
{ "type": "Feature", "properties": { "id": 3456, "left": 145000.0, "top": 185000.0, "right": 150000.0, "bottom": 190000.0, "row_index": 10, "col_index": 53 }, "geometry": { "type": "Point", "coordinates": [ 7.050893, 53.1429107 ] } },
{ "type": "Feature", "properties": { "id": 3457, "left": 145000.0, "top": 180000.0, "right": 150000.0, "bottom": 185000.0, "row_index": 11, "col_index": 53 }, "geometry": { "type": "Point", "coordinates": [ 7.0486331, 53.0980002 ] } },
{ "type": "Feature", "properties": { "id": 3458, "left": 145000.0, "top": 175000.0, "right": 150000.0, "bottom": 180000.0, "row_index": 12, "col_index": 53 }, "geometry": { "type": "Point", "coordinates": [ 7.0463793, 53.0530893 ] } },
{ "type": "Feature", "properties": { "id": 3459, "left": 145000.0, "top": 170000.0, "right": 150000.0, "bottom": 175000.0, "row_index": 13, "col_index": 53 }, "geometry": { "type": "Point", "coordinates": [ 7.0441315, 53.008178 ] } },
{ "type": "Feature", "properties": { "id": 3460, "left": 145000.0, "top": 165000.0, "right": 150000.0, "bottom": 170000.0, "row_index": 14, "col_index": 53 }, "geometry": { "type": "Point", "coordinates": [ 7.0418896, 52.9632663 ] } },
{ "type": "Feature", "properties": { "id": 3461, "left": 145000.0, "top": 160000.0, "right": 150000.0, "bottom": 165000.0, "row_index": 15, "col_index": 53 }, "geometry": { "type": "Point", "coordinates": [ 7.0396537, 52.9183542 ] } },
{ "type": "Feature", "properties": { "id": 3462, "left": 145000.0, "top": 155000.0, "right": 150000.0, "bottom": 160000.0, "row_index": 16, "col_index": 53 }, "geometry": { "type": "Point", "coordinates": [ 7.0374238, 52.8734418 ] } },
{ "type": "Feature", "properties": { "id": 3463, "left": 145000.0, "top": 150000.0, "right": 150000.0, "bottom": 155000.0, "row_index": 17, "col_index": 53 }, "geometry": { "type": "Point", "coordinates": [ 7.0351997, 52.828529 ] } },
{ "type": "Feature", "properties": { "id": 3464, "left": 145000.0, "top": 145000.0, "right": 150000.0, "bottom": 150000.0, "row_index": 18, "col_index": 53 }, "geometry": { "type": "Point", "coordinates": [ 7.0329816, 52.7836158 ] } },
{ "type": "Feature", "properties": { "id": 3465, "left": 145000.0, "top": 140000.0, "right": 150000.0, "bottom": 145000.0, "row_index": 19, "col_index": 53 }, "geometry": { "type": "Point", "coordinates": [ 7.0307694, 52.7387022 ] } },
{ "type": "Feature", "properties": { "id": 3466, "left": 145000.0, "top": 135000.0, "right": 150000.0, "bottom": 140000.0, "row_index": 20, "col_index": 53 }, "geometry": { "type": "Point", "coordinates": [ 7.028563, 52.6937882 ] } },
{ "type": "Feature", "properties": { "id": 3467, "left": 145000.0, "top": 130000.0, "right": 150000.0, "bottom": 135000.0, "row_index": 21, "col_index": 53 }, "geometry": { "type": "Point", "coordinates": [ 7.0263624, 52.6488739 ] } },
{ "type": "Feature", "properties": { "id": 3468, "left": 145000.0, "top": 125000.0, "right": 150000.0, "bottom": 130000.0, "row_index": 22, "col_index": 53 }, "geometry": { "type": "Point", "coordinates": [ 7.0241677, 52.6039591 ] } },
{ "type": "Feature", "properties": { "id": 3469, "left": 145000.0, "top": 120000.0, "right": 150000.0, "bottom": 125000.0, "row_index": 23, "col_index": 53 }, "geometry": { "type": "Point", "coordinates": [ 7.0219788, 52.559044 ] } },
{ "type": "Feature", "properties": { "id": 3470, "left": 145000.0, "top": 115000.0, "right": 150000.0, "bottom": 120000.0, "row_index": 24, "col_index": 53 }, "geometry": { "type": "Point", "coordinates": [ 7.0197956, 52.5141285 ] } },
{ "type": "Feature", "properties": { "id": 3471, "left": 145000.0, "top": 110000.0, "right": 150000.0, "bottom": 115000.0, "row_index": 25, "col_index": 53 }, "geometry": { "type": "Point", "coordinates": [ 7.0176182, 52.4692127 ] } },
{ "type": "Feature", "properties": { "id": 3472, "left": 145000.0, "top": 105000.0, "right": 150000.0, "bottom": 110000.0, "row_index": 26, "col_index": 53 }, "geometry": { "type": "Point", "coordinates": [ 7.0154465, 52.4242964 ] } },
{ "type": "Feature", "properties": { "id": 3473, "left": 145000.0, "top": 100000.0, "right": 150000.0, "bottom": 105000.0, "row_index": 27, "col_index": 53 }, "geometry": { "type": "Point", "coordinates": [ 7.0132806, 52.3793798 ] } },
{ "type": "Feature", "properties": { "id": 3474, "left": 145000.0, "top": 95000.0, "right": 150000.0, "bottom": 100000.0, "row_index": 28, "col_index": 53 }, "geometry": { "type": "Point", "coordinates": [ 7.0111203, 52.3344628 ] } },
{ "type": "Feature", "properties": { "id": 3475, "left": 145000.0, "top": 90000.0, "right": 150000.0, "bottom": 95000.0, "row_index": 29, "col_index": 53 }, "geometry": { "type": "Point", "coordinates": [ 7.0089657, 52.2895454 ] } },
{ "type": "Feature", "properties": { "id": 3476, "left": 145000.0, "top": 85000.0, "right": 150000.0, "bottom": 90000.0, "row_index": 30, "col_index": 53 }, "geometry": { "type": "Point", "coordinates": [ 7.0068168, 52.2446276 ] } },
{ "type": "Feature", "properties": { "id": 3477, "left": 145000.0, "top": 80000.0, "right": 150000.0, "bottom": 85000.0, "row_index": 31, "col_index": 53 }, "geometry": { "type": "Point", "coordinates": [ 7.0046735, 52.1997095 ] } },
{ "type": "Feature", "properties": { "id": 3478, "left": 145000.0, "top": 75000.0, "right": 150000.0, "bottom": 80000.0, "row_index": 32, "col_index": 53 }, "geometry": { "type": "Point", "coordinates": [ 7.0025359, 52.1547909 ] } },
{ "type": "Feature", "properties": { "id": 3479, "left": 145000.0, "top": 70000.0, "right": 150000.0, "bottom": 75000.0, "row_index": 33, "col_index": 53 }, "geometry": { "type": "Point", "coordinates": [ 7.0004038, 52.109872 ] } },
{ "type": "Feature", "properties": { "id": 3480, "left": 145000.0, "top": 65000.0, "right": 150000.0, "bottom": 70000.0, "row_index": 34, "col_index": 53 }, "geometry": { "type": "Point", "coordinates": [ 6.9982773, 52.0649527 ] } },
{ "type": "Feature", "properties": { "id": 3481, "left": 145000.0, "top": 60000.0, "right": 150000.0, "bottom": 65000.0, "row_index": 35, "col_index": 53 }, "geometry": { "type": "Point", "coordinates": [ 6.9961563, 52.020033 ] } },
{ "type": "Feature", "properties": { "id": 3482, "left": 145000.0, "top": 55000.0, "right": 150000.0, "bottom": 60000.0, "row_index": 36, "col_index": 53 }, "geometry": { "type": "Point", "coordinates": [ 6.9940409, 51.975113 ] } },
{ "type": "Feature", "properties": { "id": 3483, "left": 145000.0, "top": 50000.0, "right": 150000.0, "bottom": 55000.0, "row_index": 37, "col_index": 53 }, "geometry": { "type": "Point", "coordinates": [ 6.991931, 51.9301925 ] } },
{ "type": "Feature", "properties": { "id": 3484, "left": 145000.0, "top": 45000.0, "right": 150000.0, "bottom": 50000.0, "row_index": 38, "col_index": 53 }, "geometry": { "type": "Point", "coordinates": [ 6.9898267, 51.8852717 ] } },
{ "type": "Feature", "properties": { "id": 3485, "left": 145000.0, "top": 40000.0, "right": 150000.0, "bottom": 45000.0, "row_index": 39, "col_index": 53 }, "geometry": { "type": "Point", "coordinates": [ 6.9877278, 51.8403505 ] } },
{ "type": "Feature", "properties": { "id": 3486, "left": 145000.0, "top": 35000.0, "right": 150000.0, "bottom": 40000.0, "row_index": 40, "col_index": 53 }, "geometry": { "type": "Point", "coordinates": [ 6.9856343, 51.7954289 ] } },
{ "type": "Feature", "properties": { "id": 3487, "left": 145000.0, "top": 30000.0, "right": 150000.0, "bottom": 35000.0, "row_index": 41, "col_index": 53 }, "geometry": { "type": "Point", "coordinates": [ 6.9835463, 51.750507 ] } },
{ "type": "Feature", "properties": { "id": 3488, "left": 145000.0, "top": 25000.0, "right": 150000.0, "bottom": 30000.0, "row_index": 42, "col_index": 53 }, "geometry": { "type": "Point", "coordinates": [ 6.9814638, 51.7055846 ] } },
{ "type": "Feature", "properties": { "id": 3489, "left": 145000.0, "top": 20000.0, "right": 150000.0, "bottom": 25000.0, "row_index": 43, "col_index": 53 }, "geometry": { "type": "Point", "coordinates": [ 6.9793866, 51.6606619 ] } },
{ "type": "Feature", "properties": { "id": 3490, "left": 145000.0, "top": 15000.0, "right": 150000.0, "bottom": 20000.0, "row_index": 44, "col_index": 53 }, "geometry": { "type": "Point", "coordinates": [ 6.9773148, 51.6157388 ] } },
{ "type": "Feature", "properties": { "id": 3491, "left": 145000.0, "top": 10000.0, "right": 150000.0, "bottom": 15000.0, "row_index": 45, "col_index": 53 }, "geometry": { "type": "Point", "coordinates": [ 6.9752484, 51.5708153 ] } },
{ "type": "Feature", "properties": { "id": 3492, "left": 145000.0, "top": 5000.0, "right": 150000.0, "bottom": 10000.0, "row_index": 46, "col_index": 53 }, "geometry": { "type": "Point", "coordinates": [ 6.9731874, 51.5258914 ] } },
{ "type": "Feature", "properties": { "id": 3493, "left": 145000.0, "top": 0.0, "right": 150000.0, "bottom": 5000.0, "row_index": 47, "col_index": 53 }, "geometry": { "type": "Point", "coordinates": [ 6.9711316, 51.4809671 ] } },
{ "type": "Feature", "properties": { "id": 3494, "left": 145000.0, "top": -5000.0, "right": 150000.0, "bottom": 0.0, "row_index": 48, "col_index": 53 }, "geometry": { "type": "Point", "coordinates": [ 6.9690812, 51.4360425 ] } },
{ "type": "Feature", "properties": { "id": 3495, "left": 145000.0, "top": -10000.0, "right": 150000.0, "bottom": -5000.0, "row_index": 49, "col_index": 53 }, "geometry": { "type": "Point", "coordinates": [ 6.9670361, 51.3911175 ] } },
{ "type": "Feature", "properties": { "id": 3496, "left": 145000.0, "top": -15000.0, "right": 150000.0, "bottom": -10000.0, "row_index": 50, "col_index": 53 }, "geometry": { "type": "Point", "coordinates": [ 6.9649963, 51.3461921 ] } },
{ "type": "Feature", "properties": { "id": 3497, "left": 145000.0, "top": -20000.0, "right": 150000.0, "bottom": -15000.0, "row_index": 51, "col_index": 53 }, "geometry": { "type": "Point", "coordinates": [ 6.9629617, 51.3012663 ] } },
{ "type": "Feature", "properties": { "id": 3498, "left": 145000.0, "top": -25000.0, "right": 150000.0, "bottom": -20000.0, "row_index": 52, "col_index": 53 }, "geometry": { "type": "Point", "coordinates": [ 6.9609324, 51.2563401 ] } },
{ "type": "Feature", "properties": { "id": 3499, "left": 145000.0, "top": -30000.0, "right": 150000.0, "bottom": -25000.0, "row_index": 53, "col_index": 53 }, "geometry": { "type": "Point", "coordinates": [ 6.9589083, 51.2114136 ] } },
{ "type": "Feature", "properties": { "id": 3500, "left": 145000.0, "top": -35000.0, "right": 150000.0, "bottom": -30000.0, "row_index": 54, "col_index": 53 }, "geometry": { "type": "Point", "coordinates": [ 6.9568894, 51.1664867 ] } },
{ "type": "Feature", "properties": { "id": 3501, "left": 145000.0, "top": -40000.0, "right": 150000.0, "bottom": -35000.0, "row_index": 55, "col_index": 53 }, "geometry": { "type": "Point", "coordinates": [ 6.9548757, 51.1215594 ] } },
{ "type": "Feature", "properties": { "id": 3502, "left": 145000.0, "top": -45000.0, "right": 150000.0, "bottom": -40000.0, "row_index": 56, "col_index": 53 }, "geometry": { "type": "Point", "coordinates": [ 6.9528671, 51.0766317 ] } },
{ "type": "Feature", "properties": { "id": 3503, "left": 145000.0, "top": -50000.0, "right": 150000.0, "bottom": -45000.0, "row_index": 57, "col_index": 53 }, "geometry": { "type": "Point", "coordinates": [ 6.9508637, 51.0317036 ] } },
{ "type": "Feature", "properties": { "id": 3504, "left": 145000.0, "top": -55000.0, "right": 150000.0, "bottom": -50000.0, "row_index": 58, "col_index": 53 }, "geometry": { "type": "Point", "coordinates": [ 6.9488655, 50.9867751 ] } },
{ "type": "Feature", "properties": { "id": 3505, "left": 145000.0, "top": -60000.0, "right": 150000.0, "bottom": -55000.0, "row_index": 59, "col_index": 53 }, "geometry": { "type": "Point", "coordinates": [ 6.9468724, 50.9418463 ] } },
{ "type": "Feature", "properties": { "id": 3506, "left": 145000.0, "top": -65000.0, "right": 150000.0, "bottom": -60000.0, "row_index": 60, "col_index": 53 }, "geometry": { "type": "Point", "coordinates": [ 6.9448844, 50.8969171 ] } },
{ "type": "Feature", "properties": { "id": 3507, "left": 145000.0, "top": -70000.0, "right": 150000.0, "bottom": -65000.0, "row_index": 61, "col_index": 53 }, "geometry": { "type": "Point", "coordinates": [ 6.9429014, 50.8519875 ] } },
{ "type": "Feature", "properties": { "id": 3508, "left": 145000.0, "top": -75000.0, "right": 150000.0, "bottom": -70000.0, "row_index": 62, "col_index": 53 }, "geometry": { "type": "Point", "coordinates": [ 6.9409235, 50.8070575 ] } },
{ "type": "Feature", "properties": { "id": 3509, "left": 145000.0, "top": -80000.0, "right": 150000.0, "bottom": -75000.0, "row_index": 63, "col_index": 53 }, "geometry": { "type": "Point", "coordinates": [ 6.9389507, 50.7621271 ] } },
{ "type": "Feature", "properties": { "id": 3510, "left": 145000.0, "top": -85000.0, "right": 150000.0, "bottom": -80000.0, "row_index": 64, "col_index": 53 }, "geometry": { "type": "Point", "coordinates": [ 6.9369829, 50.7171964 ] } },
{ "type": "Feature", "properties": { "id": 3511, "left": 150000.0, "top": 235000.0, "right": 155000.0, "bottom": 240000.0, "row_index": 0, "col_index": 54 }, "geometry": { "type": "Point", "coordinates": [ 7.1493044, 53.5906282 ] } },
{ "type": "Feature", "properties": { "id": 3512, "left": 150000.0, "top": 230000.0, "right": 155000.0, "bottom": 235000.0, "row_index": 1, "col_index": 54 }, "geometry": { "type": "Point", "coordinates": [ 7.1469032, 53.5457229 ] } },
{ "type": "Feature", "properties": { "id": 3513, "left": 150000.0, "top": 225000.0, "right": 155000.0, "bottom": 230000.0, "row_index": 2, "col_index": 54 }, "geometry": { "type": "Point", "coordinates": [ 7.1445085, 53.5008171 ] } },
{ "type": "Feature", "properties": { "id": 3514, "left": 150000.0, "top": 220000.0, "right": 155000.0, "bottom": 225000.0, "row_index": 3, "col_index": 54 }, "geometry": { "type": "Point", "coordinates": [ 7.1421203, 53.455911 ] } },
{ "type": "Feature", "properties": { "id": 3515, "left": 150000.0, "top": 215000.0, "right": 155000.0, "bottom": 220000.0, "row_index": 4, "col_index": 54 }, "geometry": { "type": "Point", "coordinates": [ 7.1397385, 53.4110045 ] } },
{ "type": "Feature", "properties": { "id": 3516, "left": 150000.0, "top": 210000.0, "right": 155000.0, "bottom": 215000.0, "row_index": 5, "col_index": 54 }, "geometry": { "type": "Point", "coordinates": [ 7.137363, 53.3660977 ] } },
{ "type": "Feature", "properties": { "id": 3517, "left": 150000.0, "top": 205000.0, "right": 155000.0, "bottom": 210000.0, "row_index": 6, "col_index": 54 }, "geometry": { "type": "Point", "coordinates": [ 7.134994, 53.3211904 ] } },
{ "type": "Feature", "properties": { "id": 3518, "left": 150000.0, "top": 200000.0, "right": 155000.0, "bottom": 205000.0, "row_index": 7, "col_index": 54 }, "geometry": { "type": "Point", "coordinates": [ 7.1326312, 53.2762828 ] } },
{ "type": "Feature", "properties": { "id": 3519, "left": 150000.0, "top": 195000.0, "right": 155000.0, "bottom": 200000.0, "row_index": 8, "col_index": 54 }, "geometry": { "type": "Point", "coordinates": [ 7.1302748, 53.2313747 ] } },
{ "type": "Feature", "properties": { "id": 3520, "left": 150000.0, "top": 190000.0, "right": 155000.0, "bottom": 195000.0, "row_index": 9, "col_index": 54 }, "geometry": { "type": "Point", "coordinates": [ 7.1279248, 53.1864663 ] } },
{ "type": "Feature", "properties": { "id": 3521, "left": 150000.0, "top": 185000.0, "right": 155000.0, "bottom": 190000.0, "row_index": 10, "col_index": 54 }, "geometry": { "type": "Point", "coordinates": [ 7.1255809, 53.1415576 ] } },
{ "type": "Feature", "properties": { "id": 3522, "left": 150000.0, "top": 180000.0, "right": 155000.0, "bottom": 185000.0, "row_index": 11, "col_index": 54 }, "geometry": { "type": "Point", "coordinates": [ 7.1232434, 53.0966484 ] } },
{ "type": "Feature", "properties": { "id": 3523, "left": 150000.0, "top": 175000.0, "right": 155000.0, "bottom": 180000.0, "row_index": 12, "col_index": 54 }, "geometry": { "type": "Point", "coordinates": [ 7.1209121, 53.0517388 ] } },
{ "type": "Feature", "properties": { "id": 3524, "left": 150000.0, "top": 170000.0, "right": 155000.0, "bottom": 175000.0, "row_index": 13, "col_index": 54 }, "geometry": { "type": "Point", "coordinates": [ 7.118587, 53.0068289 ] } },
{ "type": "Feature", "properties": { "id": 3525, "left": 150000.0, "top": 165000.0, "right": 155000.0, "bottom": 170000.0, "row_index": 14, "col_index": 54 }, "geometry": { "type": "Point", "coordinates": [ 7.116268, 52.9619186 ] } },
{ "type": "Feature", "properties": { "id": 3526, "left": 150000.0, "top": 160000.0, "right": 155000.0, "bottom": 165000.0, "row_index": 15, "col_index": 54 }, "geometry": { "type": "Point", "coordinates": [ 7.1139553, 52.9170079 ] } },
{ "type": "Feature", "properties": { "id": 3527, "left": 150000.0, "top": 155000.0, "right": 155000.0, "bottom": 160000.0, "row_index": 16, "col_index": 54 }, "geometry": { "type": "Point", "coordinates": [ 7.1116487, 52.8720968 ] } },
{ "type": "Feature", "properties": { "id": 3528, "left": 150000.0, "top": 150000.0, "right": 155000.0, "bottom": 155000.0, "row_index": 17, "col_index": 54 }, "geometry": { "type": "Point", "coordinates": [ 7.1093482, 52.8271853 ] } },
{ "type": "Feature", "properties": { "id": 3529, "left": 150000.0, "top": 145000.0, "right": 155000.0, "bottom": 150000.0, "row_index": 18, "col_index": 54 }, "geometry": { "type": "Point", "coordinates": [ 7.1070538, 52.7822735 ] } },
{ "type": "Feature", "properties": { "id": 3530, "left": 150000.0, "top": 140000.0, "right": 155000.0, "bottom": 145000.0, "row_index": 19, "col_index": 54 }, "geometry": { "type": "Point", "coordinates": [ 7.1047655, 52.7373612 ] } },
{ "type": "Feature", "properties": { "id": 3531, "left": 150000.0, "top": 135000.0, "right": 155000.0, "bottom": 140000.0, "row_index": 20, "col_index": 54 }, "geometry": { "type": "Point", "coordinates": [ 7.1024833, 52.6924486 ] } },
{ "type": "Feature", "properties": { "id": 3532, "left": 150000.0, "top": 130000.0, "right": 155000.0, "bottom": 135000.0, "row_index": 21, "col_index": 54 }, "geometry": { "type": "Point", "coordinates": [ 7.1002071, 52.6475356 ] } },
{ "type": "Feature", "properties": { "id": 3533, "left": 150000.0, "top": 125000.0, "right": 155000.0, "bottom": 130000.0, "row_index": 22, "col_index": 54 }, "geometry": { "type": "Point", "coordinates": [ 7.0979369, 52.6026222 ] } },
{ "type": "Feature", "properties": { "id": 3534, "left": 150000.0, "top": 120000.0, "right": 155000.0, "bottom": 125000.0, "row_index": 23, "col_index": 54 }, "geometry": { "type": "Point", "coordinates": [ 7.0956727, 52.5577084 ] } },
{ "type": "Feature", "properties": { "id": 3535, "left": 150000.0, "top": 115000.0, "right": 155000.0, "bottom": 120000.0, "row_index": 24, "col_index": 54 }, "geometry": { "type": "Point", "coordinates": [ 7.0934145, 52.5127943 ] } },
{ "type": "Feature", "properties": { "id": 3536, "left": 150000.0, "top": 110000.0, "right": 155000.0, "bottom": 115000.0, "row_index": 25, "col_index": 54 }, "geometry": { "type": "Point", "coordinates": [ 7.0911623, 52.4678797 ] } },
{ "type": "Feature", "properties": { "id": 3537, "left": 150000.0, "top": 105000.0, "right": 155000.0, "bottom": 110000.0, "row_index": 26, "col_index": 54 }, "geometry": { "type": "Point", "coordinates": [ 7.0889159, 52.4229648 ] } },
{ "type": "Feature", "properties": { "id": 3538, "left": 150000.0, "top": 100000.0, "right": 155000.0, "bottom": 105000.0, "row_index": 27, "col_index": 54 }, "geometry": { "type": "Point", "coordinates": [ 7.0866755, 52.3780495 ] } },
{ "type": "Feature", "properties": { "id": 3539, "left": 150000.0, "top": 95000.0, "right": 155000.0, "bottom": 100000.0, "row_index": 28, "col_index": 54 }, "geometry": { "type": "Point", "coordinates": [ 7.084441, 52.3331338 ] } },
{ "type": "Feature", "properties": { "id": 3540, "left": 150000.0, "top": 90000.0, "right": 155000.0, "bottom": 95000.0, "row_index": 29, "col_index": 54 }, "geometry": { "type": "Point", "coordinates": [ 7.0822123, 52.2882177 ] } },
{ "type": "Feature", "properties": { "id": 3541, "left": 150000.0, "top": 85000.0, "right": 155000.0, "bottom": 90000.0, "row_index": 30, "col_index": 54 }, "geometry": { "type": "Point", "coordinates": [ 7.0799895, 52.2433013 ] } },
{ "type": "Feature", "properties": { "id": 3542, "left": 150000.0, "top": 80000.0, "right": 155000.0, "bottom": 85000.0, "row_index": 31, "col_index": 54 }, "geometry": { "type": "Point", "coordinates": [ 7.0777726, 52.1983844 ] } },
{ "type": "Feature", "properties": { "id": 3543, "left": 150000.0, "top": 75000.0, "right": 155000.0, "bottom": 80000.0, "row_index": 32, "col_index": 54 }, "geometry": { "type": "Point", "coordinates": [ 7.0755614, 52.1534672 ] } },
{ "type": "Feature", "properties": { "id": 3544, "left": 150000.0, "top": 70000.0, "right": 155000.0, "bottom": 75000.0, "row_index": 33, "col_index": 54 }, "geometry": { "type": "Point", "coordinates": [ 7.073356, 52.1085496 ] } },
{ "type": "Feature", "properties": { "id": 3545, "left": 150000.0, "top": 65000.0, "right": 155000.0, "bottom": 70000.0, "row_index": 34, "col_index": 54 }, "geometry": { "type": "Point", "coordinates": [ 7.0711564, 52.0636316 ] } },
{ "type": "Feature", "properties": { "id": 3546, "left": 150000.0, "top": 60000.0, "right": 155000.0, "bottom": 65000.0, "row_index": 35, "col_index": 54 }, "geometry": { "type": "Point", "coordinates": [ 7.0689626, 52.0187132 ] } },
{ "type": "Feature", "properties": { "id": 3547, "left": 150000.0, "top": 55000.0, "right": 155000.0, "bottom": 60000.0, "row_index": 36, "col_index": 54 }, "geometry": { "type": "Point", "coordinates": [ 7.0667744, 51.9737945 ] } },
{ "type": "Feature", "properties": { "id": 3548, "left": 150000.0, "top": 50000.0, "right": 155000.0, "bottom": 55000.0, "row_index": 37, "col_index": 54 }, "geometry": { "type": "Point", "coordinates": [ 7.064592, 51.9288753 ] } },
{ "type": "Feature", "properties": { "id": 3549, "left": 150000.0, "top": 45000.0, "right": 155000.0, "bottom": 50000.0, "row_index": 38, "col_index": 54 }, "geometry": { "type": "Point", "coordinates": [ 7.0624153, 51.8839558 ] } },
{ "type": "Feature", "properties": { "id": 3550, "left": 150000.0, "top": 40000.0, "right": 155000.0, "bottom": 45000.0, "row_index": 39, "col_index": 54 }, "geometry": { "type": "Point", "coordinates": [ 7.0602442, 51.8390359 ] } },
{ "type": "Feature", "properties": { "id": 3551, "left": 150000.0, "top": 35000.0, "right": 155000.0, "bottom": 40000.0, "row_index": 40, "col_index": 54 }, "geometry": { "type": "Point", "coordinates": [ 7.0580788, 51.7941156 ] } },
{ "type": "Feature", "properties": { "id": 3552, "left": 150000.0, "top": 30000.0, "right": 155000.0, "bottom": 35000.0, "row_index": 41, "col_index": 54 }, "geometry": { "type": "Point", "coordinates": [ 7.055919, 51.7491949 ] } },
{ "type": "Feature", "properties": { "id": 3553, "left": 150000.0, "top": 25000.0, "right": 155000.0, "bottom": 30000.0, "row_index": 42, "col_index": 54 }, "geometry": { "type": "Point", "coordinates": [ 7.0537649, 51.7042739 ] } },
{ "type": "Feature", "properties": { "id": 3554, "left": 150000.0, "top": 20000.0, "right": 155000.0, "bottom": 25000.0, "row_index": 43, "col_index": 54 }, "geometry": { "type": "Point", "coordinates": [ 7.0516163, 51.6593524 ] } },
{ "type": "Feature", "properties": { "id": 3555, "left": 150000.0, "top": 15000.0, "right": 155000.0, "bottom": 20000.0, "row_index": 44, "col_index": 54 }, "geometry": { "type": "Point", "coordinates": [ 7.0494733, 51.6144306 ] } },
{ "type": "Feature", "properties": { "id": 3556, "left": 150000.0, "top": 10000.0, "right": 155000.0, "bottom": 15000.0, "row_index": 45, "col_index": 54 }, "geometry": { "type": "Point", "coordinates": [ 7.0473358, 51.5695084 ] } },
{ "type": "Feature", "properties": { "id": 3557, "left": 150000.0, "top": 5000.0, "right": 155000.0, "bottom": 10000.0, "row_index": 46, "col_index": 54 }, "geometry": { "type": "Point", "coordinates": [ 7.0452039, 51.5245858 ] } },
{ "type": "Feature", "properties": { "id": 3558, "left": 150000.0, "top": 0.0, "right": 155000.0, "bottom": 5000.0, "row_index": 47, "col_index": 54 }, "geometry": { "type": "Point", "coordinates": [ 7.0430775, 51.4796628 ] } },
{ "type": "Feature", "properties": { "id": 3559, "left": 150000.0, "top": -5000.0, "right": 155000.0, "bottom": 0.0, "row_index": 48, "col_index": 54 }, "geometry": { "type": "Point", "coordinates": [ 7.0409566, 51.4347394 ] } },
{ "type": "Feature", "properties": { "id": 3560, "left": 150000.0, "top": -10000.0, "right": 155000.0, "bottom": -5000.0, "row_index": 49, "col_index": 54 }, "geometry": { "type": "Point", "coordinates": [ 7.0388412, 51.3898157 ] } },
{ "type": "Feature", "properties": { "id": 3561, "left": 150000.0, "top": -15000.0, "right": 155000.0, "bottom": -10000.0, "row_index": 50, "col_index": 54 }, "geometry": { "type": "Point", "coordinates": [ 7.0367312, 51.3448915 ] } },
{ "type": "Feature", "properties": { "id": 3562, "left": 150000.0, "top": -20000.0, "right": 155000.0, "bottom": -15000.0, "row_index": 51, "col_index": 54 }, "geometry": { "type": "Point", "coordinates": [ 7.0346267, 51.299967 ] } },
{ "type": "Feature", "properties": { "id": 3563, "left": 150000.0, "top": -25000.0, "right": 155000.0, "bottom": -20000.0, "row_index": 52, "col_index": 54 }, "geometry": { "type": "Point", "coordinates": [ 7.0325276, 51.2550421 ] } },
{ "type": "Feature", "properties": { "id": 3564, "left": 150000.0, "top": -30000.0, "right": 155000.0, "bottom": -25000.0, "row_index": 53, "col_index": 54 }, "geometry": { "type": "Point", "coordinates": [ 7.0304339, 51.2101168 ] } },
{ "type": "Feature", "properties": { "id": 3565, "left": 150000.0, "top": -35000.0, "right": 155000.0, "bottom": -30000.0, "row_index": 54, "col_index": 54 }, "geometry": { "type": "Point", "coordinates": [ 7.0283456, 51.1651912 ] } },
{ "type": "Feature", "properties": { "id": 3566, "left": 150000.0, "top": -40000.0, "right": 155000.0, "bottom": -35000.0, "row_index": 55, "col_index": 54 }, "geometry": { "type": "Point", "coordinates": [ 7.0262626, 51.1202651 ] } },
{ "type": "Feature", "properties": { "id": 3567, "left": 150000.0, "top": -45000.0, "right": 155000.0, "bottom": -40000.0, "row_index": 56, "col_index": 54 }, "geometry": { "type": "Point", "coordinates": [ 7.024185, 51.0753387 ] } },
{ "type": "Feature", "properties": { "id": 3568, "left": 150000.0, "top": -50000.0, "right": 155000.0, "bottom": -45000.0, "row_index": 57, "col_index": 54 }, "geometry": { "type": "Point", "coordinates": [ 7.0221128, 51.0304118 ] } },
{ "type": "Feature", "properties": { "id": 3569, "left": 150000.0, "top": -55000.0, "right": 155000.0, "bottom": -50000.0, "row_index": 58, "col_index": 54 }, "geometry": { "type": "Point", "coordinates": [ 7.0200458, 50.9854846 ] } },
{ "type": "Feature", "properties": { "id": 3570, "left": 150000.0, "top": -60000.0, "right": 155000.0, "bottom": -55000.0, "row_index": 59, "col_index": 54 }, "geometry": { "type": "Point", "coordinates": [ 7.0179842, 50.940557 ] } },
{ "type": "Feature", "properties": { "id": 3571, "left": 150000.0, "top": -65000.0, "right": 155000.0, "bottom": -60000.0, "row_index": 60, "col_index": 54 }, "geometry": { "type": "Point", "coordinates": [ 7.0159278, 50.8956291 ] } },
{ "type": "Feature", "properties": { "id": 3572, "left": 150000.0, "top": -70000.0, "right": 155000.0, "bottom": -65000.0, "row_index": 61, "col_index": 54 }, "geometry": { "type": "Point", "coordinates": [ 7.0138767, 50.8507007 ] } },
{ "type": "Feature", "properties": { "id": 3573, "left": 150000.0, "top": -75000.0, "right": 155000.0, "bottom": -70000.0, "row_index": 62, "col_index": 54 }, "geometry": { "type": "Point", "coordinates": [ 7.0118308, 50.8057719 ] } },
{ "type": "Feature", "properties": { "id": 3574, "left": 150000.0, "top": -80000.0, "right": 155000.0, "bottom": -75000.0, "row_index": 63, "col_index": 54 }, "geometry": { "type": "Point", "coordinates": [ 7.0097902, 50.7608428 ] } },
{ "type": "Feature", "properties": { "id": 3575, "left": 150000.0, "top": -85000.0, "right": 155000.0, "bottom": -80000.0, "row_index": 64, "col_index": 54 }, "geometry": { "type": "Point", "coordinates": [ 7.0077547, 50.7159133 ] } },
{ "type": "Feature", "properties": { "id": 3576, "left": 155000.0, "top": 235000.0, "right": 160000.0, "bottom": 240000.0, "row_index": 0, "col_index": 55 }, "geometry": { "type": "Point", "coordinates": [ 7.2247757, 53.5892149 ] } },
{ "type": "Feature", "properties": { "id": 3577, "left": 155000.0, "top": 230000.0, "right": 160000.0, "bottom": 235000.0, "row_index": 1, "col_index": 55 }, "geometry": { "type": "Point", "coordinates": [ 7.2222947, 53.544311 ] } },
{ "type": "Feature", "properties": { "id": 3578, "left": 155000.0, "top": 225000.0, "right": 160000.0, "bottom": 230000.0, "row_index": 2, "col_index": 55 }, "geometry": { "type": "Point", "coordinates": [ 7.2198205, 53.4994067 ] } },
{ "type": "Feature", "properties": { "id": 3579, "left": 155000.0, "top": 220000.0, "right": 160000.0, "bottom": 225000.0, "row_index": 3, "col_index": 55 }, "geometry": { "type": "Point", "coordinates": [ 7.2173529, 53.4545021 ] } },
{ "type": "Feature", "properties": { "id": 3580, "left": 155000.0, "top": 215000.0, "right": 160000.0, "bottom": 220000.0, "row_index": 4, "col_index": 55 }, "geometry": { "type": "Point", "coordinates": [ 7.2148919, 53.409597 ] } },
{ "type": "Feature", "properties": { "id": 3581, "left": 155000.0, "top": 210000.0, "right": 160000.0, "bottom": 215000.0, "row_index": 5, "col_index": 55 }, "geometry": { "type": "Point", "coordinates": [ 7.2124376, 53.3646916 ] } },
{ "type": "Feature", "properties": { "id": 3582, "left": 155000.0, "top": 205000.0, "right": 160000.0, "bottom": 210000.0, "row_index": 6, "col_index": 55 }, "geometry": { "type": "Point", "coordinates": [ 7.2099898, 53.3197858 ] } },
{ "type": "Feature", "properties": { "id": 3583, "left": 155000.0, "top": 200000.0, "right": 160000.0, "bottom": 205000.0, "row_index": 7, "col_index": 55 }, "geometry": { "type": "Point", "coordinates": [ 7.2075486, 53.2748795 ] } },
{ "type": "Feature", "properties": { "id": 3584, "left": 155000.0, "top": 195000.0, "right": 160000.0, "bottom": 200000.0, "row_index": 8, "col_index": 55 }, "geometry": { "type": "Point", "coordinates": [ 7.2051139, 53.2299729 ] } },
{ "type": "Feature", "properties": { "id": 3585, "left": 155000.0, "top": 190000.0, "right": 160000.0, "bottom": 195000.0, "row_index": 9, "col_index": 55 }, "geometry": { "type": "Point", "coordinates": [ 7.2026857, 53.185066 ] } },
{ "type": "Feature", "properties": { "id": 3586, "left": 155000.0, "top": 185000.0, "right": 160000.0, "bottom": 190000.0, "row_index": 10, "col_index": 55 }, "geometry": { "type": "Point", "coordinates": [ 7.2002641, 53.1401586 ] } },
{ "type": "Feature", "properties": { "id": 3587, "left": 155000.0, "top": 180000.0, "right": 160000.0, "bottom": 185000.0, "row_index": 11, "col_index": 55 }, "geometry": { "type": "Point", "coordinates": [ 7.1978488, 53.0952508 ] } },
{ "type": "Feature", "properties": { "id": 3588, "left": 155000.0, "top": 175000.0, "right": 160000.0, "bottom": 180000.0, "row_index": 12, "col_index": 55 }, "geometry": { "type": "Point", "coordinates": [ 7.1954401, 53.0503427 ] } },
{ "type": "Feature", "properties": { "id": 3589, "left": 155000.0, "top": 170000.0, "right": 160000.0, "bottom": 175000.0, "row_index": 13, "col_index": 55 }, "geometry": { "type": "Point", "coordinates": [ 7.1930377, 53.0054342 ] } },
{ "type": "Feature", "properties": { "id": 3590, "left": 155000.0, "top": 165000.0, "right": 160000.0, "bottom": 170000.0, "row_index": 14, "col_index": 55 }, "geometry": { "type": "Point", "coordinates": [ 7.1906417, 52.9605252 ] } },
{ "type": "Feature", "properties": { "id": 3591, "left": 155000.0, "top": 160000.0, "right": 160000.0, "bottom": 165000.0, "row_index": 15, "col_index": 55 }, "geometry": { "type": "Point", "coordinates": [ 7.1882521, 52.9156159 ] } },
{ "type": "Feature", "properties": { "id": 3592, "left": 155000.0, "top": 155000.0, "right": 160000.0, "bottom": 160000.0, "row_index": 16, "col_index": 55 }, "geometry": { "type": "Point", "coordinates": [ 7.1858689, 52.8707063 ] } },
{ "type": "Feature", "properties": { "id": 3593, "left": 155000.0, "top": 150000.0, "right": 160000.0, "bottom": 155000.0, "row_index": 17, "col_index": 55 }, "geometry": { "type": "Point", "coordinates": [ 7.183492, 52.8257962 ] } },
{ "type": "Feature", "properties": { "id": 3594, "left": 155000.0, "top": 145000.0, "right": 160000.0, "bottom": 150000.0, "row_index": 18, "col_index": 55 }, "geometry": { "type": "Point", "coordinates": [ 7.1811214, 52.7808857 ] } },
{ "type": "Feature", "properties": { "id": 3595, "left": 155000.0, "top": 140000.0, "right": 160000.0, "bottom": 145000.0, "row_index": 19, "col_index": 55 }, "geometry": { "type": "Point", "coordinates": [ 7.178757, 52.7359749 ] } },
{ "type": "Feature", "properties": { "id": 3596, "left": 155000.0, "top": 135000.0, "right": 160000.0, "bottom": 140000.0, "row_index": 20, "col_index": 55 }, "geometry": { "type": "Point", "coordinates": [ 7.176399, 52.6910636 ] } },
{ "type": "Feature", "properties": { "id": 3597, "left": 155000.0, "top": 130000.0, "right": 160000.0, "bottom": 135000.0, "row_index": 21, "col_index": 55 }, "geometry": { "type": "Point", "coordinates": [ 7.1740472, 52.646152 ] } },
{ "type": "Feature", "properties": { "id": 3598, "left": 155000.0, "top": 125000.0, "right": 160000.0, "bottom": 130000.0, "row_index": 22, "col_index": 55 }, "geometry": { "type": "Point", "coordinates": [ 7.1717015, 52.60124 ] } },
{ "type": "Feature", "properties": { "id": 3599, "left": 155000.0, "top": 120000.0, "right": 160000.0, "bottom": 125000.0, "row_index": 23, "col_index": 55 }, "geometry": { "type": "Point", "coordinates": [ 7.1693621, 52.5563276 ] } },
{ "type": "Feature", "properties": { "id": 3600, "left": 155000.0, "top": 115000.0, "right": 160000.0, "bottom": 120000.0, "row_index": 24, "col_index": 55 }, "geometry": { "type": "Point", "coordinates": [ 7.1670289, 52.5114149 ] } },
{ "type": "Feature", "properties": { "id": 3601, "left": 155000.0, "top": 110000.0, "right": 160000.0, "bottom": 115000.0, "row_index": 25, "col_index": 55 }, "geometry": { "type": "Point", "coordinates": [ 7.1647018, 52.4665017 ] } },
{ "type": "Feature", "properties": { "id": 3602, "left": 155000.0, "top": 105000.0, "right": 160000.0, "bottom": 110000.0, "row_index": 26, "col_index": 55 }, "geometry": { "type": "Point", "coordinates": [ 7.1623808, 52.4215881 ] } },
{ "type": "Feature", "properties": { "id": 3603, "left": 155000.0, "top": 100000.0, "right": 160000.0, "bottom": 105000.0, "row_index": 27, "col_index": 55 }, "geometry": { "type": "Point", "coordinates": [ 7.160066, 52.3766742 ] } },
{ "type": "Feature", "properties": { "id": 3604, "left": 155000.0, "top": 95000.0, "right": 160000.0, "bottom": 100000.0, "row_index": 28, "col_index": 55 }, "geometry": { "type": "Point", "coordinates": [ 7.1577572, 52.3317599 ] } },
{ "type": "Feature", "properties": { "id": 3605, "left": 155000.0, "top": 90000.0, "right": 160000.0, "bottom": 95000.0, "row_index": 29, "col_index": 55 }, "geometry": { "type": "Point", "coordinates": [ 7.1554545, 52.2868452 ] } },
{ "type": "Feature", "properties": { "id": 3606, "left": 155000.0, "top": 85000.0, "right": 160000.0, "bottom": 90000.0, "row_index": 30, "col_index": 55 }, "geometry": { "type": "Point", "coordinates": [ 7.1531578, 52.2419301 ] } },
{ "type": "Feature", "properties": { "id": 3607, "left": 155000.0, "top": 80000.0, "right": 160000.0, "bottom": 85000.0, "row_index": 31, "col_index": 55 }, "geometry": { "type": "Point", "coordinates": [ 7.1508672, 52.1970146 ] } },
{ "type": "Feature", "properties": { "id": 3608, "left": 155000.0, "top": 75000.0, "right": 160000.0, "bottom": 80000.0, "row_index": 32, "col_index": 55 }, "geometry": { "type": "Point", "coordinates": [ 7.1485825, 52.1520987 ] } },
{ "type": "Feature", "properties": { "id": 3609, "left": 155000.0, "top": 70000.0, "right": 160000.0, "bottom": 75000.0, "row_index": 33, "col_index": 55 }, "geometry": { "type": "Point", "coordinates": [ 7.1463039, 52.1071825 ] } },
{ "type": "Feature", "properties": { "id": 3610, "left": 155000.0, "top": 65000.0, "right": 160000.0, "bottom": 70000.0, "row_index": 34, "col_index": 55 }, "geometry": { "type": "Point", "coordinates": [ 7.1440312, 52.0622658 ] } },
{ "type": "Feature", "properties": { "id": 3611, "left": 155000.0, "top": 60000.0, "right": 160000.0, "bottom": 65000.0, "row_index": 35, "col_index": 55 }, "geometry": { "type": "Point", "coordinates": [ 7.1417644, 52.0173488 ] } },
{ "type": "Feature", "properties": { "id": 3612, "left": 155000.0, "top": 55000.0, "right": 160000.0, "bottom": 60000.0, "row_index": 36, "col_index": 55 }, "geometry": { "type": "Point", "coordinates": [ 7.1395036, 51.9724314 ] } },
{ "type": "Feature", "properties": { "id": 3613, "left": 155000.0, "top": 50000.0, "right": 160000.0, "bottom": 55000.0, "row_index": 37, "col_index": 55 }, "geometry": { "type": "Point", "coordinates": [ 7.1372487, 51.9275136 ] } },
{ "type": "Feature", "properties": { "id": 3614, "left": 155000.0, "top": 45000.0, "right": 160000.0, "bottom": 50000.0, "row_index": 38, "col_index": 55 }, "geometry": { "type": "Point", "coordinates": [ 7.1349996, 51.8825954 ] } },
{ "type": "Feature", "properties": { "id": 3615, "left": 155000.0, "top": 40000.0, "right": 160000.0, "bottom": 45000.0, "row_index": 39, "col_index": 55 }, "geometry": { "type": "Point", "coordinates": [ 7.1327564, 51.8376768 ] } },
{ "type": "Feature", "properties": { "id": 3616, "left": 155000.0, "top": 35000.0, "right": 160000.0, "bottom": 40000.0, "row_index": 40, "col_index": 55 }, "geometry": { "type": "Point", "coordinates": [ 7.130519, 51.7927579 ] } },
{ "type": "Feature", "properties": { "id": 3617, "left": 155000.0, "top": 30000.0, "right": 160000.0, "bottom": 35000.0, "row_index": 41, "col_index": 55 }, "geometry": { "type": "Point", "coordinates": [ 7.1282875, 51.7478385 ] } },
{ "type": "Feature", "properties": { "id": 3618, "left": 155000.0, "top": 25000.0, "right": 160000.0, "bottom": 30000.0, "row_index": 42, "col_index": 55 }, "geometry": { "type": "Point", "coordinates": [ 7.1260617, 51.7029188 ] } },
{ "type": "Feature", "properties": { "id": 3619, "left": 155000.0, "top": 20000.0, "right": 160000.0, "bottom": 25000.0, "row_index": 43, "col_index": 55 }, "geometry": { "type": "Point", "coordinates": [ 7.1238417, 51.6579987 ] } },
{ "type": "Feature", "properties": { "id": 3620, "left": 155000.0, "top": 15000.0, "right": 160000.0, "bottom": 20000.0, "row_index": 44, "col_index": 55 }, "geometry": { "type": "Point", "coordinates": [ 7.1216275, 51.6130782 ] } },
{ "type": "Feature", "properties": { "id": 3621, "left": 155000.0, "top": 10000.0, "right": 160000.0, "bottom": 15000.0, "row_index": 45, "col_index": 55 }, "geometry": { "type": "Point", "coordinates": [ 7.119419, 51.5681573 ] } },
{ "type": "Feature", "properties": { "id": 3622, "left": 155000.0, "top": 5000.0, "right": 160000.0, "bottom": 10000.0, "row_index": 46, "col_index": 55 }, "geometry": { "type": "Point", "coordinates": [ 7.1172163, 51.523236 ] } },
{ "type": "Feature", "properties": { "id": 3623, "left": 155000.0, "top": 0.0, "right": 160000.0, "bottom": 5000.0, "row_index": 47, "col_index": 55 }, "geometry": { "type": "Point", "coordinates": [ 7.1150192, 51.4783143 ] } },
{ "type": "Feature", "properties": { "id": 3624, "left": 155000.0, "top": -5000.0, "right": 160000.0, "bottom": 0.0, "row_index": 48, "col_index": 55 }, "geometry": { "type": "Point", "coordinates": [ 7.1128278, 51.4333923 ] } },
{ "type": "Feature", "properties": { "id": 3625, "left": 155000.0, "top": -10000.0, "right": 160000.0, "bottom": -5000.0, "row_index": 49, "col_index": 55 }, "geometry": { "type": "Point", "coordinates": [ 7.1106421, 51.3884698 ] } },
{ "type": "Feature", "properties": { "id": 3626, "left": 155000.0, "top": -15000.0, "right": 160000.0, "bottom": -10000.0, "row_index": 50, "col_index": 55 }, "geometry": { "type": "Point", "coordinates": [ 7.108462, 51.343547 ] } },
{ "type": "Feature", "properties": { "id": 3627, "left": 155000.0, "top": -20000.0, "right": 160000.0, "bottom": -15000.0, "row_index": 51, "col_index": 55 }, "geometry": { "type": "Point", "coordinates": [ 7.1062876, 51.2986238 ] } },
{ "type": "Feature", "properties": { "id": 3628, "left": 155000.0, "top": -25000.0, "right": 160000.0, "bottom": -20000.0, "row_index": 52, "col_index": 55 }, "geometry": { "type": "Point", "coordinates": [ 7.1041187, 51.2537002 ] } },
{ "type": "Feature", "properties": { "id": 3629, "left": 155000.0, "top": -30000.0, "right": 160000.0, "bottom": -25000.0, "row_index": 53, "col_index": 55 }, "geometry": { "type": "Point", "coordinates": [ 7.1019554, 51.2087762 ] } },
{ "type": "Feature", "properties": { "id": 3630, "left": 155000.0, "top": -35000.0, "right": 160000.0, "bottom": -30000.0, "row_index": 54, "col_index": 55 }, "geometry": { "type": "Point", "coordinates": [ 7.0997977, 51.1638518 ] } },
{ "type": "Feature", "properties": { "id": 3631, "left": 155000.0, "top": -40000.0, "right": 160000.0, "bottom": -35000.0, "row_index": 55, "col_index": 55 }, "geometry": { "type": "Point", "coordinates": [ 7.0976456, 51.118927 ] } },
{ "type": "Feature", "properties": { "id": 3632, "left": 155000.0, "top": -45000.0, "right": 160000.0, "bottom": -40000.0, "row_index": 56, "col_index": 55 }, "geometry": { "type": "Point", "coordinates": [ 7.0954989, 51.0740019 ] } },
{ "type": "Feature", "properties": { "id": 3633, "left": 155000.0, "top": -50000.0, "right": 160000.0, "bottom": -45000.0, "row_index": 57, "col_index": 55 }, "geometry": { "type": "Point", "coordinates": [ 7.0933578, 51.0290764 ] } },
{ "type": "Feature", "properties": { "id": 3634, "left": 155000.0, "top": -55000.0, "right": 160000.0, "bottom": -50000.0, "row_index": 58, "col_index": 55 }, "geometry": { "type": "Point", "coordinates": [ 7.0912222, 50.9841504 ] } },
{ "type": "Feature", "properties": { "id": 3635, "left": 155000.0, "top": -60000.0, "right": 160000.0, "bottom": -55000.0, "row_index": 59, "col_index": 55 }, "geometry": { "type": "Point", "coordinates": [ 7.089092, 50.9392241 ] } },
{ "type": "Feature", "properties": { "id": 3636, "left": 155000.0, "top": -65000.0, "right": 160000.0, "bottom": -60000.0, "row_index": 60, "col_index": 55 }, "geometry": { "type": "Point", "coordinates": [ 7.0869673, 50.8942974 ] } },
{ "type": "Feature", "properties": { "id": 3637, "left": 155000.0, "top": -70000.0, "right": 160000.0, "bottom": -65000.0, "row_index": 61, "col_index": 55 }, "geometry": { "type": "Point", "coordinates": [ 7.084848, 50.8493704 ] } },
{ "type": "Feature", "properties": { "id": 3638, "left": 155000.0, "top": -75000.0, "right": 160000.0, "bottom": -70000.0, "row_index": 62, "col_index": 55 }, "geometry": { "type": "Point", "coordinates": [ 7.0827341, 50.8044429 ] } },
{ "type": "Feature", "properties": { "id": 3639, "left": 155000.0, "top": -80000.0, "right": 160000.0, "bottom": -75000.0, "row_index": 63, "col_index": 55 }, "geometry": { "type": "Point", "coordinates": [ 7.0806257, 50.759515 ] } },
{ "type": "Feature", "properties": { "id": 3640, "left": 155000.0, "top": -85000.0, "right": 160000.0, "bottom": -80000.0, "row_index": 64, "col_index": 55 }, "geometry": { "type": "Point", "coordinates": [ 7.0785226, 50.7145868 ] } },
{ "type": "Feature", "properties": { "id": 3641, "left": 160000.0, "top": 235000.0, "right": 165000.0, "bottom": 240000.0, "row_index": 0, "col_index": 56 }, "geometry": { "type": "Point", "coordinates": [ 7.3002418, 53.5877554 ] } },
{ "type": "Feature", "properties": { "id": 3642, "left": 160000.0, "top": 230000.0, "right": 165000.0, "bottom": 235000.0, "row_index": 1, "col_index": 56 }, "geometry": { "type": "Point", "coordinates": [ 7.2976811, 53.542853 ] } },
{ "type": "Feature", "properties": { "id": 3643, "left": 160000.0, "top": 225000.0, "right": 165000.0, "bottom": 230000.0, "row_index": 2, "col_index": 56 }, "geometry": { "type": "Point", "coordinates": [ 7.2951273, 53.4979502 ] } },
{ "type": "Feature", "properties": { "id": 3644, "left": 160000.0, "top": 220000.0, "right": 165000.0, "bottom": 225000.0, "row_index": 3, "col_index": 56 }, "geometry": { "type": "Point", "coordinates": [ 7.2925804, 53.453047 ] } },
{ "type": "Feature", "properties": { "id": 3645, "left": 160000.0, "top": 215000.0, "right": 165000.0, "bottom": 220000.0, "row_index": 4, "col_index": 56 }, "geometry": { "type": "Point", "coordinates": [ 7.2900403, 53.4081434 ] } },
{ "type": "Feature", "properties": { "id": 3646, "left": 160000.0, "top": 210000.0, "right": 165000.0, "bottom": 215000.0, "row_index": 5, "col_index": 56 }, "geometry": { "type": "Point", "coordinates": [ 7.2875071, 53.3632395 ] } },
{ "type": "Feature", "properties": { "id": 3647, "left": 160000.0, "top": 205000.0, "right": 165000.0, "bottom": 210000.0, "row_index": 6, "col_index": 56 }, "geometry": { "type": "Point", "coordinates": [ 7.2849806, 53.3183351 ] } },
{ "type": "Feature", "properties": { "id": 3648, "left": 160000.0, "top": 200000.0, "right": 165000.0, "bottom": 205000.0, "row_index": 7, "col_index": 56 }, "geometry": { "type": "Point", "coordinates": [ 7.2824609, 53.2734304 ] } },
{ "type": "Feature", "properties": { "id": 3649, "left": 160000.0, "top": 195000.0, "right": 165000.0, "bottom": 200000.0, "row_index": 8, "col_index": 56 }, "geometry": { "type": "Point", "coordinates": [ 7.279948, 53.2285253 ] } },
{ "type": "Feature", "properties": { "id": 3650, "left": 160000.0, "top": 190000.0, "right": 165000.0, "bottom": 195000.0, "row_index": 9, "col_index": 56 }, "geometry": { "type": "Point", "coordinates": [ 7.2774417, 53.1836197 ] } },
{ "type": "Feature", "properties": { "id": 3651, "left": 160000.0, "top": 185000.0, "right": 165000.0, "bottom": 190000.0, "row_index": 10, "col_index": 56 }, "geometry": { "type": "Point", "coordinates": [ 7.2749422, 53.1387138 ] } },
{ "type": "Feature", "properties": { "id": 3652, "left": 160000.0, "top": 180000.0, "right": 165000.0, "bottom": 185000.0, "row_index": 11, "col_index": 56 }, "geometry": { "type": "Point", "coordinates": [ 7.2724493, 53.0938075 ] } },
{ "type": "Feature", "properties": { "id": 3653, "left": 160000.0, "top": 175000.0, "right": 165000.0, "bottom": 180000.0, "row_index": 12, "col_index": 56 }, "geometry": { "type": "Point", "coordinates": [ 7.2699631, 53.0489008 ] } },
{ "type": "Feature", "properties": { "id": 3654, "left": 160000.0, "top": 170000.0, "right": 165000.0, "bottom": 175000.0, "row_index": 13, "col_index": 56 }, "geometry": { "type": "Point", "coordinates": [ 7.2674835, 53.0039938 ] } },
{ "type": "Feature", "properties": { "id": 3655, "left": 160000.0, "top": 165000.0, "right": 165000.0, "bottom": 170000.0, "row_index": 14, "col_index": 56 }, "geometry": { "type": "Point", "coordinates": [ 7.2650105, 52.9590863 ] } },
{ "type": "Feature", "properties": { "id": 3656, "left": 160000.0, "top": 160000.0, "right": 165000.0, "bottom": 165000.0, "row_index": 15, "col_index": 56 }, "geometry": { "type": "Point", "coordinates": [ 7.2625441, 52.9141785 ] } },
{ "type": "Feature", "properties": { "id": 3657, "left": 160000.0, "top": 155000.0, "right": 165000.0, "bottom": 160000.0, "row_index": 16, "col_index": 56 }, "geometry": { "type": "Point", "coordinates": [ 7.2600842, 52.8692702 ] } },
{ "type": "Feature", "properties": { "id": 3658, "left": 160000.0, "top": 150000.0, "right": 165000.0, "bottom": 155000.0, "row_index": 17, "col_index": 56 }, "geometry": { "type": "Point", "coordinates": [ 7.2576309, 52.8243616 ] } },
{ "type": "Feature", "properties": { "id": 3659, "left": 160000.0, "top": 145000.0, "right": 165000.0, "bottom": 150000.0, "row_index": 18, "col_index": 56 }, "geometry": { "type": "Point", "coordinates": [ 7.2551841, 52.7794526 ] } },
{ "type": "Feature", "properties": { "id": 3660, "left": 160000.0, "top": 140000.0, "right": 165000.0, "bottom": 145000.0, "row_index": 19, "col_index": 56 }, "geometry": { "type": "Point", "coordinates": [ 7.2527437, 52.7345432 ] } },
{ "type": "Feature", "properties": { "id": 3661, "left": 160000.0, "top": 135000.0, "right": 165000.0, "bottom": 140000.0, "row_index": 20, "col_index": 56 }, "geometry": { "type": "Point", "coordinates": [ 7.2503099, 52.6896334 ] } },
{ "type": "Feature", "properties": { "id": 3662, "left": 160000.0, "top": 130000.0, "right": 165000.0, "bottom": 135000.0, "row_index": 21, "col_index": 56 }, "geometry": { "type": "Point", "coordinates": [ 7.2478824, 52.6447232 ] } },
{ "type": "Feature", "properties": { "id": 3663, "left": 160000.0, "top": 125000.0, "right": 165000.0, "bottom": 130000.0, "row_index": 22, "col_index": 56 }, "geometry": { "type": "Point", "coordinates": [ 7.2454614, 52.5998126 ] } },
{ "type": "Feature", "properties": { "id": 3664, "left": 160000.0, "top": 120000.0, "right": 165000.0, "bottom": 125000.0, "row_index": 23, "col_index": 56 }, "geometry": { "type": "Point", "coordinates": [ 7.2430468, 52.5549016 ] } },
{ "type": "Feature", "properties": { "id": 3665, "left": 160000.0, "top": 115000.0, "right": 165000.0, "bottom": 120000.0, "row_index": 24, "col_index": 56 }, "geometry": { "type": "Point", "coordinates": [ 7.2406385, 52.5099903 ] } },
{ "type": "Feature", "properties": { "id": 3666, "left": 160000.0, "top": 110000.0, "right": 165000.0, "bottom": 115000.0, "row_index": 25, "col_index": 56 }, "geometry": { "type": "Point", "coordinates": [ 7.2382366, 52.4650785 ] } },
{ "type": "Feature", "properties": { "id": 3667, "left": 160000.0, "top": 105000.0, "right": 165000.0, "bottom": 110000.0, "row_index": 26, "col_index": 56 }, "geometry": { "type": "Point", "coordinates": [ 7.235841, 52.4201664 ] } },
{ "type": "Feature", "properties": { "id": 3668, "left": 160000.0, "top": 100000.0, "right": 165000.0, "bottom": 105000.0, "row_index": 27, "col_index": 56 }, "geometry": { "type": "Point", "coordinates": [ 7.2334517, 52.3752539 ] } },
{ "type": "Feature", "properties": { "id": 3669, "left": 160000.0, "top": 95000.0, "right": 165000.0, "bottom": 100000.0, "row_index": 28, "col_index": 56 }, "geometry": { "type": "Point", "coordinates": [ 7.2310687, 52.330341 ] } },
{ "type": "Feature", "properties": { "id": 3670, "left": 160000.0, "top": 90000.0, "right": 165000.0, "bottom": 95000.0, "row_index": 29, "col_index": 56 }, "geometry": { "type": "Point", "coordinates": [ 7.228692, 52.2854277 ] } },
{ "type": "Feature", "properties": { "id": 3671, "left": 160000.0, "top": 85000.0, "right": 165000.0, "bottom": 90000.0, "row_index": 30, "col_index": 56 }, "geometry": { "type": "Point", "coordinates": [ 7.2263215, 52.240514 ] } },
{ "type": "Feature", "properties": { "id": 3672, "left": 160000.0, "top": 80000.0, "right": 165000.0, "bottom": 85000.0, "row_index": 31, "col_index": 56 }, "geometry": { "type": "Point", "coordinates": [ 7.2239572, 52.1955999 ] } },
{ "type": "Feature", "properties": { "id": 3673, "left": 160000.0, "top": 75000.0, "right": 165000.0, "bottom": 80000.0, "row_index": 32, "col_index": 56 }, "geometry": { "type": "Point", "coordinates": [ 7.2215991, 52.1506854 ] } },
{ "type": "Feature", "properties": { "id": 3674, "left": 160000.0, "top": 70000.0, "right": 165000.0, "bottom": 75000.0, "row_index": 33, "col_index": 56 }, "geometry": { "type": "Point", "coordinates": [ 7.2192472, 52.1057706 ] } },
{ "type": "Feature", "properties": { "id": 3675, "left": 160000.0, "top": 65000.0, "right": 165000.0, "bottom": 70000.0, "row_index": 34, "col_index": 56 }, "geometry": { "type": "Point", "coordinates": [ 7.2169014, 52.0608553 ] } },
{ "type": "Feature", "properties": { "id": 3676, "left": 160000.0, "top": 60000.0, "right": 165000.0, "bottom": 65000.0, "row_index": 35, "col_index": 56 }, "geometry": { "type": "Point", "coordinates": [ 7.2145618, 52.0159397 ] } },
{ "type": "Feature", "properties": { "id": 3677, "left": 160000.0, "top": 55000.0, "right": 165000.0, "bottom": 60000.0, "row_index": 36, "col_index": 56 }, "geometry": { "type": "Point", "coordinates": [ 7.2122282, 51.9710237 ] } },
{ "type": "Feature", "properties": { "id": 3678, "left": 160000.0, "top": 50000.0, "right": 165000.0, "bottom": 55000.0, "row_index": 37, "col_index": 56 }, "geometry": { "type": "Point", "coordinates": [ 7.2099008, 51.9261072 ] } },
{ "type": "Feature", "properties": { "id": 3679, "left": 160000.0, "top": 45000.0, "right": 165000.0, "bottom": 50000.0, "row_index": 38, "col_index": 56 }, "geometry": { "type": "Point", "coordinates": [ 7.2075794, 51.8811904 ] } },
{ "type": "Feature", "properties": { "id": 3680, "left": 160000.0, "top": 40000.0, "right": 165000.0, "bottom": 45000.0, "row_index": 39, "col_index": 56 }, "geometry": { "type": "Point", "coordinates": [ 7.2052641, 51.8362732 ] } },
{ "type": "Feature", "properties": { "id": 3681, "left": 160000.0, "top": 35000.0, "right": 165000.0, "bottom": 40000.0, "row_index": 40, "col_index": 56 }, "geometry": { "type": "Point", "coordinates": [ 7.2029548, 51.7913557 ] } },
{ "type": "Feature", "properties": { "id": 3682, "left": 160000.0, "top": 30000.0, "right": 165000.0, "bottom": 35000.0, "row_index": 41, "col_index": 56 }, "geometry": { "type": "Point", "coordinates": [ 7.2006515, 51.7464377 ] } },
{ "type": "Feature", "properties": { "id": 3683, "left": 160000.0, "top": 25000.0, "right": 165000.0, "bottom": 30000.0, "row_index": 42, "col_index": 56 }, "geometry": { "type": "Point", "coordinates": [ 7.1983542, 51.7015193 ] } },
{ "type": "Feature", "properties": { "id": 3684, "left": 160000.0, "top": 20000.0, "right": 165000.0, "bottom": 25000.0, "row_index": 43, "col_index": 56 }, "geometry": { "type": "Point", "coordinates": [ 7.1960628, 51.6566006 ] } },
{ "type": "Feature", "properties": { "id": 3685, "left": 160000.0, "top": 15000.0, "right": 165000.0, "bottom": 20000.0, "row_index": 44, "col_index": 56 }, "geometry": { "type": "Point", "coordinates": [ 7.1937774, 51.6116814 ] } },
{ "type": "Feature", "properties": { "id": 3686, "left": 160000.0, "top": 10000.0, "right": 165000.0, "bottom": 15000.0, "row_index": 45, "col_index": 56 }, "geometry": { "type": "Point", "coordinates": [ 7.1914979, 51.5667619 ] } },
{ "type": "Feature", "properties": { "id": 3687, "left": 160000.0, "top": 5000.0, "right": 165000.0, "bottom": 10000.0, "row_index": 46, "col_index": 56 }, "geometry": { "type": "Point", "coordinates": [ 7.1892243, 51.521842 ] } },
{ "type": "Feature", "properties": { "id": 3688, "left": 160000.0, "top": 0.0, "right": 165000.0, "bottom": 5000.0, "row_index": 47, "col_index": 56 }, "geometry": { "type": "Point", "coordinates": [ 7.1869566, 51.4769217 ] } },
{ "type": "Feature", "properties": { "id": 3689, "left": 160000.0, "top": -5000.0, "right": 165000.0, "bottom": 0.0, "row_index": 48, "col_index": 56 }, "geometry": { "type": "Point", "coordinates": [ 7.1846948, 51.432001 ] } },
{ "type": "Feature", "properties": { "id": 3690, "left": 160000.0, "top": -10000.0, "right": 165000.0, "bottom": -5000.0, "row_index": 49, "col_index": 56 }, "geometry": { "type": "Point", "coordinates": [ 7.1824388, 51.3870799 ] } },
{ "type": "Feature", "properties": { "id": 3691, "left": 160000.0, "top": -15000.0, "right": 165000.0, "bottom": -10000.0, "row_index": 50, "col_index": 56 }, "geometry": { "type": "Point", "coordinates": [ 7.1801886, 51.3421584 ] } },
{ "type": "Feature", "properties": { "id": 3692, "left": 160000.0, "top": -20000.0, "right": 165000.0, "bottom": -15000.0, "row_index": 51, "col_index": 56 }, "geometry": { "type": "Point", "coordinates": [ 7.1779442, 51.2972366 ] } },
{ "type": "Feature", "properties": { "id": 3693, "left": 160000.0, "top": -25000.0, "right": 165000.0, "bottom": -20000.0, "row_index": 52, "col_index": 56 }, "geometry": { "type": "Point", "coordinates": [ 7.1757056, 51.2523143 ] } },
{ "type": "Feature", "properties": { "id": 3694, "left": 160000.0, "top": -30000.0, "right": 165000.0, "bottom": -25000.0, "row_index": 53, "col_index": 56 }, "geometry": { "type": "Point", "coordinates": [ 7.1734728, 51.2073917 ] } },
{ "type": "Feature", "properties": { "id": 3695, "left": 160000.0, "top": -35000.0, "right": 165000.0, "bottom": -30000.0, "row_index": 54, "col_index": 56 }, "geometry": { "type": "Point", "coordinates": [ 7.1712457, 51.1624686 ] } },
{ "type": "Feature", "properties": { "id": 3696, "left": 160000.0, "top": -40000.0, "right": 165000.0, "bottom": -35000.0, "row_index": 55, "col_index": 56 }, "geometry": { "type": "Point", "coordinates": [ 7.1690243, 51.1175452 ] } },
{ "type": "Feature", "properties": { "id": 3697, "left": 160000.0, "top": -45000.0, "right": 165000.0, "bottom": -40000.0, "row_index": 56, "col_index": 56 }, "geometry": { "type": "Point", "coordinates": [ 7.1668087, 51.0726214 ] } },
{ "type": "Feature", "properties": { "id": 3698, "left": 160000.0, "top": -50000.0, "right": 165000.0, "bottom": -45000.0, "row_index": 57, "col_index": 56 }, "geometry": { "type": "Point", "coordinates": [ 7.1645987, 51.0276972 ] } },
{ "type": "Feature", "properties": { "id": 3699, "left": 160000.0, "top": -55000.0, "right": 165000.0, "bottom": -50000.0, "row_index": 58, "col_index": 56 }, "geometry": { "type": "Point", "coordinates": [ 7.1623944, 50.9827726 ] } },
{ "type": "Feature", "properties": { "id": 3700, "left": 160000.0, "top": -60000.0, "right": 165000.0, "bottom": -55000.0, "row_index": 59, "col_index": 56 }, "geometry": { "type": "Point", "coordinates": [ 7.1601957, 50.9378476 ] } },
{ "type": "Feature", "properties": { "id": 3701, "left": 160000.0, "top": -65000.0, "right": 165000.0, "bottom": -60000.0, "row_index": 60, "col_index": 56 }, "geometry": { "type": "Point", "coordinates": [ 7.1580027, 50.8929222 ] } },
{ "type": "Feature", "properties": { "id": 3702, "left": 160000.0, "top": -70000.0, "right": 165000.0, "bottom": -65000.0, "row_index": 61, "col_index": 56 }, "geometry": { "type": "Point", "coordinates": [ 7.1558152, 50.8479965 ] } },
{ "type": "Feature", "properties": { "id": 3703, "left": 160000.0, "top": -75000.0, "right": 165000.0, "bottom": -70000.0, "row_index": 62, "col_index": 56 }, "geometry": { "type": "Point", "coordinates": [ 7.1536334, 50.8030703 ] } },
{ "type": "Feature", "properties": { "id": 3704, "left": 160000.0, "top": -80000.0, "right": 165000.0, "bottom": -75000.0, "row_index": 63, "col_index": 56 }, "geometry": { "type": "Point", "coordinates": [ 7.1514571, 50.7581438 ] } },
{ "type": "Feature", "properties": { "id": 3705, "left": 160000.0, "top": -85000.0, "right": 165000.0, "bottom": -80000.0, "row_index": 64, "col_index": 56 }, "geometry": { "type": "Point", "coordinates": [ 7.1492864, 50.7132169 ] } },
{ "type": "Feature", "properties": { "id": 3706, "left": 165000.0, "top": 235000.0, "right": 170000.0, "bottom": 240000.0, "row_index": 0, "col_index": 57 }, "geometry": { "type": "Point", "coordinates": [ 7.3757025, 53.5862496 ] } },
{ "type": "Feature", "properties": { "id": 3707, "left": 165000.0, "top": 230000.0, "right": 170000.0, "bottom": 235000.0, "row_index": 1, "col_index": 57 }, "geometry": { "type": "Point", "coordinates": [ 7.3730621, 53.5413488 ] } },
{ "type": "Feature", "properties": { "id": 3708, "left": 165000.0, "top": 225000.0, "right": 170000.0, "bottom": 230000.0, "row_index": 2, "col_index": 57 }, "geometry": { "type": "Point", "coordinates": [ 7.3704288, 53.4964475 ] } },
{ "type": "Feature", "properties": { "id": 3709, "left": 165000.0, "top": 220000.0, "right": 170000.0, "bottom": 225000.0, "row_index": 3, "col_index": 57 }, "geometry": { "type": "Point", "coordinates": [ 7.3678026, 53.4515458 ] } },
{ "type": "Feature", "properties": { "id": 3710, "left": 165000.0, "top": 215000.0, "right": 170000.0, "bottom": 220000.0, "row_index": 4, "col_index": 57 }, "geometry": { "type": "Point", "coordinates": [ 7.3651834, 53.4066438 ] } },
{ "type": "Feature", "properties": { "id": 3711, "left": 165000.0, "top": 210000.0, "right": 170000.0, "bottom": 215000.0, "row_index": 5, "col_index": 57 }, "geometry": { "type": "Point", "coordinates": [ 7.3625713, 53.3617414 ] } },
{ "type": "Feature", "properties": { "id": 3712, "left": 165000.0, "top": 205000.0, "right": 170000.0, "bottom": 210000.0, "row_index": 6, "col_index": 57 }, "geometry": { "type": "Point", "coordinates": [ 7.3599662, 53.3168385 ] } },
{ "type": "Feature", "properties": { "id": 3713, "left": 165000.0, "top": 200000.0, "right": 170000.0, "bottom": 205000.0, "row_index": 7, "col_index": 57 }, "geometry": { "type": "Point", "coordinates": [ 7.357368, 53.2719353 ] } },
{ "type": "Feature", "properties": { "id": 3714, "left": 165000.0, "top": 195000.0, "right": 170000.0, "bottom": 200000.0, "row_index": 8, "col_index": 57 }, "geometry": { "type": "Point", "coordinates": [ 7.3547768, 53.2270317 ] } },
{ "type": "Feature", "properties": { "id": 3715, "left": 165000.0, "top": 190000.0, "right": 170000.0, "bottom": 195000.0, "row_index": 9, "col_index": 57 }, "geometry": { "type": "Point", "coordinates": [ 7.3521925, 53.1821277 ] } },
{ "type": "Feature", "properties": { "id": 3716, "left": 165000.0, "top": 185000.0, "right": 170000.0, "bottom": 190000.0, "row_index": 10, "col_index": 57 }, "geometry": { "type": "Point", "coordinates": [ 7.3496152, 53.1372233 ] } },
{ "type": "Feature", "properties": { "id": 3717, "left": 165000.0, "top": 180000.0, "right": 170000.0, "bottom": 185000.0, "row_index": 11, "col_index": 57 }, "geometry": { "type": "Point", "coordinates": [ 7.3470447, 53.0923185 ] } },
{ "type": "Feature", "properties": { "id": 3718, "left": 165000.0, "top": 175000.0, "right": 170000.0, "bottom": 180000.0, "row_index": 12, "col_index": 57 }, "geometry": { "type": "Point", "coordinates": [ 7.344481, 53.0474133 ] } },
{ "type": "Feature", "properties": { "id": 3719, "left": 165000.0, "top": 170000.0, "right": 170000.0, "bottom": 175000.0, "row_index": 13, "col_index": 57 }, "geometry": { "type": "Point", "coordinates": [ 7.3419242, 53.0025077 ] } },
{ "type": "Feature", "properties": { "id": 3720, "left": 165000.0, "top": 165000.0, "right": 170000.0, "bottom": 170000.0, "row_index": 14, "col_index": 57 }, "geometry": { "type": "Point", "coordinates": [ 7.3393742, 52.9576018 ] } },
{ "type": "Feature", "properties": { "id": 3721, "left": 165000.0, "top": 160000.0, "right": 170000.0, "bottom": 165000.0, "row_index": 15, "col_index": 57 }, "geometry": { "type": "Point", "coordinates": [ 7.336831, 52.9126954 ] } },
{ "type": "Feature", "properties": { "id": 3722, "left": 165000.0, "top": 155000.0, "right": 170000.0, "bottom": 160000.0, "row_index": 16, "col_index": 57 }, "geometry": { "type": "Point", "coordinates": [ 7.3342946, 52.8677887 ] } },
{ "type": "Feature", "properties": { "id": 3723, "left": 165000.0, "top": 150000.0, "right": 170000.0, "bottom": 155000.0, "row_index": 17, "col_index": 57 }, "geometry": { "type": "Point", "coordinates": [ 7.3317648, 52.8228815 ] } },
{ "type": "Feature", "properties": { "id": 3724, "left": 165000.0, "top": 145000.0, "right": 170000.0, "bottom": 150000.0, "row_index": 18, "col_index": 57 }, "geometry": { "type": "Point", "coordinates": [ 7.3292418, 52.777974 ] } },
{ "type": "Feature", "properties": { "id": 3725, "left": 165000.0, "top": 140000.0, "right": 170000.0, "bottom": 145000.0, "row_index": 19, "col_index": 57 }, "geometry": { "type": "Point", "coordinates": [ 7.3267255, 52.7330661 ] } },
{ "type": "Feature", "properties": { "id": 3726, "left": 165000.0, "top": 135000.0, "right": 170000.0, "bottom": 140000.0, "row_index": 20, "col_index": 57 }, "geometry": { "type": "Point", "coordinates": [ 7.3242158, 52.6881577 ] } },
{ "type": "Feature", "properties": { "id": 3727, "left": 165000.0, "top": 130000.0, "right": 170000.0, "bottom": 135000.0, "row_index": 21, "col_index": 57 }, "geometry": { "type": "Point", "coordinates": [ 7.3217128, 52.643249 ] } },
{ "type": "Feature", "properties": { "id": 3728, "left": 165000.0, "top": 125000.0, "right": 170000.0, "bottom": 130000.0, "row_index": 22, "col_index": 57 }, "geometry": { "type": "Point", "coordinates": [ 7.3192164, 52.5983399 ] } },
{ "type": "Feature", "properties": { "id": 3729, "left": 165000.0, "top": 120000.0, "right": 170000.0, "bottom": 125000.0, "row_index": 23, "col_index": 57 }, "geometry": { "type": "Point", "coordinates": [ 7.3167265, 52.5534304 ] } },
{ "type": "Feature", "properties": { "id": 3730, "left": 165000.0, "top": 115000.0, "right": 170000.0, "bottom": 120000.0, "row_index": 24, "col_index": 57 }, "geometry": { "type": "Point", "coordinates": [ 7.3142433, 52.5085206 ] } },
{ "type": "Feature", "properties": { "id": 3731, "left": 165000.0, "top": 110000.0, "right": 170000.0, "bottom": 115000.0, "row_index": 25, "col_index": 57 }, "geometry": { "type": "Point", "coordinates": [ 7.3117666, 52.4636103 ] } },
{ "type": "Feature", "properties": { "id": 3732, "left": 165000.0, "top": 105000.0, "right": 170000.0, "bottom": 110000.0, "row_index": 26, "col_index": 57 }, "geometry": { "type": "Point", "coordinates": [ 7.3092964, 52.4186996 ] } },
{ "type": "Feature", "properties": { "id": 3733, "left": 165000.0, "top": 100000.0, "right": 170000.0, "bottom": 105000.0, "row_index": 27, "col_index": 57 }, "geometry": { "type": "Point", "coordinates": [ 7.3068327, 52.3737885 ] } },
{ "type": "Feature", "properties": { "id": 3734, "left": 165000.0, "top": 95000.0, "right": 170000.0, "bottom": 100000.0, "row_index": 28, "col_index": 57 }, "geometry": { "type": "Point", "coordinates": [ 7.3043755, 52.3288771 ] } },
{ "type": "Feature", "properties": { "id": 3735, "left": 165000.0, "top": 90000.0, "right": 170000.0, "bottom": 95000.0, "row_index": 29, "col_index": 57 }, "geometry": { "type": "Point", "coordinates": [ 7.3019247, 52.2839652 ] } },
{ "type": "Feature", "properties": { "id": 3736, "left": 165000.0, "top": 85000.0, "right": 170000.0, "bottom": 90000.0, "row_index": 30, "col_index": 57 }, "geometry": { "type": "Point", "coordinates": [ 7.2994804, 52.239053 ] } },
{ "type": "Feature", "properties": { "id": 3737, "left": 165000.0, "top": 80000.0, "right": 170000.0, "bottom": 85000.0, "row_index": 31, "col_index": 57 }, "geometry": { "type": "Point", "coordinates": [ 7.2970425, 52.1941404 ] } },
{ "type": "Feature", "properties": { "id": 3738, "left": 165000.0, "top": 75000.0, "right": 170000.0, "bottom": 80000.0, "row_index": 32, "col_index": 57 }, "geometry": { "type": "Point", "coordinates": [ 7.2946109, 52.1492273 ] } },
{ "type": "Feature", "properties": { "id": 3739, "left": 165000.0, "top": 70000.0, "right": 170000.0, "bottom": 75000.0, "row_index": 33, "col_index": 57 }, "geometry": { "type": "Point", "coordinates": [ 7.2921858, 52.1043139 ] } },
{ "type": "Feature", "properties": { "id": 3740, "left": 165000.0, "top": 65000.0, "right": 170000.0, "bottom": 70000.0, "row_index": 34, "col_index": 57 }, "geometry": { "type": "Point", "coordinates": [ 7.289767, 52.0594001 ] } },
{ "type": "Feature", "properties": { "id": 3741, "left": 165000.0, "top": 60000.0, "right": 170000.0, "bottom": 65000.0, "row_index": 35, "col_index": 57 }, "geometry": { "type": "Point", "coordinates": [ 7.2873545, 52.0144859 ] } },
{ "type": "Feature", "properties": { "id": 3742, "left": 165000.0, "top": 55000.0, "right": 170000.0, "bottom": 60000.0, "row_index": 36, "col_index": 57 }, "geometry": { "type": "Point", "coordinates": [ 7.2849483, 51.9695713 ] } },
{ "type": "Feature", "properties": { "id": 3743, "left": 165000.0, "top": 50000.0, "right": 170000.0, "bottom": 55000.0, "row_index": 37, "col_index": 57 }, "geometry": { "type": "Point", "coordinates": [ 7.2825483, 51.9246563 ] } },
{ "type": "Feature", "properties": { "id": 3744, "left": 165000.0, "top": 45000.0, "right": 170000.0, "bottom": 50000.0, "row_index": 38, "col_index": 57 }, "geometry": { "type": "Point", "coordinates": [ 7.2801547, 51.879741 ] } },
{ "type": "Feature", "properties": { "id": 3745, "left": 165000.0, "top": 40000.0, "right": 170000.0, "bottom": 45000.0, "row_index": 39, "col_index": 57 }, "geometry": { "type": "Point", "coordinates": [ 7.2777672, 51.8348252 ] } },
{ "type": "Feature", "properties": { "id": 3746, "left": 165000.0, "top": 35000.0, "right": 170000.0, "bottom": 40000.0, "row_index": 40, "col_index": 57 }, "geometry": { "type": "Point", "coordinates": [ 7.275386, 51.789909 ] } },
{ "type": "Feature", "properties": { "id": 3747, "left": 165000.0, "top": 30000.0, "right": 170000.0, "bottom": 35000.0, "row_index": 41, "col_index": 57 }, "geometry": { "type": "Point", "coordinates": [ 7.273011, 51.7449925 ] } },
{ "type": "Feature", "properties": { "id": 3748, "left": 165000.0, "top": 25000.0, "right": 170000.0, "bottom": 30000.0, "row_index": 42, "col_index": 57 }, "geometry": { "type": "Point", "coordinates": [ 7.2706421, 51.7000755 ] } },
{ "type": "Feature", "properties": { "id": 3749, "left": 165000.0, "top": 20000.0, "right": 170000.0, "bottom": 25000.0, "row_index": 43, "col_index": 57 }, "geometry": { "type": "Point", "coordinates": [ 7.2682794, 51.6551582 ] } },
{ "type": "Feature", "properties": { "id": 3750, "left": 165000.0, "top": 15000.0, "right": 170000.0, "bottom": 20000.0, "row_index": 44, "col_index": 57 }, "geometry": { "type": "Point", "coordinates": [ 7.2659228, 51.6102405 ] } },
{ "type": "Feature", "properties": { "id": 3751, "left": 165000.0, "top": 10000.0, "right": 170000.0, "bottom": 15000.0, "row_index": 45, "col_index": 57 }, "geometry": { "type": "Point", "coordinates": [ 7.2635723, 51.5653223 ] } },
{ "type": "Feature", "properties": { "id": 3752, "left": 165000.0, "top": 5000.0, "right": 170000.0, "bottom": 10000.0, "row_index": 46, "col_index": 57 }, "geometry": { "type": "Point", "coordinates": [ 7.2612279, 51.5204038 ] } },
{ "type": "Feature", "properties": { "id": 3753, "left": 165000.0, "top": 0.0, "right": 170000.0, "bottom": 5000.0, "row_index": 47, "col_index": 57 }, "geometry": { "type": "Point", "coordinates": [ 7.2588896, 51.4754849 ] } },
{ "type": "Feature", "properties": { "id": 3754, "left": 165000.0, "top": -5000.0, "right": 170000.0, "bottom": 0.0, "row_index": 48, "col_index": 57 }, "geometry": { "type": "Point", "coordinates": [ 7.2565573, 51.4305656 ] } },
{ "type": "Feature", "properties": { "id": 3755, "left": 165000.0, "top": -10000.0, "right": 170000.0, "bottom": -5000.0, "row_index": 49, "col_index": 57 }, "geometry": { "type": "Point", "coordinates": [ 7.254231, 51.3856459 ] } },
{ "type": "Feature", "properties": { "id": 3756, "left": 165000.0, "top": -15000.0, "right": 170000.0, "bottom": -10000.0, "row_index": 50, "col_index": 57 }, "geometry": { "type": "Point", "coordinates": [ 7.2519108, 51.3407258 ] } },
{ "type": "Feature", "properties": { "id": 3757, "left": 165000.0, "top": -20000.0, "right": 170000.0, "bottom": -15000.0, "row_index": 51, "col_index": 57 }, "geometry": { "type": "Point", "coordinates": [ 7.2495965, 51.2958054 ] } },
{ "type": "Feature", "properties": { "id": 3758, "left": 165000.0, "top": -25000.0, "right": 170000.0, "bottom": -20000.0, "row_index": 52, "col_index": 57 }, "geometry": { "type": "Point", "coordinates": [ 7.2472882, 51.2508845 ] } },
{ "type": "Feature", "properties": { "id": 3759, "left": 165000.0, "top": -30000.0, "right": 170000.0, "bottom": -25000.0, "row_index": 53, "col_index": 57 }, "geometry": { "type": "Point", "coordinates": [ 7.2449858, 51.2059632 ] } },
{ "type": "Feature", "properties": { "id": 3760, "left": 165000.0, "top": -35000.0, "right": 170000.0, "bottom": -30000.0, "row_index": 54, "col_index": 57 }, "geometry": { "type": "Point", "coordinates": [ 7.2426893, 51.1610416 ] } },
{ "type": "Feature", "properties": { "id": 3761, "left": 165000.0, "top": -40000.0, "right": 170000.0, "bottom": -35000.0, "row_index": 55, "col_index": 57 }, "geometry": { "type": "Point", "coordinates": [ 7.2403988, 51.1161195 ] } },
{ "type": "Feature", "properties": { "id": 3762, "left": 165000.0, "top": -45000.0, "right": 170000.0, "bottom": -40000.0, "row_index": 56, "col_index": 57 }, "geometry": { "type": "Point", "coordinates": [ 7.2381141, 51.0711971 ] } },
{ "type": "Feature", "properties": { "id": 3763, "left": 165000.0, "top": -50000.0, "right": 170000.0, "bottom": -45000.0, "row_index": 57, "col_index": 57 }, "geometry": { "type": "Point", "coordinates": [ 7.2358353, 51.0262743 ] } },
{ "type": "Feature", "properties": { "id": 3764, "left": 165000.0, "top": -55000.0, "right": 170000.0, "bottom": -50000.0, "row_index": 58, "col_index": 57 }, "geometry": { "type": "Point", "coordinates": [ 7.2335623, 50.9813511 ] } },
{ "type": "Feature", "properties": { "id": 3765, "left": 165000.0, "top": -60000.0, "right": 170000.0, "bottom": -55000.0, "row_index": 59, "col_index": 57 }, "geometry": { "type": "Point", "coordinates": [ 7.2312952, 50.9364274 ] } },
{ "type": "Feature", "properties": { "id": 3766, "left": 165000.0, "top": -65000.0, "right": 170000.0, "bottom": -60000.0, "row_index": 60, "col_index": 57 }, "geometry": { "type": "Point", "coordinates": [ 7.2290338, 50.8915034 ] } },
{ "type": "Feature", "properties": { "id": 3767, "left": 165000.0, "top": -70000.0, "right": 170000.0, "bottom": -65000.0, "row_index": 61, "col_index": 57 }, "geometry": { "type": "Point", "coordinates": [ 7.2267783, 50.8465791 ] } },
{ "type": "Feature", "properties": { "id": 3768, "left": 165000.0, "top": -75000.0, "right": 170000.0, "bottom": -70000.0, "row_index": 62, "col_index": 57 }, "geometry": { "type": "Point", "coordinates": [ 7.2245285, 50.8016543 ] } },
{ "type": "Feature", "properties": { "id": 3769, "left": 165000.0, "top": -80000.0, "right": 170000.0, "bottom": -75000.0, "row_index": 63, "col_index": 57 }, "geometry": { "type": "Point", "coordinates": [ 7.2222844, 50.7567291 ] } },
{ "type": "Feature", "properties": { "id": 3770, "left": 165000.0, "top": -85000.0, "right": 170000.0, "bottom": -80000.0, "row_index": 64, "col_index": 57 }, "geometry": { "type": "Point", "coordinates": [ 7.2200461, 50.7118035 ] } }
]
}
